,groupby,group,source,method,metric,score,ci,net
0,,,,gsea_estimate,auroc,0.6032207608222961,0.0013054830287206266,collecTRI_weights
1,,,,gsea_estimate,auprc,0.5568223595619202,0.0013054830287206266,collecTRI_weights
2,,,,gsea_estimate,mcauroc,0.6005577445030212,0.0013054830287206266,collecTRI_weights
3,,,,gsea_estimate,mcauroc,0.6423094272613525,0.0013054830287206266,collecTRI_weights
4,,,,gsea_estimate,mcauroc,0.6101028919219971,0.0013054830287206266,collecTRI_weights
5,,,,gsea_estimate,mcauroc,0.5995684862136841,0.0013054830287206266,collecTRI_weights
6,,,,gsea_estimate,mcauroc,0.6264565587043762,0.0013054830287206266,collecTRI_weights
7,,,,gsea_estimate,mcauroc,0.6073408722877502,0.0013054830287206266,collecTRI_weights
8,,,,gsea_estimate,mcauroc,0.619750440120697,0.0013054830287206266,collecTRI_weights
9,,,,gsea_estimate,mcauroc,0.5864519476890564,0.0013054830287206266,collecTRI_weights
10,,,,gsea_estimate,mcauroc,0.5812874436378479,0.0013054830287206266,collecTRI_weights
11,,,,gsea_estimate,mcauroc,0.594609797000885,0.0013054830287206266,collecTRI_weights
12,,,,gsea_estimate,mcauroc,0.6263535022735596,0.0013054830287206266,collecTRI_weights
13,,,,gsea_estimate,mcauroc,0.5891239643096924,0.0013054830287206266,collecTRI_weights
14,,,,gsea_estimate,mcauroc,0.5572514533996582,0.0013054830287206266,collecTRI_weights
15,,,,gsea_estimate,mcauroc,0.608933687210083,0.0013054830287206266,collecTRI_weights
16,,,,gsea_estimate,mcauroc,0.5900105237960815,0.0013054830287206266,collecTRI_weights
17,,,,gsea_estimate,mcauroc,0.6001335978507996,0.0013054830287206266,collecTRI_weights
18,,,,gsea_estimate,mcauroc,0.5868372321128845,0.0013054830287206266,collecTRI_weights
19,,,,gsea_estimate,mcauroc,0.5904604196548462,0.0013054830287206266,collecTRI_weights
20,,,,gsea_estimate,mcauroc,0.6179779171943665,0.0013054830287206266,collecTRI_weights
21,,,,gsea_estimate,mcauroc,0.6049511432647705,0.0013054830287206266,collecTRI_weights
22,,,,gsea_estimate,mcauroc,0.593170702457428,0.0013054830287206266,collecTRI_weights
23,,,,gsea_estimate,mcauroc,0.6173097491264343,0.0013054830287206266,collecTRI_weights
24,,,,gsea_estimate,mcauroc,0.6087024211883545,0.0013054830287206266,collecTRI_weights
25,,,,gsea_estimate,mcauroc,0.6142135858535767,0.0013054830287206266,collecTRI_weights
26,,,,gsea_estimate,mcauroc,0.6192752718925476,0.0013054830287206266,collecTRI_weights
27,,,,gsea_estimate,mcauroc,0.5931193232536316,0.0013054830287206266,collecTRI_weights
28,,,,gsea_estimate,mcauroc,0.639778733253479,0.0013054830287206266,collecTRI_weights
29,,,,gsea_estimate,mcauroc,0.5833302140235901,0.0013054830287206266,collecTRI_weights
30,,,,gsea_estimate,mcauroc,0.61953204870224,0.0013054830287206266,collecTRI_weights
31,,,,gsea_estimate,mcauroc,0.6090235710144043,0.0013054830287206266,collecTRI_weights
32,,,,gsea_estimate,mcauroc,0.6195319890975952,0.0013054830287206266,collecTRI_weights
33,,,,gsea_estimate,mcauroc,0.5996070504188538,0.0013054830287206266,collecTRI_weights
34,,,,gsea_estimate,mcauroc,0.6059146523475647,0.0013054830287206266,collecTRI_weights
35,,,,gsea_estimate,mcauroc,0.6154599189758301,0.0013054830287206266,collecTRI_weights
36,,,,gsea_estimate,mcauroc,0.6292569637298584,0.0013054830287206266,collecTRI_weights
37,,,,gsea_estimate,mcauroc,0.633689284324646,0.0013054830287206266,collecTRI_weights
38,,,,gsea_estimate,mcauroc,0.6093704104423523,0.0013054830287206266,collecTRI_weights
39,,,,gsea_estimate,mcauroc,0.6443389654159546,0.0013054830287206266,collecTRI_weights
40,,,,gsea_estimate,mcauroc,0.6099870800971985,0.0013054830287206266,collecTRI_weights
41,,,,gsea_estimate,mcauroc,0.5987720489501953,0.0013054830287206266,collecTRI_weights
42,,,,gsea_estimate,mcauroc,0.6150873899459839,0.0013054830287206266,collecTRI_weights
43,,,,gsea_estimate,mcauroc,0.5996711850166321,0.0013054830287206266,collecTRI_weights
44,,,,gsea_estimate,mcauroc,0.6144706010818481,0.0013054830287206266,collecTRI_weights
45,,,,gsea_estimate,mcauroc,0.5827006697654724,0.0013054830287206266,collecTRI_weights
46,,,,gsea_estimate,mcauroc,0.6149460077285767,0.0013054830287206266,collecTRI_weights
47,,,,gsea_estimate,mcauroc,0.577536404132843,0.0013054830287206266,collecTRI_weights
48,,,,gsea_estimate,mcauroc,0.6044631004333496,0.0013054830287206266,collecTRI_weights
49,,,,gsea_estimate,mcauroc,0.5865417718887329,0.0013054830287206266,collecTRI_weights
50,,,,gsea_estimate,mcauroc,0.6335094571113586,0.0013054830287206266,collecTRI_weights
51,,,,gsea_estimate,mcauroc,0.6242339015007019,0.0013054830287206266,collecTRI_weights
52,,,,gsea_estimate,mcauroc,0.6019577980041504,0.0013054830287206266,collecTRI_weights
53,,,,gsea_estimate,mcauroc,0.5891626477241516,0.0013054830287206266,collecTRI_weights
54,,,,gsea_estimate,mcauroc,0.5814032554626465,0.0013054830287206266,collecTRI_weights
55,,,,gsea_estimate,mcauroc,0.6049766540527344,0.0013054830287206266,collecTRI_weights
56,,,,gsea_estimate,mcauroc,0.6190694570541382,0.0013054830287206266,collecTRI_weights
57,,,,gsea_estimate,mcauroc,0.5935049057006836,0.0013054830287206266,collecTRI_weights
58,,,,gsea_estimate,mcauroc,0.6023046374320984,0.0013054830287206266,collecTRI_weights
59,,,,gsea_estimate,mcauroc,0.5796560049057007,0.0013054830287206266,collecTRI_weights
60,,,,gsea_estimate,mcauroc,0.6036151647567749,0.0013054830287206266,collecTRI_weights
61,,,,gsea_estimate,mcauroc,0.5955859422683716,0.0013054830287206266,collecTRI_weights
62,,,,gsea_estimate,mcauroc,0.592143177986145,0.0013054830287206266,collecTRI_weights
63,,,,gsea_estimate,mcauroc,0.6249536275863647,0.0013054830287206266,collecTRI_weights
64,,,,gsea_estimate,mcauroc,0.6190183758735657,0.0013054830287206266,collecTRI_weights
65,,,,gsea_estimate,mcauroc,0.6116442680358887,0.0013054830287206266,collecTRI_weights
66,,,,gsea_estimate,mcauroc,0.603075385093689,0.0013054830287206266,collecTRI_weights
67,,,,gsea_estimate,mcauroc,0.6138666868209839,0.0013054830287206266,collecTRI_weights
68,,,,gsea_estimate,mcauroc,0.6023433804512024,0.0013054830287206266,collecTRI_weights
69,,,,gsea_estimate,mcauroc,0.5782559514045715,0.0013054830287206266,collecTRI_weights
70,,,,gsea_estimate,mcauroc,0.6137768030166626,0.0013054830287206266,collecTRI_weights
71,,,,gsea_estimate,mcauroc,0.6351022124290466,0.0013054830287206266,collecTRI_weights
72,,,,gsea_estimate,mcauroc,0.62583988904953,0.0013054830287206266,collecTRI_weights
73,,,,gsea_estimate,mcauroc,0.5921171307563782,0.0013054830287206266,collecTRI_weights
74,,,,gsea_estimate,mcauroc,0.5896892547607422,0.0013054830287206266,collecTRI_weights
75,,,,gsea_estimate,mcauroc,0.6083299517631531,0.0013054830287206266,collecTRI_weights
76,,,,gsea_estimate,mcauroc,0.628974199295044,0.0013054830287206266,collecTRI_weights
77,,,,gsea_estimate,mcauroc,0.5979753732681274,0.0013054830287206266,collecTRI_weights
78,,,,gsea_estimate,mcauroc,0.6032809615135193,0.0013054830287206266,collecTRI_weights
79,,,,gsea_estimate,mcauroc,0.6200590133666992,0.0013054830287206266,collecTRI_weights
80,,,,gsea_estimate,mcauroc,0.6345370411872864,0.0013054830287206266,collecTRI_weights
81,,,,gsea_estimate,mcauroc,0.5952905416488647,0.0013054830287206266,collecTRI_weights
82,,,,gsea_estimate,mcauroc,0.5982195734977722,0.0013054830287206266,collecTRI_weights
83,,,,gsea_estimate,mcauroc,0.6068139672279358,0.0013054830287206266,collecTRI_weights
84,,,,gsea_estimate,mcauroc,0.6203028559684753,0.0013054830287206266,collecTRI_weights
85,,,,gsea_estimate,mcauroc,0.615485429763794,0.0013054830287206266,collecTRI_weights
86,,,,gsea_estimate,mcauroc,0.6008656024932861,0.0013054830287206266,collecTRI_weights
87,,,,gsea_estimate,mcauroc,0.6033453941345215,0.0013054830287206266,collecTRI_weights
88,,,,gsea_estimate,mcauroc,0.5743116140365601,0.0013054830287206266,collecTRI_weights
89,,,,gsea_estimate,mcauroc,0.5947121381759644,0.0013054830287206266,collecTRI_weights
90,,,,gsea_estimate,mcauroc,0.608008623123169,0.0013054830287206266,collecTRI_weights
91,,,,gsea_estimate,mcauroc,0.5959841012954712,0.0013054830287206266,collecTRI_weights
92,,,,gsea_estimate,mcauroc,0.5839725732803345,0.0013054830287206266,collecTRI_weights
93,,,,gsea_estimate,mcauroc,0.595508873462677,0.0013054830287206266,collecTRI_weights
94,,,,gsea_estimate,mcauroc,0.5651649236679077,0.0013054830287206266,collecTRI_weights
95,,,,gsea_estimate,mcauroc,0.6242985129356384,0.0013054830287206266,collecTRI_weights
96,,,,gsea_estimate,mcauroc,0.5683124661445618,0.0013054830287206266,collecTRI_weights
97,,,,gsea_estimate,mcauroc,0.6037304997444153,0.0013054830287206266,collecTRI_weights
98,,,,gsea_estimate,mcauroc,0.5885844230651855,0.0013054830287206266,collecTRI_weights
99,,,,gsea_estimate,mcauroc,0.6134045124053955,0.0013054830287206266,collecTRI_weights
100,,,,gsea_estimate,mcauroc,0.6235531568527222,0.0013054830287206266,collecTRI_weights
101,,,,gsea_estimate,mcauroc,0.5941729545593262,0.0013054830287206266,collecTRI_weights
102,,,,gsea_estimate,mcauroc,0.6138796210289001,0.0013054830287206266,collecTRI_weights
103,,,,gsea_estimate,mcauroc,0.5691730380058289,0.0013054830287206266,collecTRI_weights
104,,,,gsea_estimate,mcauroc,0.6063643097877502,0.0013054830287206266,collecTRI_weights
105,,,,gsea_estimate,mcauroc,0.6308757066726685,0.0013054830287206266,collecTRI_weights
106,,,,gsea_estimate,mcauroc,0.6364513635635376,0.0013054830287206266,collecTRI_weights
107,,,,gsea_estimate,mcauroc,0.5559282302856445,0.0013054830287206266,collecTRI_weights
108,,,,gsea_estimate,mcauroc,0.6118627786636353,0.0013054830287206266,collecTRI_weights
109,,,,gsea_estimate,mcauroc,0.6115414500236511,0.0013054830287206266,collecTRI_weights
110,,,,gsea_estimate,mcauroc,0.6214851140975952,0.0013054830287206266,collecTRI_weights
111,,,,gsea_estimate,mcauroc,0.5834458470344543,0.0013054830287206266,collecTRI_weights
112,,,,gsea_estimate,mcauroc,0.6073534488677979,0.0013054830287206266,collecTRI_weights
113,,,,gsea_estimate,mcauroc,0.6101284623146057,0.0013054830287206266,collecTRI_weights
114,,,,gsea_estimate,mcauroc,0.6213434338569641,0.0013054830287206266,collecTRI_weights
115,,,,gsea_estimate,mcauroc,0.6183758974075317,0.0013054830287206266,collecTRI_weights
116,,,,gsea_estimate,mcauroc,0.5964852571487427,0.0013054830287206266,collecTRI_weights
117,,,,gsea_estimate,mcauroc,0.5821740031242371,0.0013054830287206266,collecTRI_weights
118,,,,gsea_estimate,mcauroc,0.6076876521110535,0.0013054830287206266,collecTRI_weights
119,,,,gsea_estimate,mcauroc,0.6009301543235779,0.0013054830287206266,collecTRI_weights
120,,,,gsea_estimate,mcauroc,0.6153955459594727,0.0013054830287206266,collecTRI_weights
121,,,,gsea_estimate,mcauroc,0.6046814918518066,0.0013054830287206266,collecTRI_weights
122,,,,gsea_estimate,mcauroc,0.587813675403595,0.0013054830287206266,collecTRI_weights
123,,,,gsea_estimate,mcauroc,0.6223967671394348,0.0013054830287206266,collecTRI_weights
124,,,,gsea_estimate,mcauroc,0.5793735384941101,0.0013054830287206266,collecTRI_weights
125,,,,gsea_estimate,mcauroc,0.6054137945175171,0.0013054830287206266,collecTRI_weights
126,,,,gsea_estimate,mcauroc,0.6054907441139221,0.0013054830287206266,collecTRI_weights
127,,,,gsea_estimate,mcauroc,0.6052723526954651,0.0013054830287206266,collecTRI_weights
128,,,,gsea_estimate,mcauroc,0.6184658408164978,0.0013054830287206266,collecTRI_weights
129,,,,gsea_estimate,mcauroc,0.6138797402381897,0.0013054830287206266,collecTRI_weights
130,,,,gsea_estimate,mcauroc,0.5755066275596619,0.0013054830287206266,collecTRI_weights
131,,,,gsea_estimate,mcauroc,0.5629810094833374,0.0013054830287206266,collecTRI_weights
132,,,,gsea_estimate,mcauroc,0.6365541219711304,0.0013054830287206266,collecTRI_weights
133,,,,gsea_estimate,mcauroc,0.5605915188789368,0.0013054830287206266,collecTRI_weights
134,,,,gsea_estimate,mcauroc,0.6072123050689697,0.0013054830287206266,collecTRI_weights
135,,,,gsea_estimate,mcauroc,0.6339460611343384,0.0013054830287206266,collecTRI_weights
136,,,,gsea_estimate,mcauroc,0.6298221945762634,0.0013054830287206266,collecTRI_weights
137,,,,gsea_estimate,mcauroc,0.6105393767356873,0.0013054830287206266,collecTRI_weights
138,,,,gsea_estimate,mcauroc,0.6184404492378235,0.0013054830287206266,collecTRI_weights
139,,,,gsea_estimate,mcauroc,0.5855013132095337,0.0013054830287206266,collecTRI_weights
140,,,,gsea_estimate,mcauroc,0.6334065198898315,0.0013054830287206266,collecTRI_weights
141,,,,gsea_estimate,mcauroc,0.6041033267974854,0.0013054830287206266,collecTRI_weights
142,,,,gsea_estimate,mcauroc,0.6549893021583557,0.0013054830287206266,collecTRI_weights
143,,,,gsea_estimate,mcauroc,0.5851029753684998,0.0013054830287206266,collecTRI_weights
144,,,,gsea_estimate,mcauroc,0.5924769639968872,0.0013054830287206266,collecTRI_weights
145,,,,gsea_estimate,mcauroc,0.5792578458786011,0.0013054830287206266,collecTRI_weights
146,,,,gsea_estimate,mcauroc,0.6019322276115417,0.0013054830287206266,collecTRI_weights
147,,,,gsea_estimate,mcauroc,0.5826494097709656,0.0013054830287206266,collecTRI_weights
148,,,,gsea_estimate,mcauroc,0.6120295524597168,0.0013054830287206266,collecTRI_weights
149,,,,gsea_estimate,mcauroc,0.6139435172080994,0.0013054830287206266,collecTRI_weights
150,,,,gsea_estimate,mcauroc,0.5726160407066345,0.0013054830287206266,collecTRI_weights
151,,,,gsea_estimate,mcauroc,0.6305289268493652,0.0013054830287206266,collecTRI_weights
152,,,,gsea_estimate,mcauroc,0.6292698979377747,0.0013054830287206266,collecTRI_weights
153,,,,gsea_estimate,mcauroc,0.6109760999679565,0.0013054830287206266,collecTRI_weights
154,,,,gsea_estimate,mcauroc,0.6215488314628601,0.0013054830287206266,collecTRI_weights
155,,,,gsea_estimate,mcauroc,0.6081756949424744,0.0013054830287206266,collecTRI_weights
156,,,,gsea_estimate,mcauroc,0.6013928651809692,0.0013054830287206266,collecTRI_weights
157,,,,gsea_estimate,mcauroc,0.5783714056015015,0.0013054830287206266,collecTRI_weights
158,,,,gsea_estimate,mcauroc,0.6015082597732544,0.0013054830287206266,collecTRI_weights
159,,,,gsea_estimate,mcauroc,0.6062615513801575,0.0013054830287206266,collecTRI_weights
160,,,,gsea_estimate,mcauroc,0.5894449949264526,0.0013054830287206266,collecTRI_weights
161,,,,gsea_estimate,mcauroc,0.5954446196556091,0.0013054830287206266,collecTRI_weights
162,,,,gsea_estimate,mcauroc,0.5917576551437378,0.0013054830287206266,collecTRI_weights
163,,,,gsea_estimate,mcauroc,0.5947250127792358,0.0013054830287206266,collecTRI_weights
164,,,,gsea_estimate,mcauroc,0.6230136752128601,0.0013054830287206266,collecTRI_weights
165,,,,gsea_estimate,mcauroc,0.5832017660140991,0.0013054830287206266,collecTRI_weights
166,,,,gsea_estimate,mcauroc,0.6064479351043701,0.0013054830287206266,collecTRI_weights
167,,,,gsea_estimate,mcauroc,0.5610153675079346,0.0013054830287206266,collecTRI_weights
168,,,,gsea_estimate,mcauroc,0.6163461208343506,0.0013054830287206266,collecTRI_weights
169,,,,gsea_estimate,mcauroc,0.588764488697052,0.0013054830287206266,collecTRI_weights
170,,,,gsea_estimate,mcauroc,0.5947893857955933,0.0013054830287206266,collecTRI_weights
171,,,,gsea_estimate,mcauroc,0.6176438331604004,0.0013054830287206266,collecTRI_weights
172,,,,gsea_estimate,mcauroc,0.6332522034645081,0.0013054830287206266,collecTRI_weights
173,,,,gsea_estimate,mcauroc,0.5920788645744324,0.0013054830287206266,collecTRI_weights
174,,,,gsea_estimate,mcauroc,0.5908970236778259,0.0013054830287206266,collecTRI_weights
175,,,,gsea_estimate,mcauroc,0.584794819355011,0.0013054830287206266,collecTRI_weights
176,,,,gsea_estimate,mcauroc,0.6281138062477112,0.0013054830287206266,collecTRI_weights
177,,,,gsea_estimate,mcauroc,0.6150356531143188,0.0013054830287206266,collecTRI_weights
178,,,,gsea_estimate,mcauroc,0.5754678845405579,0.0013054830287206266,collecTRI_weights
179,,,,gsea_estimate,mcauroc,0.5649206638336182,0.0013054830287206266,collecTRI_weights
180,,,,gsea_estimate,mcauroc,0.5951489806175232,0.0013054830287206266,collecTRI_weights
181,,,,gsea_estimate,mcauroc,0.6004678010940552,0.0013054830287206266,collecTRI_weights
182,,,,gsea_estimate,mcauroc,0.606299877166748,0.0013054830287206266,collecTRI_weights
183,,,,gsea_estimate,mcauroc,0.6305673122406006,0.0013054830287206266,collecTRI_weights
184,,,,gsea_estimate,mcauroc,0.6209836602210999,0.0013054830287206266,collecTRI_weights
185,,,,gsea_estimate,mcauroc,0.5939157009124756,0.0013054830287206266,collecTRI_weights
186,,,,gsea_estimate,mcauroc,0.606711208820343,0.0013054830287206266,collecTRI_weights
187,,,,gsea_estimate,mcauroc,0.6238616108894348,0.0013054830287206266,collecTRI_weights
188,,,,gsea_estimate,mcauroc,0.6312868595123291,0.0013054830287206266,collecTRI_weights
189,,,,gsea_estimate,mcauroc,0.5970116853713989,0.0013054830287206266,collecTRI_weights
190,,,,gsea_estimate,mcauroc,0.5979625582695007,0.0013054830287206266,collecTRI_weights
191,,,,gsea_estimate,mcauroc,0.6254801154136658,0.0013054830287206266,collecTRI_weights
192,,,,gsea_estimate,mcauroc,0.6064541339874268,0.0013054830287206266,collecTRI_weights
193,,,,gsea_estimate,mcauroc,0.5953162312507629,0.0013054830287206266,collecTRI_weights
194,,,,gsea_estimate,mcauroc,0.6307089328765869,0.0013054830287206266,collecTRI_weights
195,,,,gsea_estimate,mcauroc,0.5972432494163513,0.0013054830287206266,collecTRI_weights
196,,,,gsea_estimate,mcauroc,0.6268550157546997,0.0013054830287206266,collecTRI_weights
197,,,,gsea_estimate,mcauroc,0.5873125791549683,0.0013054830287206266,collecTRI_weights
198,,,,gsea_estimate,mcauroc,0.6103854179382324,0.0013054830287206266,collecTRI_weights
199,,,,gsea_estimate,mcauroc,0.6273301243782043,0.0013054830287206266,collecTRI_weights
200,,,,gsea_estimate,mcauroc,0.6054136157035828,0.0013054830287206266,collecTRI_weights
201,,,,gsea_estimate,mcauroc,0.6053110361099243,0.0013054830287206266,collecTRI_weights
202,,,,gsea_estimate,mcauroc,0.5734768509864807,0.0013054830287206266,collecTRI_weights
203,,,,gsea_estimate,mcauroc,0.6017651557922363,0.0013054830287206266,collecTRI_weights
204,,,,gsea_estimate,mcauroc,0.577318012714386,0.0013054830287206266,collecTRI_weights
205,,,,gsea_estimate,mcauroc,0.5982711315155029,0.0013054830287206266,collecTRI_weights
206,,,,gsea_estimate,mcauroc,0.5776903629302979,0.0013054830287206266,collecTRI_weights
207,,,,gsea_estimate,mcauroc,0.6437097787857056,0.0013054830287206266,collecTRI_weights
208,,,,gsea_estimate,mcauroc,0.5901902914047241,0.0013054830287206266,collecTRI_weights
209,,,,gsea_estimate,mcauroc,0.607032299041748,0.0013054830287206266,collecTRI_weights
210,,,,gsea_estimate,mcauroc,0.6060174107551575,0.0013054830287206266,collecTRI_weights
211,,,,gsea_estimate,mcauroc,0.5942883491516113,0.0013054830287206266,collecTRI_weights
212,,,,gsea_estimate,mcauroc,0.6154080033302307,0.0013054830287206266,collecTRI_weights
213,,,,gsea_estimate,mcauroc,0.5921045541763306,0.0013054830287206266,collecTRI_weights
214,,,,gsea_estimate,mcauroc,0.5883533358573914,0.0013054830287206266,collecTRI_weights
215,,,,gsea_estimate,mcauroc,0.6127364039421082,0.0013054830287206266,collecTRI_weights
216,,,,gsea_estimate,mcauroc,0.591140866279602,0.0013054830287206266,collecTRI_weights
217,,,,gsea_estimate,mcauroc,0.5900358557701111,0.0013054830287206266,collecTRI_weights
218,,,,gsea_estimate,mcauroc,0.5943012237548828,0.0013054830287206266,collecTRI_weights
219,,,,gsea_estimate,mcauroc,0.6100897789001465,0.0013054830287206266,collecTRI_weights
220,,,,gsea_estimate,mcauroc,0.5665008425712585,0.0013054830287206266,collecTRI_weights
221,,,,gsea_estimate,mcauroc,0.6050153970718384,0.0013054830287206266,collecTRI_weights
222,,,,gsea_estimate,mcauroc,0.6403051018714905,0.0013054830287206266,collecTRI_weights
223,,,,gsea_estimate,mcauroc,0.6002621054649353,0.0013054830287206266,collecTRI_weights
224,,,,gsea_estimate,mcauroc,0.5829448103904724,0.0013054830287206266,collecTRI_weights
225,,,,gsea_estimate,mcauroc,0.5832852721214294,0.0013054830287206266,collecTRI_weights
226,,,,gsea_estimate,mcauroc,0.5944167971611023,0.0013054830287206266,collecTRI_weights
227,,,,gsea_estimate,mcauroc,0.614034116268158,0.0013054830287206266,collecTRI_weights
228,,,,gsea_estimate,mcauroc,0.6086124777793884,0.0013054830287206266,collecTRI_weights
229,,,,gsea_estimate,mcauroc,0.588854193687439,0.0013054830287206266,collecTRI_weights
230,,,,gsea_estimate,mcauroc,0.5991058945655823,0.0013054830287206266,collecTRI_weights
231,,,,gsea_estimate,mcauroc,0.5942113399505615,0.0013054830287206266,collecTRI_weights
232,,,,gsea_estimate,mcauroc,0.6025230288505554,0.0013054830287206266,collecTRI_weights
233,,,,gsea_estimate,mcauroc,0.5939929485321045,0.0013054830287206266,collecTRI_weights
234,,,,gsea_estimate,mcauroc,0.6063514351844788,0.0013054830287206266,collecTRI_weights
235,,,,gsea_estimate,mcauroc,0.5495560169219971,0.0013054830287206266,collecTRI_weights
236,,,,gsea_estimate,mcauroc,0.5999667644500732,0.0013054830287206266,collecTRI_weights
237,,,,gsea_estimate,mcauroc,0.5761874318122864,0.0013054830287206266,collecTRI_weights
238,,,,gsea_estimate,mcauroc,0.5846920013427734,0.0013054830287206266,collecTRI_weights
239,,,,gsea_estimate,mcauroc,0.6116315722465515,0.0013054830287206266,collecTRI_weights
240,,,,gsea_estimate,mcauroc,0.608227014541626,0.0013054830287206266,collecTRI_weights
241,,,,gsea_estimate,mcauroc,0.5907554626464844,0.0013054830287206266,collecTRI_weights
242,,,,gsea_estimate,mcauroc,0.6267903447151184,0.0013054830287206266,collecTRI_weights
243,,,,gsea_estimate,mcauroc,0.5897921919822693,0.0013054830287206266,collecTRI_weights
244,,,,gsea_estimate,mcauroc,0.5998122692108154,0.0013054830287206266,collecTRI_weights
245,,,,gsea_estimate,mcauroc,0.5891623497009277,0.0013054830287206266,collecTRI_weights
246,,,,gsea_estimate,mcauroc,0.6054907441139221,0.0013054830287206266,collecTRI_weights
247,,,,gsea_estimate,mcauroc,0.6014312505722046,0.0013054830287206266,collecTRI_weights
248,,,,gsea_estimate,mcauroc,0.6186457276344299,0.0013054830287206266,collecTRI_weights
249,,,,gsea_estimate,mcauroc,0.5875695943832397,0.0013054830287206266,collecTRI_weights
250,,,,gsea_estimate,mcauroc,0.6105397343635559,0.0013054830287206266,collecTRI_weights
251,,,,gsea_estimate,mcauroc,0.6298738718032837,0.0013054830287206266,collecTRI_weights
252,,,,gsea_estimate,mcauroc,0.6027158498764038,0.0013054830287206266,collecTRI_weights
253,,,,gsea_estimate,mcauroc,0.5978599786758423,0.0013054830287206266,collecTRI_weights
254,,,,gsea_estimate,mcauroc,0.5798743963241577,0.0013054830287206266,collecTRI_weights
255,,,,gsea_estimate,mcauroc,0.6001207828521729,0.0013054830287206266,collecTRI_weights
256,,,,gsea_estimate,mcauroc,0.5847691297531128,0.0013054830287206266,collecTRI_weights
257,,,,gsea_estimate,mcauroc,0.6128904819488525,0.0013054830287206266,collecTRI_weights
258,,,,gsea_estimate,mcauroc,0.6200332641601562,0.0013054830287206266,collecTRI_weights
259,,,,gsea_estimate,mcauroc,0.6019579768180847,0.0013054830287206266,collecTRI_weights
260,,,,gsea_estimate,mcauroc,0.5591909885406494,0.0013054830287206266,collecTRI_weights
261,,,,gsea_estimate,mcauroc,0.5861308574676514,0.0013054830287206266,collecTRI_weights
262,,,,gsea_estimate,mcauroc,0.5937231779098511,0.0013054830287206266,collecTRI_weights
263,,,,gsea_estimate,mcauroc,0.6147403120994568,0.0013054830287206266,collecTRI_weights
264,,,,gsea_estimate,mcauroc,0.6087408065795898,0.0013054830287206266,collecTRI_weights
265,,,,gsea_estimate,mcauroc,0.6241053938865662,0.0013054830287206266,collecTRI_weights
266,,,,gsea_estimate,mcauroc,0.6003649234771729,0.0013054830287206266,collecTRI_weights
267,,,,gsea_estimate,mcauroc,0.6254802346229553,0.0013054830287206266,collecTRI_weights
268,,,,gsea_estimate,mcauroc,0.5924190878868103,0.0013054830287206266,collecTRI_weights
269,,,,gsea_estimate,mcauroc,0.5852315425872803,0.0013054830287206266,collecTRI_weights
270,,,,gsea_estimate,mcauroc,0.6116057634353638,0.0013054830287206266,collecTRI_weights
271,,,,gsea_estimate,mcauroc,0.5890857577323914,0.0013054830287206266,collecTRI_weights
272,,,,gsea_estimate,mcauroc,0.610436737537384,0.0013054830287206266,collecTRI_weights
273,,,,gsea_estimate,mcauroc,0.5955987572669983,0.0013054830287206266,collecTRI_weights
274,,,,gsea_estimate,mcauroc,0.5869528651237488,0.0013054830287206266,collecTRI_weights
275,,,,gsea_estimate,mcauroc,0.5994398593902588,0.0013054830287206266,collecTRI_weights
276,,,,gsea_estimate,mcauroc,0.6274330019950867,0.0013054830287206266,collecTRI_weights
277,,,,gsea_estimate,mcauroc,0.6039106249809265,0.0013054830287206266,collecTRI_weights
278,,,,gsea_estimate,mcauroc,0.6166285872459412,0.0013054830287206266,collecTRI_weights
279,,,,gsea_estimate,mcauroc,0.5639957785606384,0.0013054830287206266,collecTRI_weights
280,,,,gsea_estimate,mcauroc,0.5898563265800476,0.0013054830287206266,collecTRI_weights
281,,,,gsea_estimate,mcauroc,0.5760460495948792,0.0013054830287206266,collecTRI_weights
282,,,,gsea_estimate,mcauroc,0.5901389718055725,0.0013054830287206266,collecTRI_weights
283,,,,gsea_estimate,mcauroc,0.5982581973075867,0.0013054830287206266,collecTRI_weights
284,,,,gsea_estimate,mcauroc,0.6405878067016602,0.0013054830287206266,collecTRI_weights
285,,,,gsea_estimate,mcauroc,0.5958170890808105,0.0013054830287206266,collecTRI_weights
286,,,,gsea_estimate,mcauroc,0.6121067404747009,0.0013054830287206266,collecTRI_weights
287,,,,gsea_estimate,mcauroc,0.5984636545181274,0.0013054830287206266,collecTRI_weights
288,,,,gsea_estimate,mcauroc,0.627432644367218,0.0013054830287206266,collecTRI_weights
289,,,,gsea_estimate,mcauroc,0.5934277176856995,0.0013054830287206266,collecTRI_weights
290,,,,gsea_estimate,mcauroc,0.6011356115341187,0.0013054830287206266,collecTRI_weights
291,,,,gsea_estimate,mcauroc,0.6147531867027283,0.0013054830287206266,collecTRI_weights
292,,,,gsea_estimate,mcauroc,0.5633147358894348,0.0013054830287206266,collecTRI_weights
293,,,,gsea_estimate,mcauroc,0.5999796986579895,0.0013054830287206266,collecTRI_weights
294,,,,gsea_estimate,mcauroc,0.6043732166290283,0.0013054830287206266,collecTRI_weights
295,,,,gsea_estimate,mcauroc,0.5898435115814209,0.0013054830287206266,collecTRI_weights
296,,,,gsea_estimate,mcauroc,0.6094346642494202,0.0013054830287206266,collecTRI_weights
297,,,,gsea_estimate,mcauroc,0.6034610867500305,0.0013054830287206266,collecTRI_weights
298,,,,gsea_estimate,mcauroc,0.5779602527618408,0.0013054830287206266,collecTRI_weights
299,,,,gsea_estimate,mcauroc,0.5965365767478943,0.0013054830287206266,collecTRI_weights
300,,,,gsea_estimate,mcauroc,0.6245166063308716,0.0013054830287206266,collecTRI_weights
301,,,,gsea_estimate,mcauroc,0.5706633925437927,0.0013054830287206266,collecTRI_weights
302,,,,gsea_estimate,mcauroc,0.6038206219673157,0.0013054830287206266,collecTRI_weights
303,,,,gsea_estimate,mcauroc,0.6170526146888733,0.0013054830287206266,collecTRI_weights
304,,,,gsea_estimate,mcauroc,0.627754271030426,0.0013054830287206266,collecTRI_weights
305,,,,gsea_estimate,mcauroc,0.5976157188415527,0.0013054830287206266,collecTRI_weights
306,,,,gsea_estimate,mcauroc,0.6504154205322266,0.0013054830287206266,collecTRI_weights
307,,,,gsea_estimate,mcauroc,0.6202771663665771,0.0013054830287206266,collecTRI_weights
308,,,,gsea_estimate,mcauroc,0.6095117330551147,0.0013054830287206266,collecTRI_weights
309,,,,gsea_estimate,mcauroc,0.5723335146903992,0.0013054830287206266,collecTRI_weights
310,,,,gsea_estimate,mcauroc,0.6326358914375305,0.0013054830287206266,collecTRI_weights
311,,,,gsea_estimate,mcauroc,0.6056062579154968,0.0013054830287206266,collecTRI_weights
312,,,,gsea_estimate,mcauroc,0.6030111312866211,0.0013054830287206266,collecTRI_weights
313,,,,gsea_estimate,mcauroc,0.6202900409698486,0.0013054830287206266,collecTRI_weights
314,,,,gsea_estimate,mcauroc,0.6229365468025208,0.0013054830287206266,collecTRI_weights
315,,,,gsea_estimate,mcauroc,0.6097431182861328,0.0013054830287206266,collecTRI_weights
316,,,,gsea_estimate,mcauroc,0.5962540507316589,0.0013054830287206266,collecTRI_weights
317,,,,gsea_estimate,mcauroc,0.6021376252174377,0.0013054830287206266,collecTRI_weights
318,,,,gsea_estimate,mcauroc,0.6135839819908142,0.0013054830287206266,collecTRI_weights
319,,,,gsea_estimate,mcauroc,0.6392903327941895,0.0013054830287206266,collecTRI_weights
320,,,,gsea_estimate,mcauroc,0.6148942708969116,0.0013054830287206266,collecTRI_weights
321,,,,gsea_estimate,mcauroc,0.616011917591095,0.0013054830287206266,collecTRI_weights
322,,,,gsea_estimate,mcauroc,0.6076746582984924,0.0013054830287206266,collecTRI_weights
323,,,,gsea_estimate,mcauroc,0.6174123883247375,0.0013054830287206266,collecTRI_weights
324,,,,gsea_estimate,mcauroc,0.5888283252716064,0.0013054830287206266,collecTRI_weights
325,,,,gsea_estimate,mcauroc,0.6082528233528137,0.0013054830287206266,collecTRI_weights
326,,,,gsea_estimate,mcauroc,0.5792321562767029,0.0013054830287206266,collecTRI_weights
327,,,,gsea_estimate,mcauroc,0.5699182152748108,0.0013054830287206266,collecTRI_weights
328,,,,gsea_estimate,mcauroc,0.5976928472518921,0.0013054830287206266,collecTRI_weights
329,,,,gsea_estimate,mcauroc,0.6343445777893066,0.0013054830287206266,collecTRI_weights
330,,,,gsea_estimate,mcauroc,0.5999794006347656,0.0013054830287206266,collecTRI_weights
331,,,,gsea_estimate,mcauroc,0.6241183280944824,0.0013054830287206266,collecTRI_weights
332,,,,gsea_estimate,mcauroc,0.6231935024261475,0.0013054830287206266,collecTRI_weights
333,,,,gsea_estimate,mcauroc,0.6086896061897278,0.0013054830287206266,collecTRI_weights
334,,,,gsea_estimate,mcauroc,0.607032299041748,0.0013054830287206266,collecTRI_weights
335,,,,gsea_estimate,mcauroc,0.5934404134750366,0.0013054830287206266,collecTRI_weights
336,,,,gsea_estimate,mcauroc,0.6066980957984924,0.0013054830287206266,collecTRI_weights
337,,,,gsea_estimate,mcauroc,0.6222044229507446,0.0013054830287206266,collecTRI_weights
338,,,,gsea_estimate,mcauroc,0.6045398712158203,0.0013054830287206266,collecTRI_weights
339,,,,gsea_estimate,mcauroc,0.5937747359275818,0.0013054830287206266,collecTRI_weights
340,,,,gsea_estimate,mcauroc,0.6407933235168457,0.0013054830287206266,collecTRI_weights
341,,,,gsea_estimate,mcauroc,0.6187101006507874,0.0013054830287206266,collecTRI_weights
342,,,,gsea_estimate,mcauroc,0.5797586441040039,0.0013054830287206266,collecTRI_weights
343,,,,gsea_estimate,mcauroc,0.6076746582984924,0.0013054830287206266,collecTRI_weights
344,,,,gsea_estimate,mcauroc,0.5817757248878479,0.0013054830287206266,collecTRI_weights
345,,,,gsea_estimate,mcauroc,0.5876209735870361,0.0013054830287206266,collecTRI_weights
346,,,,gsea_estimate,mcauroc,0.6021890044212341,0.0013054830287206266,collecTRI_weights
347,,,,gsea_estimate,mcauroc,0.6153056025505066,0.0013054830287206266,collecTRI_weights
348,,,,gsea_estimate,mcauroc,0.6339719295501709,0.0013054830287206266,collecTRI_weights
349,,,,gsea_estimate,mcauroc,0.5535773634910583,0.0013054830287206266,collecTRI_weights
350,,,,gsea_estimate,mcauroc,0.6065056920051575,0.0013054830287206266,collecTRI_weights
351,,,,gsea_estimate,mcauroc,0.5793348550796509,0.0013054830287206266,collecTRI_weights
352,,,,gsea_estimate,mcauroc,0.5849360823631287,0.0013054830287206266,collecTRI_weights
353,,,,gsea_estimate,mcauroc,0.6013799905776978,0.0013054830287206266,collecTRI_weights
354,,,,gsea_estimate,mcauroc,0.621677577495575,0.0013054830287206266,collecTRI_weights
355,,,,gsea_estimate,mcauroc,0.5958172082901001,0.0013054830287206266,collecTRI_weights
356,,,,gsea_estimate,mcauroc,0.6252105832099915,0.0013054830287206266,collecTRI_weights
357,,,,gsea_estimate,mcauroc,0.6479617953300476,0.0013054830287206266,collecTRI_weights
358,,,,gsea_estimate,mcauroc,0.5767397284507751,0.0013054830287206266,collecTRI_weights
359,,,,gsea_estimate,mcauroc,0.5784098505973816,0.0013054830287206266,collecTRI_weights
360,,,,gsea_estimate,mcauroc,0.6217544674873352,0.0013054830287206266,collecTRI_weights
361,,,,gsea_estimate,mcauroc,0.6066727042198181,0.0013054830287206266,collecTRI_weights
362,,,,gsea_estimate,mcauroc,0.5897279977798462,0.0013054830287206266,collecTRI_weights
363,,,,gsea_estimate,mcauroc,0.619557797908783,0.0013054830287206266,collecTRI_weights
364,,,,gsea_estimate,mcauroc,0.5666808485984802,0.0013054830287206266,collecTRI_weights
365,,,,gsea_estimate,mcauroc,0.606094479560852,0.0013054830287206266,collecTRI_weights
366,,,,gsea_estimate,mcauroc,0.5973201990127563,0.0013054830287206266,collecTRI_weights
367,,,,gsea_estimate,mcauroc,0.5826106071472168,0.0013054830287206266,collecTRI_weights
368,,,,gsea_estimate,mcauroc,0.5978598594665527,0.0013054830287206266,collecTRI_weights
369,,,,gsea_estimate,mcauroc,0.5839982628822327,0.0013054830287206266,collecTRI_weights
370,,,,gsea_estimate,mcauroc,0.6202002763748169,0.0013054830287206266,collecTRI_weights
371,,,,gsea_estimate,mcauroc,0.5823794007301331,0.0013054830287206266,collecTRI_weights
372,,,,gsea_estimate,mcauroc,0.5996456742286682,0.0013054830287206266,collecTRI_weights
373,,,,gsea_estimate,mcauroc,0.6168985962867737,0.0013054830287206266,collecTRI_weights
374,,,,gsea_estimate,mcauroc,0.6008657217025757,0.0013054830287206266,collecTRI_weights
375,,,,gsea_estimate,mcauroc,0.5872610807418823,0.0013054830287206266,collecTRI_weights
376,,,,gsea_estimate,mcauroc,0.6173739433288574,0.0013054830287206266,collecTRI_weights
377,,,,gsea_estimate,mcauroc,0.6031076908111572,0.0013054830287206266,collecTRI_weights
378,,,,gsea_estimate,mcauroc,0.6096530556678772,0.0013054830287206266,collecTRI_weights
379,,,,gsea_estimate,mcauroc,0.5928753018379211,0.0013054830287206266,collecTRI_weights
380,,,,gsea_estimate,mcauroc,0.5770610570907593,0.0013054830287206266,collecTRI_weights
381,,,,gsea_estimate,mcauroc,0.6055293083190918,0.0013054830287206266,collecTRI_weights
382,,,,gsea_estimate,mcauroc,0.5990930795669556,0.0013054830287206266,collecTRI_weights
383,,,,gsea_estimate,mcauroc,0.6040134429931641,0.0013054830287206266,collecTRI_weights
384,,,,gsea_estimate,mcauroc,0.595085084438324,0.0013054830287206266,collecTRI_weights
385,,,,gsea_estimate,mcauroc,0.615125834941864,0.0013054830287206266,collecTRI_weights
386,,,,gsea_estimate,mcauroc,0.5935304164886475,0.0013054830287206266,collecTRI_weights
387,,,,gsea_estimate,mcauroc,0.5868371725082397,0.0013054830287206266,collecTRI_weights
388,,,,gsea_estimate,mcauroc,0.5717422366142273,0.0013054830287206266,collecTRI_weights
389,,,,gsea_estimate,mcauroc,0.5941083431243896,0.0013054830287206266,collecTRI_weights
390,,,,gsea_estimate,mcauroc,0.5869657397270203,0.0013054830287206266,collecTRI_weights
391,,,,gsea_estimate,mcauroc,0.6288720369338989,0.0013054830287206266,collecTRI_weights
392,,,,gsea_estimate,mcauroc,0.6423607468605042,0.0013054830287206266,collecTRI_weights
393,,,,gsea_estimate,mcauroc,0.6178493499755859,0.0013054830287206266,collecTRI_weights
394,,,,gsea_estimate,mcauroc,0.5817113518714905,0.0013054830287206266,collecTRI_weights
395,,,,gsea_estimate,mcauroc,0.6046685576438904,0.0013054830287206266,collecTRI_weights
396,,,,gsea_estimate,mcauroc,0.6239384412765503,0.0013054830287206266,collecTRI_weights
397,,,,gsea_estimate,mcauroc,0.6200716495513916,0.0013054830287206266,collecTRI_weights
398,,,,gsea_estimate,mcauroc,0.5812233686447144,0.0013054830287206266,collecTRI_weights
399,,,,gsea_estimate,mcauroc,0.5806067585945129,0.0013054830287206266,collecTRI_weights
400,,,,gsea_estimate,mcauroc,0.5851030349731445,0.0013054830287206266,collecTRI_weights
401,,,,gsea_estimate,mcauroc,0.6077259182929993,0.0013054830287206266,collecTRI_weights
402,,,,gsea_estimate,mcauroc,0.596921980381012,0.0013054830287206266,collecTRI_weights
403,,,,gsea_estimate,mcauroc,0.5829833149909973,0.0013054830287206266,collecTRI_weights
404,,,,gsea_estimate,mcauroc,0.6028313040733337,0.0013054830287206266,collecTRI_weights
405,,,,gsea_estimate,mcauroc,0.5579449534416199,0.0013054830287206266,collecTRI_weights
406,,,,gsea_estimate,mcauroc,0.6094731092453003,0.0013054830287206266,collecTRI_weights
407,,,,gsea_estimate,mcauroc,0.5971916913986206,0.0013054830287206266,collecTRI_weights
408,,,,gsea_estimate,mcauroc,0.6173096299171448,0.0013054830287206266,collecTRI_weights
409,,,,gsea_estimate,mcauroc,0.5775236487388611,0.0013054830287206266,collecTRI_weights
410,,,,gsea_estimate,mcauroc,0.5731683373451233,0.0013054830287206266,collecTRI_weights
411,,,,gsea_estimate,mcauroc,0.5868631601333618,0.0013054830287206266,collecTRI_weights
412,,,,gsea_estimate,mcauroc,0.6068781614303589,0.0013054830287206266,collecTRI_weights
413,,,,gsea_estimate,mcauroc,0.6137768030166626,0.0013054830287206266,collecTRI_weights
414,,,,gsea_estimate,mcauroc,0.6108605265617371,0.0013054830287206266,collecTRI_weights
415,,,,gsea_estimate,mcauroc,0.5888028144836426,0.0013054830287206266,collecTRI_weights
416,,,,gsea_estimate,mcauroc,0.621381938457489,0.0013054830287206266,collecTRI_weights
417,,,,gsea_estimate,mcauroc,0.592939555644989,0.0013054830287206266,collecTRI_weights
418,,,,gsea_estimate,mcauroc,0.6008274555206299,0.0013054830287206266,collecTRI_weights
419,,,,gsea_estimate,mcauroc,0.6394058465957642,0.0013054830287206266,collecTRI_weights
420,,,,gsea_estimate,mcauroc,0.6094859838485718,0.0013054830287206266,collecTRI_weights
421,,,,gsea_estimate,mcauroc,0.5896251797676086,0.0013054830287206266,collecTRI_weights
422,,,,gsea_estimate,mcauroc,0.6069038510322571,0.0013054830287206266,collecTRI_weights
423,,,,gsea_estimate,mcauroc,0.6175666451454163,0.0013054830287206266,collecTRI_weights
424,,,,gsea_estimate,mcauroc,0.5800670385360718,0.0013054830287206266,collecTRI_weights
425,,,,gsea_estimate,mcauroc,0.5928751826286316,0.0013054830287206266,collecTRI_weights
426,,,,gsea_estimate,mcauroc,0.6092932224273682,0.0013054830287206266,collecTRI_weights
427,,,,gsea_estimate,mcauroc,0.5937618613243103,0.0013054830287206266,collecTRI_weights
428,,,,gsea_estimate,mcauroc,0.5573282837867737,0.0013054830287206266,collecTRI_weights
429,,,,gsea_estimate,mcauroc,0.6054264307022095,0.0013054830287206266,collecTRI_weights
430,,,,gsea_estimate,mcauroc,0.5806452035903931,0.0013054830287206266,collecTRI_weights
431,,,,gsea_estimate,mcauroc,0.6265721917152405,0.0013054830287206266,collecTRI_weights
432,,,,gsea_estimate,mcauroc,0.6420783400535583,0.0013054830287206266,collecTRI_weights
433,,,,gsea_estimate,mcauroc,0.5898951292037964,0.0013054830287206266,collecTRI_weights
434,,,,gsea_estimate,mcauroc,0.587338387966156,0.0013054830287206266,collecTRI_weights
435,,,,gsea_estimate,mcauroc,0.608792245388031,0.0013054830287206266,collecTRI_weights
436,,,,gsea_estimate,mcauroc,0.6204832196235657,0.0013054830287206266,collecTRI_weights
437,,,,gsea_estimate,mcauroc,0.5778060555458069,0.0013054830287206266,collecTRI_weights
438,,,,gsea_estimate,mcauroc,0.6232189536094666,0.0013054830287206266,collecTRI_weights
439,,,,gsea_estimate,mcauroc,0.6060943603515625,0.0013054830287206266,collecTRI_weights
440,,,,gsea_estimate,mcauroc,0.6494135856628418,0.0013054830287206266,collecTRI_weights
441,,,,gsea_estimate,mcauroc,0.581608772277832,0.0013054830287206266,collecTRI_weights
442,,,,gsea_estimate,mcauroc,0.5894451141357422,0.0013054830287206266,collecTRI_weights
443,,,,gsea_estimate,mcauroc,0.6214463710784912,0.0013054830287206266,collecTRI_weights
444,,,,gsea_estimate,mcauroc,0.6148689389228821,0.0013054830287206266,collecTRI_weights
445,,,,gsea_estimate,mcauroc,0.6068010926246643,0.0013054830287206266,collecTRI_weights
446,,,,gsea_estimate,mcauroc,0.6018936038017273,0.0013054830287206266,collecTRI_weights
447,,,,gsea_estimate,mcauroc,0.5859893560409546,0.0013054830287206266,collecTRI_weights
448,,,,gsea_estimate,mcauroc,0.6181190013885498,0.0013054830287206266,collecTRI_weights
449,,,,gsea_estimate,mcauroc,0.6145606637001038,0.0013054830287206266,collecTRI_weights
450,,,,gsea_estimate,mcauroc,0.5894836783409119,0.0013054830287206266,collecTRI_weights
451,,,,gsea_estimate,mcauroc,0.604617178440094,0.0013054830287206266,collecTRI_weights
452,,,,gsea_estimate,mcauroc,0.5870044231414795,0.0013054830287206266,collecTRI_weights
453,,,,gsea_estimate,mcauroc,0.6088308095932007,0.0013054830287206266,collecTRI_weights
454,,,,gsea_estimate,mcauroc,0.6038334965705872,0.0013054830287206266,collecTRI_weights
455,,,,gsea_estimate,mcauroc,0.6182346940040588,0.0013054830287206266,collecTRI_weights
456,,,,gsea_estimate,mcauroc,0.5833301544189453,0.0013054830287206266,collecTRI_weights
457,,,,gsea_estimate,mcauroc,0.6177593469619751,0.0013054830287206266,collecTRI_weights
458,,,,gsea_estimate,mcauroc,0.6150871515274048,0.0013054830287206266,collecTRI_weights
459,,,,gsea_estimate,mcauroc,0.5913466215133667,0.0013054830287206266,collecTRI_weights
460,,,,gsea_estimate,mcauroc,0.5979881286621094,0.0013054830287206266,collecTRI_weights
461,,,,gsea_estimate,mcauroc,0.5916545391082764,0.0013054830287206266,collecTRI_weights
462,,,,gsea_estimate,mcauroc,0.5933635234832764,0.0013054830287206266,collecTRI_weights
463,,,,gsea_estimate,mcauroc,0.5747998952865601,0.0013054830287206266,collecTRI_weights
464,,,,gsea_estimate,mcauroc,0.5837410688400269,0.0013054830287206266,collecTRI_weights
465,,,,gsea_estimate,mcauroc,0.6159351468086243,0.0013054830287206266,collecTRI_weights
466,,,,gsea_estimate,mcauroc,0.6217288374900818,0.0013054830287206266,collecTRI_weights
467,,,,gsea_estimate,mcauroc,0.6082654595375061,0.0013054830287206266,collecTRI_weights
468,,,,gsea_estimate,mcauroc,0.5705476403236389,0.0013054830287206266,collecTRI_weights
469,,,,gsea_estimate,mcauroc,0.6141878366470337,0.0013054830287206266,collecTRI_weights
470,,,,gsea_estimate,mcauroc,0.6064157485961914,0.0013054830287206266,collecTRI_weights
471,,,,gsea_estimate,mcauroc,0.6191209554672241,0.0013054830287206266,collecTRI_weights
472,,,,gsea_estimate,mcauroc,0.6132113933563232,0.0013054830287206266,collecTRI_weights
473,,,,gsea_estimate,mcauroc,0.5908457040786743,0.0013054830287206266,collecTRI_weights
474,,,,gsea_estimate,mcauroc,0.6160505414009094,0.0013054830287206266,collecTRI_weights
475,,,,gsea_estimate,mcauroc,0.6088564395904541,0.0013054830287206266,collecTRI_weights
476,,,,gsea_estimate,mcauroc,0.6223840713500977,0.0013054830287206266,collecTRI_weights
477,,,,gsea_estimate,mcauroc,0.6401510834693909,0.0013054830287206266,collecTRI_weights
478,,,,gsea_estimate,mcauroc,0.5893811583518982,0.0013054830287206266,collecTRI_weights
479,,,,gsea_estimate,mcauroc,0.6147146821022034,0.0013054830287206266,collecTRI_weights
480,,,,gsea_estimate,mcauroc,0.6063128113746643,0.0013054830287206266,collecTRI_weights
481,,,,gsea_estimate,mcauroc,0.6239258646965027,0.0013054830287206266,collecTRI_weights
482,,,,gsea_estimate,mcauroc,0.6102055907249451,0.0013054830287206266,collecTRI_weights
483,,,,gsea_estimate,mcauroc,0.567772626876831,0.0013054830287206266,collecTRI_weights
484,,,,gsea_estimate,mcauroc,0.5977696776390076,0.0013054830287206266,collecTRI_weights
485,,,,gsea_estimate,mcauroc,0.6246320009231567,0.0013054830287206266,collecTRI_weights
486,,,,gsea_estimate,mcauroc,0.5964466333389282,0.0013054830287206266,collecTRI_weights
487,,,,gsea_estimate,mcauroc,0.5600904226303101,0.0013054830287206266,collecTRI_weights
488,,,,gsea_estimate,mcauroc,0.6014823913574219,0.0013054830287206266,collecTRI_weights
489,,,,gsea_estimate,mcauroc,0.5892526507377625,0.0013054830287206266,collecTRI_weights
490,,,,gsea_estimate,mcauroc,0.5711130499839783,0.0013054830287206266,collecTRI_weights
491,,,,gsea_estimate,mcauroc,0.6195322275161743,0.0013054830287206266,collecTRI_weights
492,,,,gsea_estimate,mcauroc,0.5933891534805298,0.0013054830287206266,collecTRI_weights
493,,,,gsea_estimate,mcauroc,0.6219474077224731,0.0013054830287206266,collecTRI_weights
494,,,,gsea_estimate,mcauroc,0.5984382033348083,0.0013054830287206266,collecTRI_weights
495,,,,gsea_estimate,mcauroc,0.5901260375976562,0.0013054830287206266,collecTRI_weights
496,,,,gsea_estimate,mcauroc,0.5855910181999207,0.0013054830287206266,collecTRI_weights
497,,,,gsea_estimate,mcauroc,0.5870428085327148,0.0013054830287206266,collecTRI_weights
498,,,,gsea_estimate,mcauroc,0.614046573638916,0.0013054830287206266,collecTRI_weights
499,,,,gsea_estimate,mcauroc,0.5946738123893738,0.0013054830287206266,collecTRI_weights
500,,,,gsea_estimate,mcauroc,0.6375942230224609,0.0013054830287206266,collecTRI_weights
501,,,,gsea_estimate,mcauroc,0.5630195736885071,0.0013054830287206266,collecTRI_weights
502,,,,gsea_estimate,mcauroc,0.570624828338623,0.0013054830287206266,collecTRI_weights
503,,,,gsea_estimate,mcauroc,0.6216133832931519,0.0013054830287206266,collecTRI_weights
504,,,,gsea_estimate,mcauroc,0.6181188821792603,0.0013054830287206266,collecTRI_weights
505,,,,gsea_estimate,mcauroc,0.5730528831481934,0.0013054830287206266,collecTRI_weights
506,,,,gsea_estimate,mcauroc,0.6205213069915771,0.0013054830287206266,collecTRI_weights
507,,,,gsea_estimate,mcauroc,0.5934533476829529,0.0013054830287206266,collecTRI_weights
508,,,,gsea_estimate,mcauroc,0.5980268716812134,0.0013054830287206266,collecTRI_weights
509,,,,gsea_estimate,mcauroc,0.6278441548347473,0.0013054830287206266,collecTRI_weights
510,,,,gsea_estimate,mcauroc,0.5881348848342896,0.0013054830287206266,collecTRI_weights
511,,,,gsea_estimate,mcauroc,0.6227051019668579,0.0013054830287206266,collecTRI_weights
512,,,,gsea_estimate,mcauroc,0.6153697967529297,0.0013054830287206266,collecTRI_weights
513,,,,gsea_estimate,mcauroc,0.6379157900810242,0.0013054830287206266,collecTRI_weights
514,,,,gsea_estimate,mcauroc,0.6325072646141052,0.0013054830287206266,collecTRI_weights
515,,,,gsea_estimate,mcauroc,0.6041803956031799,0.0013054830287206266,collecTRI_weights
516,,,,gsea_estimate,mcauroc,0.5959712266921997,0.0013054830287206266,collecTRI_weights
517,,,,gsea_estimate,mcauroc,0.5891495943069458,0.0013054830287206266,collecTRI_weights
518,,,,gsea_estimate,mcauroc,0.5935946702957153,0.0013054830287206266,collecTRI_weights
519,,,,gsea_estimate,mcauroc,0.6318650245666504,0.0013054830287206266,collecTRI_weights
520,,,,gsea_estimate,mcauroc,0.623540461063385,0.0013054830287206266,collecTRI_weights
521,,,,gsea_estimate,mcauroc,0.5835484862327576,0.0013054830287206266,collecTRI_weights
522,,,,gsea_estimate,mcauroc,0.608586847782135,0.0013054830287206266,collecTRI_weights
523,,,,gsea_estimate,mcauroc,0.6057988405227661,0.0013054830287206266,collecTRI_weights
524,,,,gsea_estimate,mcauroc,0.5863234996795654,0.0013054830287206266,collecTRI_weights
525,,,,gsea_estimate,mcauroc,0.6086509227752686,0.0013054830287206266,collecTRI_weights
526,,,,gsea_estimate,mcauroc,0.6081113219261169,0.0013054830287206266,collecTRI_weights
527,,,,gsea_estimate,mcauroc,0.6475633382797241,0.0013054830287206266,collecTRI_weights
528,,,,gsea_estimate,mcauroc,0.6029598116874695,0.0013054830287206266,collecTRI_weights
529,,,,gsea_estimate,mcauroc,0.642437756061554,0.0013054830287206266,collecTRI_weights
530,,,,gsea_estimate,mcauroc,0.5945708751678467,0.0013054830287206266,collecTRI_weights
531,,,,gsea_estimate,mcauroc,0.6368364095687866,0.0013054830287206266,collecTRI_weights
532,,,,gsea_estimate,mcauroc,0.5858865976333618,0.0013054830287206266,collecTRI_weights
533,,,,gsea_estimate,mcauroc,0.5880191326141357,0.0013054830287206266,collecTRI_weights
534,,,,gsea_estimate,mcauroc,0.574440062046051,0.0013054830287206266,collecTRI_weights
535,,,,gsea_estimate,mcauroc,0.5844736099243164,0.0013054830287206266,collecTRI_weights
536,,,,gsea_estimate,mcauroc,0.6241183876991272,0.0013054830287206266,collecTRI_weights
537,,,,gsea_estimate,mcauroc,0.5934274196624756,0.0013054830287206266,collecTRI_weights
538,,,,gsea_estimate,mcauroc,0.5956630110740662,0.0013054830287206266,collecTRI_weights
539,,,,gsea_estimate,mcauroc,0.634061872959137,0.0013054830287206266,collecTRI_weights
540,,,,gsea_estimate,mcauroc,0.614162266254425,0.0013054830287206266,collecTRI_weights
541,,,,gsea_estimate,mcauroc,0.6192496418952942,0.0013054830287206266,collecTRI_weights
542,,,,gsea_estimate,mcauroc,0.6020349264144897,0.0013054830287206266,collecTRI_weights
543,,,,gsea_estimate,mcauroc,0.595624566078186,0.0013054830287206266,collecTRI_weights
544,,,,gsea_estimate,mcauroc,0.5846277475357056,0.0013054830287206266,collecTRI_weights
545,,,,gsea_estimate,mcauroc,0.6021122336387634,0.0013054830287206266,collecTRI_weights
546,,,,gsea_estimate,mcauroc,0.6122094392776489,0.0013054830287206266,collecTRI_weights
547,,,,gsea_estimate,mcauroc,0.5811461210250854,0.0013054830287206266,collecTRI_weights
548,,,,gsea_estimate,mcauroc,0.6279726624488831,0.0013054830287206266,collecTRI_weights
549,,,,gsea_estimate,mcauroc,0.6220371723175049,0.0013054830287206266,collecTRI_weights
550,,,,gsea_estimate,mcauroc,0.590909481048584,0.0013054830287206266,collecTRI_weights
551,,,,gsea_estimate,mcauroc,0.5912309288978577,0.0013054830287206266,collecTRI_weights
552,,,,gsea_estimate,mcauroc,0.5851542949676514,0.0013054830287206266,collecTRI_weights
553,,,,gsea_estimate,mcauroc,0.6136612296104431,0.0013054830287206266,collecTRI_weights
554,,,,gsea_estimate,mcauroc,0.6089595556259155,0.0013054830287206266,collecTRI_weights
555,,,,gsea_estimate,mcauroc,0.5935176014900208,0.0013054830287206266,collecTRI_weights
556,,,,gsea_estimate,mcauroc,0.6034482717514038,0.0013054830287206266,collecTRI_weights
557,,,,gsea_estimate,mcauroc,0.5766113996505737,0.0013054830287206266,collecTRI_weights
558,,,,gsea_estimate,mcauroc,0.6075976490974426,0.0013054830287206266,collecTRI_weights
559,,,,gsea_estimate,mcauroc,0.5876724123954773,0.0013054830287206266,collecTRI_weights
560,,,,gsea_estimate,mcauroc,0.6230522394180298,0.0013054830287206266,collecTRI_weights
561,,,,gsea_estimate,mcauroc,0.608586847782135,0.0013054830287206266,collecTRI_weights
562,,,,gsea_estimate,mcauroc,0.5982837080955505,0.0013054830287206266,collecTRI_weights
563,,,,gsea_estimate,mcauroc,0.6035380959510803,0.0013054830287206266,collecTRI_weights
564,,,,gsea_estimate,mcauroc,0.6209067106246948,0.0013054830287206266,collecTRI_weights
565,,,,gsea_estimate,mcauroc,0.5604627728462219,0.0013054830287206266,collecTRI_weights
566,,,,gsea_estimate,mcauroc,0.6131345629692078,0.0013054830287206266,collecTRI_weights
567,,,,gsea_estimate,mcauroc,0.6032170057296753,0.0013054830287206266,collecTRI_weights
568,,,,gsea_estimate,mcauroc,0.5890212059020996,0.0013054830287206266,collecTRI_weights
569,,,,gsea_estimate,mcauroc,0.5991958379745483,0.0013054830287206266,collecTRI_weights
570,,,,gsea_estimate,mcauroc,0.5912566781044006,0.0013054830287206266,collecTRI_weights
571,,,,gsea_estimate,mcauroc,0.6057218313217163,0.0013054830287206266,collecTRI_weights
572,,,,gsea_estimate,mcauroc,0.5864903926849365,0.0013054830287206266,collecTRI_weights
573,,,,gsea_estimate,mcauroc,0.5813518166542053,0.0013054830287206266,collecTRI_weights
574,,,,gsea_estimate,mcauroc,0.6117600202560425,0.0013054830287206266,collecTRI_weights
575,,,,gsea_estimate,mcauroc,0.5804269909858704,0.0013054830287206266,collecTRI_weights
576,,,,gsea_estimate,mcauroc,0.5906912088394165,0.0013054830287206266,collecTRI_weights
577,,,,gsea_estimate,mcauroc,0.5823280215263367,0.0013054830287206266,collecTRI_weights
578,,,,gsea_estimate,mcauroc,0.5848461389541626,0.0013054830287206266,collecTRI_weights
579,,,,gsea_estimate,mcauroc,0.5972045660018921,0.0013054830287206266,collecTRI_weights
580,,,,gsea_estimate,mcauroc,0.5905115604400635,0.0013054830287206266,collecTRI_weights
581,,,,gsea_estimate,mcauroc,0.5770095586776733,0.0013054830287206266,collecTRI_weights
582,,,,gsea_estimate,mcauroc,0.6054264307022095,0.0013054830287206266,collecTRI_weights
583,,,,gsea_estimate,mcauroc,0.6134299039840698,0.0013054830287206266,collecTRI_weights
584,,,,gsea_estimate,mcauroc,0.5915391445159912,0.0013054830287206266,collecTRI_weights
585,,,,gsea_estimate,mcauroc,0.5887388586997986,0.0013054830287206266,collecTRI_weights
586,,,,gsea_estimate,mcauroc,0.618838369846344,0.0013054830287206266,collecTRI_weights
587,,,,gsea_estimate,mcauroc,0.615267276763916,0.0013054830287206266,collecTRI_weights
588,,,,gsea_estimate,mcauroc,0.5912694931030273,0.0013054830287206266,collecTRI_weights
589,,,,gsea_estimate,mcauroc,0.6002749800682068,0.0013054830287206266,collecTRI_weights
590,,,,gsea_estimate,mcauroc,0.5805681943893433,0.0013054830287206266,collecTRI_weights
591,,,,gsea_estimate,mcauroc,0.6187613606452942,0.0013054830287206266,collecTRI_weights
592,,,,gsea_estimate,mcauroc,0.603550910949707,0.0013054830287206266,collecTRI_weights
593,,,,gsea_estimate,mcauroc,0.6044501662254333,0.0013054830287206266,collecTRI_weights
594,,,,gsea_estimate,mcauroc,0.6026642918586731,0.0013054830287206266,collecTRI_weights
595,,,,gsea_estimate,mcauroc,0.5770354270935059,0.0013054830287206266,collecTRI_weights
596,,,,gsea_estimate,mcauroc,0.6183245182037354,0.0013054830287206266,collecTRI_weights
597,,,,gsea_estimate,mcauroc,0.6046172380447388,0.0013054830287206266,collecTRI_weights
598,,,,gsea_estimate,mcauroc,0.6269059777259827,0.0013054830287206266,collecTRI_weights
599,,,,gsea_estimate,mcauroc,0.5896506905555725,0.0013054830287206266,collecTRI_weights
600,,,,gsea_estimate,mcauroc,0.5688904523849487,0.0013054830287206266,collecTRI_weights
601,,,,gsea_estimate,mcauroc,0.6246581673622131,0.0013054830287206266,collecTRI_weights
602,,,,gsea_estimate,mcauroc,0.572063684463501,0.0013054830287206266,collecTRI_weights
603,,,,gsea_estimate,mcauroc,0.5982324481010437,0.0013054830287206266,collecTRI_weights
604,,,,gsea_estimate,mcauroc,0.5800415277481079,0.0013054830287206266,collecTRI_weights
605,,,,gsea_estimate,mcauroc,0.600544810295105,0.0013054830287206266,collecTRI_weights
606,,,,gsea_estimate,mcauroc,0.5880447030067444,0.0013054830287206266,collecTRI_weights
607,,,,gsea_estimate,mcauroc,0.588841438293457,0.0013054830287206266,collecTRI_weights
608,,,,gsea_estimate,mcauroc,0.6054520606994629,0.0013054830287206266,collecTRI_weights
609,,,,gsea_estimate,mcauroc,0.6040263772010803,0.0013054830287206266,collecTRI_weights
610,,,,gsea_estimate,mcauroc,0.6481288075447083,0.0013054830287206266,collecTRI_weights
611,,,,gsea_estimate,mcauroc,0.5576366782188416,0.0013054830287206266,collecTRI_weights
612,,,,gsea_estimate,mcauroc,0.5794247984886169,0.0013054830287206266,collecTRI_weights
613,,,,gsea_estimate,mcauroc,0.6199818849563599,0.0013054830287206266,collecTRI_weights
614,,,,gsea_estimate,mcauroc,0.594429612159729,0.0013054830287206266,collecTRI_weights
615,,,,gsea_estimate,mcauroc,0.5876596570014954,0.0013054830287206266,collecTRI_weights
616,,,,gsea_estimate,mcauroc,0.5958814024925232,0.0013054830287206266,collecTRI_weights
617,,,,gsea_estimate,mcauroc,0.627034604549408,0.0013054830287206266,collecTRI_weights
618,,,,gsea_estimate,mcauroc,0.6119653582572937,0.0013054830287206266,collecTRI_weights
619,,,,gsea_estimate,mcauroc,0.624786376953125,0.0013054830287206266,collecTRI_weights
620,,,,gsea_estimate,mcauroc,0.6401640176773071,0.0013054830287206266,collecTRI_weights
621,,,,gsea_estimate,mcauroc,0.6346272230148315,0.0013054830287206266,collecTRI_weights
622,,,,gsea_estimate,mcauroc,0.5949823260307312,0.0013054830287206266,collecTRI_weights
623,,,,gsea_estimate,mcauroc,0.6055806875228882,0.0013054830287206266,collecTRI_weights
624,,,,gsea_estimate,mcauroc,0.5769583582878113,0.0013054830287206266,collecTRI_weights
625,,,,gsea_estimate,mcauroc,0.630978524684906,0.0013054830287206266,collecTRI_weights
626,,,,gsea_estimate,mcauroc,0.5950592160224915,0.0013054830287206266,collecTRI_weights
627,,,,gsea_estimate,mcauroc,0.583510160446167,0.0013054830287206266,collecTRI_weights
628,,,,gsea_estimate,mcauroc,0.6135712265968323,0.0013054830287206266,collecTRI_weights
629,,,,gsea_estimate,mcauroc,0.6369519829750061,0.0013054830287206266,collecTRI_weights
630,,,,gsea_estimate,mcauroc,0.6171170473098755,0.0013054830287206266,collecTRI_weights
631,,,,gsea_estimate,mcauroc,0.6218318939208984,0.0013054830287206266,collecTRI_weights
632,,,,gsea_estimate,mcauroc,0.5758019685745239,0.0013054830287206266,collecTRI_weights
633,,,,gsea_estimate,mcauroc,0.6082527041435242,0.0013054830287206266,collecTRI_weights
634,,,,gsea_estimate,mcauroc,0.6263023614883423,0.0013054830287206266,collecTRI_weights
635,,,,gsea_estimate,mcauroc,0.6270989179611206,0.0013054830287206266,collecTRI_weights
636,,,,gsea_estimate,mcauroc,0.5874025821685791,0.0013054830287206266,collecTRI_weights
637,,,,gsea_estimate,mcauroc,0.5981168746948242,0.0013054830287206266,collecTRI_weights
638,,,,gsea_estimate,mcauroc,0.5796305537223816,0.0013054830287206266,collecTRI_weights
639,,,,gsea_estimate,mcauroc,0.6092549562454224,0.0013054830287206266,collecTRI_weights
640,,,,gsea_estimate,mcauroc,0.6273044347763062,0.0013054830287206266,collecTRI_weights
641,,,,gsea_estimate,mcauroc,0.6043856143951416,0.0013054830287206266,collecTRI_weights
642,,,,gsea_estimate,mcauroc,0.6069168448448181,0.0013054830287206266,collecTRI_weights
643,,,,gsea_estimate,mcauroc,0.6063641309738159,0.0013054830287206266,collecTRI_weights
644,,,,gsea_estimate,mcauroc,0.5775234699249268,0.0013054830287206266,collecTRI_weights
645,,,,gsea_estimate,mcauroc,0.6196475625038147,0.0013054830287206266,collecTRI_weights
646,,,,gsea_estimate,mcauroc,0.5985406041145325,0.0013054830287206266,collecTRI_weights
647,,,,gsea_estimate,mcauroc,0.6224610209465027,0.0013054830287206266,collecTRI_weights
648,,,,gsea_estimate,mcauroc,0.5902161002159119,0.0013054830287206266,collecTRI_weights
649,,,,gsea_estimate,mcauroc,0.6367464661598206,0.0013054830287206266,collecTRI_weights
650,,,,gsea_estimate,mcauroc,0.5926953554153442,0.0013054830287206266,collecTRI_weights
651,,,,gsea_estimate,mcauroc,0.6090620756149292,0.0013054830287206266,collecTRI_weights
652,,,,gsea_estimate,mcauroc,0.5822382569313049,0.0013054830287206266,collecTRI_weights
653,,,,gsea_estimate,mcauroc,0.600891649723053,0.0013054830287206266,collecTRI_weights
654,,,,gsea_estimate,mcauroc,0.5872740745544434,0.0013054830287206266,collecTRI_weights
655,,,,gsea_estimate,mcauroc,0.5804784893989563,0.0013054830287206266,collecTRI_weights
656,,,,gsea_estimate,mcauroc,0.5998253226280212,0.0013054830287206266,collecTRI_weights
657,,,,gsea_estimate,mcauroc,0.5966522097587585,0.0013054830287206266,collecTRI_weights
658,,,,gsea_estimate,mcauroc,0.6248635053634644,0.0013054830287206266,collecTRI_weights
659,,,,gsea_estimate,mcauroc,0.5983352065086365,0.0013054830287206266,collecTRI_weights
660,,,,gsea_estimate,mcauroc,0.5734254717826843,0.0013054830287206266,collecTRI_weights
661,,,,gsea_estimate,mcauroc,0.6065313220024109,0.0013054830287206266,collecTRI_weights
662,,,,gsea_estimate,mcauroc,0.6237460970878601,0.0013054830287206266,collecTRI_weights
663,,,,gsea_estimate,mcauroc,0.6393546462059021,0.0013054830287206266,collecTRI_weights
664,,,,gsea_estimate,mcauroc,0.6012640595436096,0.0013054830287206266,collecTRI_weights
665,,,,gsea_estimate,mcauroc,0.632533073425293,0.0013054830287206266,collecTRI_weights
666,,,,gsea_estimate,mcauroc,0.5733996033668518,0.0013054830287206266,collecTRI_weights
667,,,,gsea_estimate,mcauroc,0.627907931804657,0.0013054830287206266,collecTRI_weights
668,,,,gsea_estimate,mcauroc,0.6067240834236145,0.0013054830287206266,collecTRI_weights
669,,,,gsea_estimate,mcauroc,0.5640214085578918,0.0013054830287206266,collecTRI_weights
670,,,,gsea_estimate,mcauroc,0.6135455369949341,0.0013054830287206266,collecTRI_weights
671,,,,gsea_estimate,mcauroc,0.6189156174659729,0.0013054830287206266,collecTRI_weights
672,,,,gsea_estimate,mcauroc,0.605079710483551,0.0013054830287206266,collecTRI_weights
673,,,,gsea_estimate,mcauroc,0.6045015454292297,0.0013054830287206266,collecTRI_weights
674,,,,gsea_estimate,mcauroc,0.5997997522354126,0.0013054830287206266,collecTRI_weights
675,,,,gsea_estimate,mcauroc,0.6264179348945618,0.0013054830287206266,collecTRI_weights
676,,,,gsea_estimate,mcauroc,0.6174508929252625,0.0013054830287206266,collecTRI_weights
677,,,,gsea_estimate,mcauroc,0.6201614737510681,0.0013054830287206266,collecTRI_weights
678,,,,gsea_estimate,mcauroc,0.564805269241333,0.0013054830287206266,collecTRI_weights
679,,,,gsea_estimate,mcauroc,0.598759114742279,0.0013054830287206266,collecTRI_weights
680,,,,gsea_estimate,mcauroc,0.6086125373840332,0.0013054830287206266,collecTRI_weights
681,,,,gsea_estimate,mcauroc,0.6092289090156555,0.0013054830287206266,collecTRI_weights
682,,,,gsea_estimate,mcauroc,0.6131730079650879,0.0013054830287206266,collecTRI_weights
683,,,,gsea_estimate,mcauroc,0.5865289568901062,0.0013054830287206266,collecTRI_weights
684,,,,gsea_estimate,mcauroc,0.5896762609481812,0.0013054830287206266,collecTRI_weights
685,,,,gsea_estimate,mcauroc,0.5775746703147888,0.0013054830287206266,collecTRI_weights
686,,,,gsea_estimate,mcauroc,0.60988450050354,0.0013054830287206266,collecTRI_weights
687,,,,gsea_estimate,mcauroc,0.5901645421981812,0.0013054830287206266,collecTRI_weights
688,,,,gsea_estimate,mcauroc,0.5852829217910767,0.0013054830287206266,collecTRI_weights
689,,,,gsea_estimate,mcauroc,0.6024332642555237,0.0013054830287206266,collecTRI_weights
690,,,,gsea_estimate,mcauroc,0.6225383877754211,0.0013054830287206266,collecTRI_weights
691,,,,gsea_estimate,mcauroc,0.6037691831588745,0.0013054830287206266,collecTRI_weights
692,,,,gsea_estimate,mcauroc,0.572808563709259,0.0013054830287206266,collecTRI_weights
693,,,,gsea_estimate,mcauroc,0.6108992099761963,0.0013054830287206266,collecTRI_weights
694,,,,gsea_estimate,mcauroc,0.5686206221580505,0.0013054830287206266,collecTRI_weights
695,,,,gsea_estimate,mcauroc,0.598335325717926,0.0013054830287206266,collecTRI_weights
696,,,,gsea_estimate,mcauroc,0.5621716976165771,0.0013054830287206266,collecTRI_weights
697,,,,gsea_estimate,mcauroc,0.5983223915100098,0.0013054830287206266,collecTRI_weights
698,,,,gsea_estimate,mcauroc,0.6162433624267578,0.0013054830287206266,collecTRI_weights
699,,,,gsea_estimate,mcauroc,0.6009431481361389,0.0013054830287206266,collecTRI_weights
700,,,,gsea_estimate,mcauroc,0.6187998652458191,0.0013054830287206266,collecTRI_weights
701,,,,gsea_estimate,mcauroc,0.5895351767539978,0.0013054830287206266,collecTRI_weights
702,,,,gsea_estimate,mcauroc,0.6271889209747314,0.0013054830287206266,collecTRI_weights
703,,,,gsea_estimate,mcauroc,0.6036664843559265,0.0013054830287206266,collecTRI_weights
704,,,,gsea_estimate,mcauroc,0.6077903509140015,0.0013054830287206266,collecTRI_weights
705,,,,gsea_estimate,mcauroc,0.6033580899238586,0.0013054830287206266,collecTRI_weights
706,,,,gsea_estimate,mcauroc,0.6139695048332214,0.0013054830287206266,collecTRI_weights
707,,,,gsea_estimate,mcauroc,0.6212277412414551,0.0013054830287206266,collecTRI_weights
708,,,,gsea_estimate,mcauroc,0.608496904373169,0.0013054830287206266,collecTRI_weights
709,,,,gsea_estimate,mcauroc,0.5928239226341248,0.0013054830287206266,collecTRI_weights
710,,,,gsea_estimate,mcauroc,0.6074944734573364,0.0013054830287206266,collecTRI_weights
711,,,,gsea_estimate,mcauroc,0.6044759154319763,0.0013054830287206266,collecTRI_weights
712,,,,gsea_estimate,mcauroc,0.6091392636299133,0.0013054830287206266,collecTRI_weights
713,,,,gsea_estimate,mcauroc,0.6357961297035217,0.0013054830287206266,collecTRI_weights
714,,,,gsea_estimate,mcauroc,0.6054138541221619,0.0013054830287206266,collecTRI_weights
715,,,,gsea_estimate,mcauroc,0.6184403300285339,0.0013054830287206266,collecTRI_weights
716,,,,gsea_estimate,mcauroc,0.6032297611236572,0.0013054830287206266,collecTRI_weights
717,,,,gsea_estimate,mcauroc,0.5997997522354126,0.0013054830287206266,collecTRI_weights
718,,,,gsea_estimate,mcauroc,0.5679267048835754,0.0013054830287206266,collecTRI_weights
719,,,,gsea_estimate,mcauroc,0.6012129187583923,0.0013054830287206266,collecTRI_weights
720,,,,gsea_estimate,mcauroc,0.5945196747779846,0.0013054830287206266,collecTRI_weights
721,,,,gsea_estimate,mcauroc,0.619750440120697,0.0013054830287206266,collecTRI_weights
722,,,,gsea_estimate,mcauroc,0.6073917746543884,0.0013054830287206266,collecTRI_weights
723,,,,gsea_estimate,mcauroc,0.6003391146659851,0.0013054830287206266,collecTRI_weights
724,,,,gsea_estimate,mcauroc,0.6148046851158142,0.0013054830287206266,collecTRI_weights
725,,,,gsea_estimate,mcauroc,0.5922073125839233,0.0013054830287206266,collecTRI_weights
726,,,,gsea_estimate,mcauroc,0.6113361120223999,0.0013054830287206266,collecTRI_weights
727,,,,gsea_estimate,mcauroc,0.5941599011421204,0.0013054830287206266,collecTRI_weights
728,,,,gsea_estimate,mcauroc,0.6074049472808838,0.0013054830287206266,collecTRI_weights
729,,,,gsea_estimate,mcauroc,0.579412043094635,0.0013054830287206266,collecTRI_weights
730,,,,gsea_estimate,mcauroc,0.5881733894348145,0.0013054830287206266,collecTRI_weights
731,,,,gsea_estimate,mcauroc,0.5880193710327148,0.0013054830287206266,collecTRI_weights
732,,,,gsea_estimate,mcauroc,0.6425920724868774,0.0013054830287206266,collecTRI_weights
733,,,,gsea_estimate,mcauroc,0.6113231182098389,0.0013054830287206266,collecTRI_weights
734,,,,gsea_estimate,mcauroc,0.5867217779159546,0.0013054830287206266,collecTRI_weights
735,,,,gsea_estimate,mcauroc,0.6214849948883057,0.0013054830287206266,collecTRI_weights
736,,,,gsea_estimate,mcauroc,0.6083941459655762,0.0013054830287206266,collecTRI_weights
737,,,,gsea_estimate,mcauroc,0.5674387812614441,0.0013054830287206266,collecTRI_weights
738,,,,gsea_estimate,mcauroc,0.6158580780029297,0.0013054830287206266,collecTRI_weights
739,,,,gsea_estimate,mcauroc,0.6287818551063538,0.0013054830287206266,collecTRI_weights
740,,,,gsea_estimate,mcauroc,0.619981586933136,0.0013054830287206266,collecTRI_weights
741,,,,gsea_estimate,mcauroc,0.5740678310394287,0.0013054830287206266,collecTRI_weights
742,,,,gsea_estimate,mcauroc,0.5868759751319885,0.0013054830287206266,collecTRI_weights
743,,,,gsea_estimate,mcauroc,0.6112202405929565,0.0013054830287206266,collecTRI_weights
744,,,,gsea_estimate,mcauroc,0.6034225821495056,0.0013054830287206266,collecTRI_weights
745,,,,gsea_estimate,mcauroc,0.5967935919761658,0.0013054830287206266,collecTRI_weights
746,,,,gsea_estimate,mcauroc,0.6013795733451843,0.0013054830287206266,collecTRI_weights
747,,,,gsea_estimate,mcauroc,0.6197633743286133,0.0013054830287206266,collecTRI_weights
748,,,,gsea_estimate,mcauroc,0.6390976905822754,0.0013054830287206266,collecTRI_weights
749,,,,gsea_estimate,mcauroc,0.6054137945175171,0.0013054830287206266,collecTRI_weights
750,,,,gsea_estimate,mcauroc,0.5941342711448669,0.0013054830287206266,collecTRI_weights
751,,,,gsea_estimate,mcauroc,0.6093576550483704,0.0013054830287206266,collecTRI_weights
752,,,,gsea_estimate,mcauroc,0.5991702675819397,0.0013054830287206266,collecTRI_weights
753,,,,gsea_estimate,mcauroc,0.6305291652679443,0.0013054830287206266,collecTRI_weights
754,,,,gsea_estimate,mcauroc,0.5862206816673279,0.0013054830287206266,collecTRI_weights
755,,,,gsea_estimate,mcauroc,0.6171042323112488,0.0013054830287206266,collecTRI_weights
756,,,,gsea_estimate,mcauroc,0.5784870386123657,0.0013054830287206266,collecTRI_weights
757,,,,gsea_estimate,mcauroc,0.6106420159339905,0.0013054830287206266,collecTRI_weights
758,,,,gsea_estimate,mcauroc,0.6082782745361328,0.0013054830287206266,collecTRI_weights
759,,,,gsea_estimate,mcauroc,0.6436839699745178,0.0013054830287206266,collecTRI_weights
760,,,,gsea_estimate,mcauroc,0.5953674912452698,0.0013054830287206266,collecTRI_weights
761,,,,gsea_estimate,mcauroc,0.6332524418830872,0.0013054830287206266,collecTRI_weights
762,,,,gsea_estimate,mcauroc,0.5919761061668396,0.0013054830287206266,collecTRI_weights
763,,,,gsea_estimate,mcauroc,0.587800920009613,0.0013054830287206266,collecTRI_weights
764,,,,gsea_estimate,mcauroc,0.6141495704650879,0.0013054830287206266,collecTRI_weights
765,,,,gsea_estimate,mcauroc,0.6252615451812744,0.0013054830287206266,collecTRI_weights
766,,,,gsea_estimate,mcauroc,0.6192623376846313,0.0013054830287206266,collecTRI_weights
767,,,,gsea_estimate,mcauroc,0.6221402883529663,0.0013054830287206266,collecTRI_weights
768,,,,gsea_estimate,mcauroc,0.6017264127731323,0.0013054830287206266,collecTRI_weights
769,,,,gsea_estimate,mcauroc,0.6151514053344727,0.0013054830287206266,collecTRI_weights
770,,,,gsea_estimate,mcauroc,0.599452793598175,0.0013054830287206266,collecTRI_weights
771,,,,gsea_estimate,mcauroc,0.5997356176376343,0.0013054830287206266,collecTRI_weights
772,,,,gsea_estimate,mcauroc,0.5900232195854187,0.0013054830287206266,collecTRI_weights
773,,,,gsea_estimate,mcauroc,0.5904088020324707,0.0013054830287206266,collecTRI_weights
774,,,,gsea_estimate,mcauroc,0.6003776788711548,0.0013054830287206266,collecTRI_weights
775,,,,gsea_estimate,mcauroc,0.6094859838485718,0.0013054830287206266,collecTRI_weights
776,,,,gsea_estimate,mcauroc,0.5874667763710022,0.0013054830287206266,collecTRI_weights
777,,,,gsea_estimate,mcauroc,0.6207910776138306,0.0013054830287206266,collecTRI_weights
778,,,,gsea_estimate,mcauroc,0.5900107026100159,0.0013054830287206266,collecTRI_weights
779,,,,gsea_estimate,mcauroc,0.5857324600219727,0.0013054830287206266,collecTRI_weights
780,,,,gsea_estimate,mcauroc,0.5908070206642151,0.0013054830287206266,collecTRI_weights
781,,,,gsea_estimate,mcauroc,0.5895993113517761,0.0013054830287206266,collecTRI_weights
782,,,,gsea_estimate,mcauroc,0.6072635650634766,0.0013054830287206266,collecTRI_weights
783,,,,gsea_estimate,mcauroc,0.6054264307022095,0.0013054830287206266,collecTRI_weights
784,,,,gsea_estimate,mcauroc,0.609666109085083,0.0013054830287206266,collecTRI_weights
785,,,,gsea_estimate,mcauroc,0.6021377444267273,0.0013054830287206266,collecTRI_weights
786,,,,gsea_estimate,mcauroc,0.5860408544540405,0.0013054830287206266,collecTRI_weights
787,,,,gsea_estimate,mcauroc,0.6486554145812988,0.0013054830287206266,collecTRI_weights
788,,,,gsea_estimate,mcauroc,0.6201618313789368,0.0013054830287206266,collecTRI_weights
789,,,,gsea_estimate,mcauroc,0.5648567080497742,0.0013054830287206266,collecTRI_weights
790,,,,gsea_estimate,mcauroc,0.604591429233551,0.0013054830287206266,collecTRI_weights
791,,,,gsea_estimate,mcauroc,0.6272143721580505,0.0013054830287206266,collecTRI_weights
792,,,,gsea_estimate,mcauroc,0.5610025525093079,0.0013054830287206266,collecTRI_weights
793,,,,gsea_estimate,mcauroc,0.6184271574020386,0.0013054830287206266,collecTRI_weights
794,,,,gsea_estimate,mcauroc,0.5986434817314148,0.0013054830287206266,collecTRI_weights
795,,,,gsea_estimate,mcauroc,0.6161019802093506,0.0013054830287206266,collecTRI_weights
796,,,,gsea_estimate,mcauroc,0.5573927164077759,0.0013054830287206266,collecTRI_weights
797,,,,gsea_estimate,mcauroc,0.6062101125717163,0.0013054830287206266,collecTRI_weights
798,,,,gsea_estimate,mcauroc,0.563263475894928,0.0013054830287206266,collecTRI_weights
799,,,,gsea_estimate,mcauroc,0.6085867285728455,0.0013054830287206266,collecTRI_weights
800,,,,gsea_estimate,mcauroc,0.5828036069869995,0.0013054830287206266,collecTRI_weights
801,,,,gsea_estimate,mcauroc,0.5653319358825684,0.0013054830287206266,collecTRI_weights
802,,,,gsea_estimate,mcauroc,0.5801569819450378,0.0013054830287206266,collecTRI_weights
803,,,,gsea_estimate,mcauroc,0.6094475984573364,0.0013054830287206266,collecTRI_weights
804,,,,gsea_estimate,mcauroc,0.6170654892921448,0.0013054830287206266,collecTRI_weights
805,,,,gsea_estimate,mcauroc,0.6233733296394348,0.0013054830287206266,collecTRI_weights
806,,,,gsea_estimate,mcauroc,0.590100109577179,0.0013054830287206266,collecTRI_weights
807,,,,gsea_estimate,mcauroc,0.5816344022750854,0.0013054830287206266,collecTRI_weights
808,,,,gsea_estimate,mcauroc,0.6263664960861206,0.0013054830287206266,collecTRI_weights
809,,,,gsea_estimate,mcauroc,0.5800543427467346,0.0013054830287206266,collecTRI_weights
810,,,,gsea_estimate,mcauroc,0.644441545009613,0.0013054830287206266,collecTRI_weights
811,,,,gsea_estimate,mcauroc,0.6091135740280151,0.0013054830287206266,collecTRI_weights
812,,,,gsea_estimate,mcauroc,0.634203314781189,0.0013054830287206266,collecTRI_weights
813,,,,gsea_estimate,mcauroc,0.5928752422332764,0.0013054830287206266,collecTRI_weights
814,,,,gsea_estimate,mcauroc,0.5963954329490662,0.0013054830287206266,collecTRI_weights
815,,,,gsea_estimate,mcauroc,0.5616962909698486,0.0013054830287206266,collecTRI_weights
816,,,,gsea_estimate,mcauroc,0.5980781316757202,0.0013054830287206266,collecTRI_weights
817,,,,gsea_estimate,mcauroc,0.6356931328773499,0.0013054830287206266,collecTRI_weights
818,,,,gsea_estimate,mcauroc,0.6457136273384094,0.0013054830287206266,collecTRI_weights
819,,,,gsea_estimate,mcauroc,0.5860021710395813,0.0013054830287206266,collecTRI_weights
820,,,,gsea_estimate,mcauroc,0.5922713875770569,0.0013054830287206266,collecTRI_weights
821,,,,gsea_estimate,mcauroc,0.6047326326370239,0.0013054830287206266,collecTRI_weights
822,,,,gsea_estimate,mcauroc,0.608573853969574,0.0013054830287206266,collecTRI_weights
823,,,,gsea_estimate,mcauroc,0.595611572265625,0.0013054830287206266,collecTRI_weights
824,,,,gsea_estimate,mcauroc,0.5830475091934204,0.0013054830287206266,collecTRI_weights
825,,,,gsea_estimate,mcauroc,0.6389948129653931,0.0013054830287206266,collecTRI_weights
826,,,,gsea_estimate,mcauroc,0.6560938358306885,0.0013054830287206266,collecTRI_weights
827,,,,gsea_estimate,mcauroc,0.6200973987579346,0.0013054830287206266,collecTRI_weights
828,,,,gsea_estimate,mcauroc,0.6196605563163757,0.0013054830287206266,collecTRI_weights
829,,,,gsea_estimate,mcauroc,0.6144962310791016,0.0013054830287206266,collecTRI_weights
830,,,,gsea_estimate,mcauroc,0.594840943813324,0.0013054830287206266,collecTRI_weights
831,,,,gsea_estimate,mcauroc,0.5846471190452576,0.0013054830287206266,collecTRI_weights
832,,,,gsea_estimate,mcauroc,0.5628012418746948,0.0013054830287206266,collecTRI_weights
833,,,,gsea_estimate,mcauroc,0.5872997045516968,0.0013054830287206266,collecTRI_weights
834,,,,gsea_estimate,mcauroc,0.6108479499816895,0.0013054830287206266,collecTRI_weights
835,,,,gsea_estimate,mcauroc,0.6106422543525696,0.0013054830287206266,collecTRI_weights
836,,,,gsea_estimate,mcauroc,0.5743758678436279,0.0013054830287206266,collecTRI_weights
837,,,,gsea_estimate,mcauroc,0.600544810295105,0.0013054830287206266,collecTRI_weights
838,,,,gsea_estimate,mcauroc,0.6129418611526489,0.0013054830287206266,collecTRI_weights
839,,,,gsea_estimate,mcauroc,0.6248893737792969,0.0013054830287206266,collecTRI_weights
840,,,,gsea_estimate,mcauroc,0.563148021697998,0.0013054830287206266,collecTRI_weights
841,,,,gsea_estimate,mcauroc,0.5892267227172852,0.0013054830287206266,collecTRI_weights
842,,,,gsea_estimate,mcauroc,0.5776903629302979,0.0013054830287206266,collecTRI_weights
843,,,,gsea_estimate,mcauroc,0.6356675624847412,0.0013054830287206266,collecTRI_weights
844,,,,gsea_estimate,mcauroc,0.5954958200454712,0.0013054830287206266,collecTRI_weights
845,,,,gsea_estimate,mcauroc,0.6105653643608093,0.0013054830287206266,collecTRI_weights
846,,,,gsea_estimate,mcauroc,0.5842937231063843,0.0013054830287206266,collecTRI_weights
847,,,,gsea_estimate,mcauroc,0.6031911969184875,0.0013054830287206266,collecTRI_weights
848,,,,gsea_estimate,mcauroc,0.5967549681663513,0.0013054830287206266,collecTRI_weights
849,,,,gsea_estimate,mcauroc,0.6211124062538147,0.0013054830287206266,collecTRI_weights
850,,,,gsea_estimate,mcauroc,0.5934149622917175,0.0013054830287206266,collecTRI_weights
851,,,,gsea_estimate,mcauroc,0.6350510716438293,0.0013054830287206266,collecTRI_weights
852,,,,gsea_estimate,mcauroc,0.6112332940101624,0.0013054830287206266,collecTRI_weights
853,,,,gsea_estimate,mcauroc,0.5975771546363831,0.0013054830287206266,collecTRI_weights
854,,,,gsea_estimate,mcauroc,0.6158323287963867,0.0013054830287206266,collecTRI_weights
855,,,,gsea_estimate,mcauroc,0.6067883968353271,0.0013054830287206266,collecTRI_weights
856,,,,gsea_estimate,mcauroc,0.616384744644165,0.0013054830287206266,collecTRI_weights
857,,,,gsea_estimate,mcauroc,0.5851929187774658,0.0013054830287206266,collecTRI_weights
858,,,,gsea_estimate,mcauroc,0.6277284622192383,0.0013054830287206266,collecTRI_weights
859,,,,gsea_estimate,mcauroc,0.6124022006988525,0.0013054830287206266,collecTRI_weights
860,,,,gsea_estimate,mcauroc,0.6215236783027649,0.0013054830287206266,collecTRI_weights
861,,,,gsea_estimate,mcauroc,0.5977829098701477,0.0013054830287206266,collecTRI_weights
862,,,,gsea_estimate,mcauroc,0.5858612060546875,0.0013054830287206266,collecTRI_weights
863,,,,gsea_estimate,mcauroc,0.6071606278419495,0.0013054830287206266,collecTRI_weights
864,,,,gsea_estimate,mcauroc,0.6007502675056458,0.0013054830287206266,collecTRI_weights
865,,,,gsea_estimate,mcauroc,0.5869272947311401,0.0013054830287206266,collecTRI_weights
866,,,,gsea_estimate,mcauroc,0.6233476400375366,0.0013054830287206266,collecTRI_weights
867,,,,gsea_estimate,mcauroc,0.593903124332428,0.0013054830287206266,collecTRI_weights
868,,,,gsea_estimate,mcauroc,0.605021595954895,0.0013054830287206266,collecTRI_weights
869,,,,gsea_estimate,mcauroc,0.6116828918457031,0.0013054830287206266,collecTRI_weights
870,,,,gsea_estimate,mcauroc,0.5926055312156677,0.0013054830287206266,collecTRI_weights
871,,,,gsea_estimate,mcauroc,0.6073020696640015,0.0013054830287206266,collecTRI_weights
872,,,,gsea_estimate,mcauroc,0.5990417003631592,0.0013054830287206266,collecTRI_weights
873,,,,gsea_estimate,mcauroc,0.6085867881774902,0.0013054830287206266,collecTRI_weights
874,,,,gsea_estimate,mcauroc,0.6252619028091431,0.0013054830287206266,collecTRI_weights
875,,,,gsea_estimate,mcauroc,0.6030371189117432,0.0013054830287206266,collecTRI_weights
876,,,,gsea_estimate,mcauroc,0.5972432494163513,0.0013054830287206266,collecTRI_weights
877,,,,gsea_estimate,mcauroc,0.589458167552948,0.0013054830287206266,collecTRI_weights
878,,,,gsea_estimate,mcauroc,0.5925541520118713,0.0013054830287206266,collecTRI_weights
879,,,,gsea_estimate,mcauroc,0.6010714173316956,0.0013054830287206266,collecTRI_weights
880,,,,gsea_estimate,mcauroc,0.5894709229469299,0.0013054830287206266,collecTRI_weights
881,,,,gsea_estimate,mcauroc,0.608689546585083,0.0013054830287206266,collecTRI_weights
882,,,,gsea_estimate,mcauroc,0.5732068419456482,0.0013054830287206266,collecTRI_weights
883,,,,gsea_estimate,mcauroc,0.5941343307495117,0.0013054830287206266,collecTRI_weights
884,,,,gsea_estimate,mcauroc,0.6026645302772522,0.0013054830287206266,collecTRI_weights
885,,,,gsea_estimate,mcauroc,0.6441465020179749,0.0013054830287206266,collecTRI_weights
886,,,,gsea_estimate,mcauroc,0.6347812414169312,0.0013054830287206266,collecTRI_weights
887,,,,gsea_estimate,mcauroc,0.617527961730957,0.0013054830287206266,collecTRI_weights
888,,,,gsea_estimate,mcauroc,0.6218318343162537,0.0013054830287206266,collecTRI_weights
889,,,,gsea_estimate,mcauroc,0.5961511135101318,0.0013054830287206266,collecTRI_weights
890,,,,gsea_estimate,mcauroc,0.5982192158699036,0.0013054830287206266,collecTRI_weights
891,,,,gsea_estimate,mcauroc,0.5733999013900757,0.0013054830287206266,collecTRI_weights
892,,,,gsea_estimate,mcauroc,0.5666552782058716,0.0013054830287206266,collecTRI_weights
893,,,,gsea_estimate,mcauroc,0.5963053703308105,0.0013054830287206266,collecTRI_weights
894,,,,gsea_estimate,mcauroc,0.58575838804245,0.0013054830287206266,collecTRI_weights
895,,,,gsea_estimate,mcauroc,0.6166157126426697,0.0013054830287206266,collecTRI_weights
896,,,,gsea_estimate,mcauroc,0.5750954151153564,0.0013054830287206266,collecTRI_weights
897,,,,gsea_estimate,mcauroc,0.6429261565208435,0.0013054830287206266,collecTRI_weights
898,,,,gsea_estimate,mcauroc,0.6173354387283325,0.0013054830287206266,collecTRI_weights
899,,,,gsea_estimate,mcauroc,0.589078962802887,0.0013054830287206266,collecTRI_weights
900,,,,gsea_estimate,mcauroc,0.6011872291564941,0.0013054830287206266,collecTRI_weights
901,,,,gsea_estimate,mcauroc,0.608856737613678,0.0013054830287206266,collecTRI_weights
902,,,,gsea_estimate,mcauroc,0.5868244171142578,0.0013054830287206266,collecTRI_weights
903,,,,gsea_estimate,mcauroc,0.6039491295814514,0.0013054830287206266,collecTRI_weights
904,,,,gsea_estimate,mcauroc,0.5875182747840881,0.0013054830287206266,collecTRI_weights
905,,,,gsea_estimate,mcauroc,0.574979841709137,0.0013054830287206266,collecTRI_weights
906,,,,gsea_estimate,mcauroc,0.6030371785163879,0.0013054830287206266,collecTRI_weights
907,,,,gsea_estimate,mcauroc,0.5969605445861816,0.0013054830287206266,collecTRI_weights
908,,,,gsea_estimate,mcauroc,0.6199945211410522,0.0013054830287206266,collecTRI_weights
909,,,,gsea_estimate,mcauroc,0.5896636843681335,0.0013054830287206266,collecTRI_weights
910,,,,gsea_estimate,mcauroc,0.5714728832244873,0.0013054830287206266,collecTRI_weights
911,,,,gsea_estimate,mcauroc,0.6023945808410645,0.0013054830287206266,collecTRI_weights
912,,,,gsea_estimate,mcauroc,0.5939931273460388,0.0013054830287206266,collecTRI_weights
913,,,,gsea_estimate,mcauroc,0.624002993106842,0.0013054830287206266,collecTRI_weights
914,,,,gsea_estimate,mcauroc,0.6317748427391052,0.0013054830287206266,collecTRI_weights
915,,,,gsea_estimate,mcauroc,0.5963181853294373,0.0013054830287206266,collecTRI_weights
916,,,,gsea_estimate,mcauroc,0.6224356293678284,0.0013054830287206266,collecTRI_weights
917,,,,gsea_estimate,mcauroc,0.6210482120513916,0.0013054830287206266,collecTRI_weights
918,,,,gsea_estimate,mcauroc,0.591166615486145,0.0013054830287206266,collecTRI_weights
919,,,,gsea_estimate,mcauroc,0.574928343296051,0.0013054830287206266,collecTRI_weights
920,,,,gsea_estimate,mcauroc,0.6088436841964722,0.0013054830287206266,collecTRI_weights
921,,,,gsea_estimate,mcauroc,0.5953546166419983,0.0013054830287206266,collecTRI_weights
922,,,,gsea_estimate,mcauroc,0.6307471394538879,0.0013054830287206266,collecTRI_weights
923,,,,gsea_estimate,mcauroc,0.6098330020904541,0.0013054830287206266,collecTRI_weights
924,,,,gsea_estimate,mcauroc,0.5968318581581116,0.0013054830287206266,collecTRI_weights
925,,,,gsea_estimate,mcauroc,0.5887643098831177,0.0013054830287206266,collecTRI_weights
926,,,,gsea_estimate,mcauroc,0.6244780421257019,0.0013054830287206266,collecTRI_weights
927,,,,gsea_estimate,mcauroc,0.6205214262008667,0.0013054830287206266,collecTRI_weights
928,,,,gsea_estimate,mcauroc,0.6090878248214722,0.0013054830287206266,collecTRI_weights
929,,,,gsea_estimate,mcauroc,0.6021636724472046,0.0013054830287206266,collecTRI_weights
930,,,,gsea_estimate,mcauroc,0.5999152660369873,0.0013054830287206266,collecTRI_weights
931,,,,gsea_estimate,mcauroc,0.5982066988945007,0.0013054830287206266,collecTRI_weights
932,,,,gsea_estimate,mcauroc,0.6298226118087769,0.0013054830287206266,collecTRI_weights
933,,,,gsea_estimate,mcauroc,0.5967036485671997,0.0013054830287206266,collecTRI_weights
934,,,,gsea_estimate,mcauroc,0.577549159526825,0.0013054830287206266,collecTRI_weights
935,,,,gsea_estimate,mcauroc,0.6304389238357544,0.0013054830287206266,collecTRI_weights
936,,,,gsea_estimate,mcauroc,0.5905628204345703,0.0013054830287206266,collecTRI_weights
937,,,,gsea_estimate,mcauroc,0.5989775657653809,0.0013054830287206266,collecTRI_weights
938,,,,gsea_estimate,mcauroc,0.6058374643325806,0.0013054830287206266,collecTRI_weights
939,,,,gsea_estimate,mcauroc,0.5917960405349731,0.0013054830287206266,collecTRI_weights
940,,,,gsea_estimate,mcauroc,0.6396371126174927,0.0013054830287206266,collecTRI_weights
941,,,,gsea_estimate,mcauroc,0.5763288140296936,0.0013054830287206266,collecTRI_weights
942,,,,gsea_estimate,mcauroc,0.6228082776069641,0.0013054830287206266,collecTRI_weights
943,,,,gsea_estimate,mcauroc,0.5950976610183716,0.0013054830287206266,collecTRI_weights
944,,,,gsea_estimate,mcauroc,0.5954189300537109,0.0013054830287206266,collecTRI_weights
945,,,,gsea_estimate,mcauroc,0.6070578098297119,0.0013054830287206266,collecTRI_weights
946,,,,gsea_estimate,mcauroc,0.5936716198921204,0.0013054830287206266,collecTRI_weights
947,,,,gsea_estimate,mcauroc,0.5914493203163147,0.0013054830287206266,collecTRI_weights
948,,,,gsea_estimate,mcauroc,0.6030241847038269,0.0013054830287206266,collecTRI_weights
949,,,,gsea_estimate,mcauroc,0.5895096063613892,0.0013054830287206266,collecTRI_weights
950,,,,gsea_estimate,mcauroc,0.6270732879638672,0.0013054830287206266,collecTRI_weights
951,,,,gsea_estimate,mcauroc,0.5982582569122314,0.0013054830287206266,collecTRI_weights
952,,,,gsea_estimate,mcauroc,0.6193779706954956,0.0013054830287206266,collecTRI_weights
953,,,,gsea_estimate,mcauroc,0.5857325196266174,0.0013054830287206266,collecTRI_weights
954,,,,gsea_estimate,mcauroc,0.622474193572998,0.0013054830287206266,collecTRI_weights
955,,,,gsea_estimate,mcauroc,0.6208682656288147,0.0013054830287206266,collecTRI_weights
956,,,,gsea_estimate,mcauroc,0.5868887305259705,0.0013054830287206266,collecTRI_weights
957,,,,gsea_estimate,mcauroc,0.6077002882957458,0.0013054830287206266,collecTRI_weights
958,,,,gsea_estimate,mcauroc,0.5933891534805298,0.0013054830287206266,collecTRI_weights
959,,,,gsea_estimate,mcauroc,0.6022919416427612,0.0013054830287206266,collecTRI_weights
960,,,,gsea_estimate,mcauroc,0.6009557247161865,0.0013054830287206266,collecTRI_weights
961,,,,gsea_estimate,mcauroc,0.6250565052032471,0.0013054830287206266,collecTRI_weights
962,,,,gsea_estimate,mcauroc,0.5848976373672485,0.0013054830287206266,collecTRI_weights
963,,,,gsea_estimate,mcauroc,0.5958040952682495,0.0013054830287206266,collecTRI_weights
964,,,,gsea_estimate,mcauroc,0.5996968746185303,0.0013054830287206266,collecTRI_weights
965,,,,gsea_estimate,mcauroc,0.6205600500106812,0.0013054830287206266,collecTRI_weights
966,,,,gsea_estimate,mcauroc,0.612543523311615,0.0013054830287206266,collecTRI_weights
967,,,,gsea_estimate,mcauroc,0.6061587929725647,0.0013054830287206266,collecTRI_weights
968,,,,gsea_estimate,mcauroc,0.6139309406280518,0.0013054830287206266,collecTRI_weights
969,,,,gsea_estimate,mcauroc,0.5921815633773804,0.0013054830287206266,collecTRI_weights
970,,,,gsea_estimate,mcauroc,0.6125435829162598,0.0013054830287206266,collecTRI_weights
971,,,,gsea_estimate,mcauroc,0.5891497731208801,0.0013054830287206266,collecTRI_weights
972,,,,gsea_estimate,mcauroc,0.5925282835960388,0.0013054830287206266,collecTRI_weights
973,,,,gsea_estimate,mcauroc,0.5990417003631592,0.0013054830287206266,collecTRI_weights
974,,,,gsea_estimate,mcauroc,0.6295778751373291,0.0013054830287206266,collecTRI_weights
975,,,,gsea_estimate,mcauroc,0.6420522928237915,0.0013054830287206266,collecTRI_weights
976,,,,gsea_estimate,mcauroc,0.6149972677230835,0.0013054830287206266,collecTRI_weights
977,,,,gsea_estimate,mcauroc,0.631068766117096,0.0013054830287206266,collecTRI_weights
978,,,,gsea_estimate,mcauroc,0.5709589123725891,0.0013054830287206266,collecTRI_weights
979,,,,gsea_estimate,mcauroc,0.6242982745170593,0.0013054830287206266,collecTRI_weights
980,,,,gsea_estimate,mcauroc,0.6240668296813965,0.0013054830287206266,collecTRI_weights
981,,,,gsea_estimate,mcauroc,0.584190845489502,0.0013054830287206266,collecTRI_weights
982,,,,gsea_estimate,mcauroc,0.5754038095474243,0.0013054830287206266,collecTRI_weights
983,,,,gsea_estimate,mcauroc,0.5606558322906494,0.0013054830287206266,collecTRI_weights
984,,,,gsea_estimate,mcauroc,0.6311199069023132,0.0013054830287206266,collecTRI_weights
985,,,,gsea_estimate,mcauroc,0.610809326171875,0.0013054830287206266,collecTRI_weights
986,,,,gsea_estimate,mcauroc,0.5914236307144165,0.0013054830287206266,collecTRI_weights
987,,,,gsea_estimate,mcauroc,0.5924256443977356,0.0013054830287206266,collecTRI_weights
988,,,,gsea_estimate,mcauroc,0.6231935024261475,0.0013054830287206266,collecTRI_weights
989,,,,gsea_estimate,mcauroc,0.5704963207244873,0.0013054830287206266,collecTRI_weights
990,,,,gsea_estimate,mcauroc,0.6183757781982422,0.0013054830287206266,collecTRI_weights
991,,,,gsea_estimate,mcauroc,0.587556779384613,0.0013054830287206266,collecTRI_weights
992,,,,gsea_estimate,mcauroc,0.5894065499305725,0.0013054830287206266,collecTRI_weights
993,,,,gsea_estimate,mcauroc,0.6015852689743042,0.0013054830287206266,collecTRI_weights
994,,,,gsea_estimate,mcauroc,0.6396114230155945,0.0013054830287206266,collecTRI_weights
995,,,,gsea_estimate,mcauroc,0.5745944976806641,0.0013054830287206266,collecTRI_weights
996,,,,gsea_estimate,mcauroc,0.5807995200157166,0.0013054830287206266,collecTRI_weights
997,,,,gsea_estimate,mcauroc,0.6107962727546692,0.0013054830287206266,collecTRI_weights
998,,,,gsea_estimate,mcauroc,0.6167317032814026,0.0013054830287206266,collecTRI_weights
999,,,,gsea_estimate,mcauroc,0.5942627191543579,0.0013054830287206266,collecTRI_weights
1000,,,,gsea_estimate,mcauroc,0.6218189001083374,0.0013054830287206266,collecTRI_weights
1001,,,,gsea_estimate,mcauroc,0.6121841669082642,0.0013054830287206266,collecTRI_weights
1002,,,,gsea_estimate,mcauprc,0.5571596026420593,0.0013054830287206266,collecTRI_weights
1003,,,,gsea_estimate,mcauprc,0.5787726640701294,0.0013054830287206266,collecTRI_weights
1004,,,,gsea_estimate,mcauprc,0.5684142112731934,0.0013054830287206266,collecTRI_weights
1005,,,,gsea_estimate,mcauprc,0.5542190670967102,0.0013054830287206266,collecTRI_weights
1006,,,,gsea_estimate,mcauprc,0.5933905839920044,0.0013054830287206266,collecTRI_weights
1007,,,,gsea_estimate,mcauprc,0.5574808716773987,0.0013054830287206266,collecTRI_weights
1008,,,,gsea_estimate,mcauprc,0.5744718909263611,0.0013054830287206266,collecTRI_weights
1009,,,,gsea_estimate,mcauprc,0.5438985228538513,0.0013054830287206266,collecTRI_weights
1010,,,,gsea_estimate,mcauprc,0.5476848483085632,0.0013054830287206266,collecTRI_weights
1011,,,,gsea_estimate,mcauprc,0.5513613820075989,0.0013054830287206266,collecTRI_weights
1012,,,,gsea_estimate,mcauprc,0.5865685343742371,0.0013054830287206266,collecTRI_weights
1013,,,,gsea_estimate,mcauprc,0.5452560782432556,0.0013054830287206266,collecTRI_weights
1014,,,,gsea_estimate,mcauprc,0.5202098488807678,0.0013054830287206266,collecTRI_weights
1015,,,,gsea_estimate,mcauprc,0.5596774220466614,0.0013054830287206266,collecTRI_weights
1016,,,,gsea_estimate,mcauprc,0.5408846139907837,0.0013054830287206266,collecTRI_weights
1017,,,,gsea_estimate,mcauprc,0.5454904437065125,0.0013054830287206266,collecTRI_weights
1018,,,,gsea_estimate,mcauprc,0.5493951439857483,0.0013054830287206266,collecTRI_weights
1019,,,,gsea_estimate,mcauprc,0.5501119494438171,0.0013054830287206266,collecTRI_weights
1020,,,,gsea_estimate,mcauprc,0.5680501461029053,0.0013054830287206266,collecTRI_weights
1021,,,,gsea_estimate,mcauprc,0.5559478402137756,0.0013054830287206266,collecTRI_weights
1022,,,,gsea_estimate,mcauprc,0.551224410533905,0.0013054830287206266,collecTRI_weights
1023,,,,gsea_estimate,mcauprc,0.5706784725189209,0.0013054830287206266,collecTRI_weights
1024,,,,gsea_estimate,mcauprc,0.5569116473197937,0.0013054830287206266,collecTRI_weights
1025,,,,gsea_estimate,mcauprc,0.5674375295639038,0.0013054830287206266,collecTRI_weights
1026,,,,gsea_estimate,mcauprc,0.5721737742424011,0.0013054830287206266,collecTRI_weights
1027,,,,gsea_estimate,mcauprc,0.5401868224143982,0.0013054830287206266,collecTRI_weights
1028,,,,gsea_estimate,mcauprc,0.5843549966812134,0.0013054830287206266,collecTRI_weights
1029,,,,gsea_estimate,mcauprc,0.5422033667564392,0.0013054830287206266,collecTRI_weights
1030,,,,gsea_estimate,mcauprc,0.5676670074462891,0.0013054830287206266,collecTRI_weights
1031,,,,gsea_estimate,mcauprc,0.5548383593559265,0.0013054830287206266,collecTRI_weights
1032,,,,gsea_estimate,mcauprc,0.5751352906227112,0.0013054830287206266,collecTRI_weights
1033,,,,gsea_estimate,mcauprc,0.5609474778175354,0.0013054830287206266,collecTRI_weights
1034,,,,gsea_estimate,mcauprc,0.5689941048622131,0.0013054830287206266,collecTRI_weights
1035,,,,gsea_estimate,mcauprc,0.5605001449584961,0.0013054830287206266,collecTRI_weights
1036,,,,gsea_estimate,mcauprc,0.595644474029541,0.0013054830287206266,collecTRI_weights
1037,,,,gsea_estimate,mcauprc,0.5744668245315552,0.0013054830287206266,collecTRI_weights
1038,,,,gsea_estimate,mcauprc,0.5648146867752075,0.0013054830287206266,collecTRI_weights
1039,,,,gsea_estimate,mcauprc,0.5854811668395996,0.0013054830287206266,collecTRI_weights
1040,,,,gsea_estimate,mcauprc,0.5669125318527222,0.0013054830287206266,collecTRI_weights
1041,,,,gsea_estimate,mcauprc,0.5573254227638245,0.0013054830287206266,collecTRI_weights
1042,,,,gsea_estimate,mcauprc,0.56412672996521,0.0013054830287206266,collecTRI_weights
1043,,,,gsea_estimate,mcauprc,0.566161572933197,0.0013054830287206266,collecTRI_weights
1044,,,,gsea_estimate,mcauprc,0.5735175609588623,0.0013054830287206266,collecTRI_weights
1045,,,,gsea_estimate,mcauprc,0.5411409139633179,0.0013054830287206266,collecTRI_weights
1046,,,,gsea_estimate,mcauprc,0.571831226348877,0.0013054830287206266,collecTRI_weights
1047,,,,gsea_estimate,mcauprc,0.5385167002677917,0.0013054830287206266,collecTRI_weights
1048,,,,gsea_estimate,mcauprc,0.5510598421096802,0.0013054830287206266,collecTRI_weights
1049,,,,gsea_estimate,mcauprc,0.5406808853149414,0.0013054830287206266,collecTRI_weights
1050,,,,gsea_estimate,mcauprc,0.5774070024490356,0.0013054830287206266,collecTRI_weights
1051,,,,gsea_estimate,mcauprc,0.5763458609580994,0.0013054830287206266,collecTRI_weights
1052,,,,gsea_estimate,mcauprc,0.5696088671684265,0.0013054830287206266,collecTRI_weights
1053,,,,gsea_estimate,mcauprc,0.5485955476760864,0.0013054830287206266,collecTRI_weights
1054,,,,gsea_estimate,mcauprc,0.535616934299469,0.0013054830287206266,collecTRI_weights
1055,,,,gsea_estimate,mcauprc,0.5692246556282043,0.0013054830287206266,collecTRI_weights
1056,,,,gsea_estimate,mcauprc,0.5761260986328125,0.0013054830287206266,collecTRI_weights
1057,,,,gsea_estimate,mcauprc,0.5416108965873718,0.0013054830287206266,collecTRI_weights
1058,,,,gsea_estimate,mcauprc,0.5625705718994141,0.0013054830287206266,collecTRI_weights
1059,,,,gsea_estimate,mcauprc,0.5425558090209961,0.0013054830287206266,collecTRI_weights
1060,,,,gsea_estimate,mcauprc,0.5515221953392029,0.0013054830287206266,collecTRI_weights
1061,,,,gsea_estimate,mcauprc,0.547212541103363,0.0013054830287206266,collecTRI_weights
1062,,,,gsea_estimate,mcauprc,0.544938862323761,0.0013054830287206266,collecTRI_weights
1063,,,,gsea_estimate,mcauprc,0.5739906430244446,0.0013054830287206266,collecTRI_weights
1064,,,,gsea_estimate,mcauprc,0.5684630274772644,0.0013054830287206266,collecTRI_weights
1065,,,,gsea_estimate,mcauprc,0.5553616285324097,0.0013054830287206266,collecTRI_weights
1066,,,,gsea_estimate,mcauprc,0.5645939707756042,0.0013054830287206266,collecTRI_weights
1067,,,,gsea_estimate,mcauprc,0.5670628547668457,0.0013054830287206266,collecTRI_weights
1068,,,,gsea_estimate,mcauprc,0.5450956225395203,0.0013054830287206266,collecTRI_weights
1069,,,,gsea_estimate,mcauprc,0.5419686436653137,0.0013054830287206266,collecTRI_weights
1070,,,,gsea_estimate,mcauprc,0.5570120811462402,0.0013054830287206266,collecTRI_weights
1071,,,,gsea_estimate,mcauprc,0.5804303884506226,0.0013054830287206266,collecTRI_weights
1072,,,,gsea_estimate,mcauprc,0.5889672636985779,0.0013054830287206266,collecTRI_weights
1073,,,,gsea_estimate,mcauprc,0.5587475895881653,0.0013054830287206266,collecTRI_weights
1074,,,,gsea_estimate,mcauprc,0.5424287915229797,0.0013054830287206266,collecTRI_weights
1075,,,,gsea_estimate,mcauprc,0.5539084672927856,0.0013054830287206266,collecTRI_weights
1076,,,,gsea_estimate,mcauprc,0.5859231948852539,0.0013054830287206266,collecTRI_weights
1077,,,,gsea_estimate,mcauprc,0.5493284463882446,0.0013054830287206266,collecTRI_weights
1078,,,,gsea_estimate,mcauprc,0.5533548593521118,0.0013054830287206266,collecTRI_weights
1079,,,,gsea_estimate,mcauprc,0.564858615398407,0.0013054830287206266,collecTRI_weights
1080,,,,gsea_estimate,mcauprc,0.5835674405097961,0.0013054830287206266,collecTRI_weights
1081,,,,gsea_estimate,mcauprc,0.5478336215019226,0.0013054830287206266,collecTRI_weights
1082,,,,gsea_estimate,mcauprc,0.5475804209709167,0.0013054830287206266,collecTRI_weights
1083,,,,gsea_estimate,mcauprc,0.5710808038711548,0.0013054830287206266,collecTRI_weights
1084,,,,gsea_estimate,mcauprc,0.573919415473938,0.0013054830287206266,collecTRI_weights
1085,,,,gsea_estimate,mcauprc,0.561865508556366,0.0013054830287206266,collecTRI_weights
1086,,,,gsea_estimate,mcauprc,0.5557802319526672,0.0013054830287206266,collecTRI_weights
1087,,,,gsea_estimate,mcauprc,0.5675597190856934,0.0013054830287206266,collecTRI_weights
1088,,,,gsea_estimate,mcauprc,0.5313326120376587,0.0013054830287206266,collecTRI_weights
1089,,,,gsea_estimate,mcauprc,0.5508170127868652,0.0013054830287206266,collecTRI_weights
1090,,,,gsea_estimate,mcauprc,0.5539162158966064,0.0013054830287206266,collecTRI_weights
1091,,,,gsea_estimate,mcauprc,0.5601240396499634,0.0013054830287206266,collecTRI_weights
1092,,,,gsea_estimate,mcauprc,0.5367762446403503,0.0013054830287206266,collecTRI_weights
1093,,,,gsea_estimate,mcauprc,0.5541582107543945,0.0013054830287206266,collecTRI_weights
1094,,,,gsea_estimate,mcauprc,0.5214704275131226,0.0013054830287206266,collecTRI_weights
1095,,,,gsea_estimate,mcauprc,0.566669762134552,0.0013054830287206266,collecTRI_weights
1096,,,,gsea_estimate,mcauprc,0.5396232604980469,0.0013054830287206266,collecTRI_weights
1097,,,,gsea_estimate,mcauprc,0.5546327829360962,0.0013054830287206266,collecTRI_weights
1098,,,,gsea_estimate,mcauprc,0.545427680015564,0.0013054830287206266,collecTRI_weights
1099,,,,gsea_estimate,mcauprc,0.55687016248703,0.0013054830287206266,collecTRI_weights
1100,,,,gsea_estimate,mcauprc,0.5712283849716187,0.0013054830287206266,collecTRI_weights
1101,,,,gsea_estimate,mcauprc,0.5466844439506531,0.0013054830287206266,collecTRI_weights
1102,,,,gsea_estimate,mcauprc,0.5804429650306702,0.0013054830287206266,collecTRI_weights
1103,,,,gsea_estimate,mcauprc,0.525810718536377,0.0013054830287206266,collecTRI_weights
1104,,,,gsea_estimate,mcauprc,0.5777442455291748,0.0013054830287206266,collecTRI_weights
1105,,,,gsea_estimate,mcauprc,0.5810165405273438,0.0013054830287206266,collecTRI_weights
1106,,,,gsea_estimate,mcauprc,0.5813238024711609,0.0013054830287206266,collecTRI_weights
1107,,,,gsea_estimate,mcauprc,0.519824206829071,0.0013054830287206266,collecTRI_weights
1108,,,,gsea_estimate,mcauprc,0.5719249248504639,0.0013054830287206266,collecTRI_weights
1109,,,,gsea_estimate,mcauprc,0.5622346997261047,0.0013054830287206266,collecTRI_weights
1110,,,,gsea_estimate,mcauprc,0.57682204246521,0.0013054830287206266,collecTRI_weights
1111,,,,gsea_estimate,mcauprc,0.5493861436843872,0.0013054830287206266,collecTRI_weights
1112,,,,gsea_estimate,mcauprc,0.5608094930648804,0.0013054830287206266,collecTRI_weights
1113,,,,gsea_estimate,mcauprc,0.5676794052124023,0.0013054830287206266,collecTRI_weights
1114,,,,gsea_estimate,mcauprc,0.571513831615448,0.0013054830287206266,collecTRI_weights
1115,,,,gsea_estimate,mcauprc,0.5684018731117249,0.0013054830287206266,collecTRI_weights
1116,,,,gsea_estimate,mcauprc,0.5529696941375732,0.0013054830287206266,collecTRI_weights
1117,,,,gsea_estimate,mcauprc,0.5298345685005188,0.0013054830287206266,collecTRI_weights
1118,,,,gsea_estimate,mcauprc,0.5510076880455017,0.0013054830287206266,collecTRI_weights
1119,,,,gsea_estimate,mcauprc,0.5525881052017212,0.0013054830287206266,collecTRI_weights
1120,,,,gsea_estimate,mcauprc,0.5621582269668579,0.0013054830287206266,collecTRI_weights
1121,,,,gsea_estimate,mcauprc,0.5601859092712402,0.0013054830287206266,collecTRI_weights
1122,,,,gsea_estimate,mcauprc,0.531293511390686,0.0013054830287206266,collecTRI_weights
1123,,,,gsea_estimate,mcauprc,0.5868555903434753,0.0013054830287206266,collecTRI_weights
1124,,,,gsea_estimate,mcauprc,0.5262997150421143,0.0013054830287206266,collecTRI_weights
1125,,,,gsea_estimate,mcauprc,0.5671236515045166,0.0013054830287206266,collecTRI_weights
1126,,,,gsea_estimate,mcauprc,0.5678080320358276,0.0013054830287206266,collecTRI_weights
1127,,,,gsea_estimate,mcauprc,0.5596824288368225,0.0013054830287206266,collecTRI_weights
1128,,,,gsea_estimate,mcauprc,0.5770410299301147,0.0013054830287206266,collecTRI_weights
1129,,,,gsea_estimate,mcauprc,0.5562747716903687,0.0013054830287206266,collecTRI_weights
1130,,,,gsea_estimate,mcauprc,0.5339037775993347,0.0013054830287206266,collecTRI_weights
1131,,,,gsea_estimate,mcauprc,0.520676851272583,0.0013054830287206266,collecTRI_weights
1132,,,,gsea_estimate,mcauprc,0.5850876569747925,0.0013054830287206266,collecTRI_weights
1133,,,,gsea_estimate,mcauprc,0.527890145778656,0.0013054830287206266,collecTRI_weights
1134,,,,gsea_estimate,mcauprc,0.561103880405426,0.0013054830287206266,collecTRI_weights
1135,,,,gsea_estimate,mcauprc,0.6022459864616394,0.0013054830287206266,collecTRI_weights
1136,,,,gsea_estimate,mcauprc,0.5943428874015808,0.0013054830287206266,collecTRI_weights
1137,,,,gsea_estimate,mcauprc,0.5763811469078064,0.0013054830287206266,collecTRI_weights
1138,,,,gsea_estimate,mcauprc,0.5731993317604065,0.0013054830287206266,collecTRI_weights
1139,,,,gsea_estimate,mcauprc,0.5421767830848694,0.0013054830287206266,collecTRI_weights
1140,,,,gsea_estimate,mcauprc,0.5837714076042175,0.0013054830287206266,collecTRI_weights
1141,,,,gsea_estimate,mcauprc,0.5590105056762695,0.0013054830287206266,collecTRI_weights
1142,,,,gsea_estimate,mcauprc,0.6293271780014038,0.0013054830287206266,collecTRI_weights
1143,,,,gsea_estimate,mcauprc,0.5395493507385254,0.0013054830287206266,collecTRI_weights
1144,,,,gsea_estimate,mcauprc,0.5453683137893677,0.0013054830287206266,collecTRI_weights
1145,,,,gsea_estimate,mcauprc,0.5331892371177673,0.0013054830287206266,collecTRI_weights
1146,,,,gsea_estimate,mcauprc,0.5442988276481628,0.0013054830287206266,collecTRI_weights
1147,,,,gsea_estimate,mcauprc,0.5398096442222595,0.0013054830287206266,collecTRI_weights
1148,,,,gsea_estimate,mcauprc,0.5722256302833557,0.0013054830287206266,collecTRI_weights
1149,,,,gsea_estimate,mcauprc,0.5764798521995544,0.0013054830287206266,collecTRI_weights
1150,,,,gsea_estimate,mcauprc,0.5402781367301941,0.0013054830287206266,collecTRI_weights
1151,,,,gsea_estimate,mcauprc,0.5740832090377808,0.0013054830287206266,collecTRI_weights
1152,,,,gsea_estimate,mcauprc,0.5748780369758606,0.0013054830287206266,collecTRI_weights
1153,,,,gsea_estimate,mcauprc,0.5639933943748474,0.0013054830287206266,collecTRI_weights
1154,,,,gsea_estimate,mcauprc,0.5803857445716858,0.0013054830287206266,collecTRI_weights
1155,,,,gsea_estimate,mcauprc,0.5612611770629883,0.0013054830287206266,collecTRI_weights
1156,,,,gsea_estimate,mcauprc,0.5507452487945557,0.0013054830287206266,collecTRI_weights
1157,,,,gsea_estimate,mcauprc,0.5330689549446106,0.0013054830287206266,collecTRI_weights
1158,,,,gsea_estimate,mcauprc,0.5459954738616943,0.0013054830287206266,collecTRI_weights
1159,,,,gsea_estimate,mcauprc,0.5827211141586304,0.0013054830287206266,collecTRI_weights
1160,,,,gsea_estimate,mcauprc,0.5485926866531372,0.0013054830287206266,collecTRI_weights
1161,,,,gsea_estimate,mcauprc,0.5565905570983887,0.0013054830287206266,collecTRI_weights
1162,,,,gsea_estimate,mcauprc,0.5438884496688843,0.0013054830287206266,collecTRI_weights
1163,,,,gsea_estimate,mcauprc,0.5508861541748047,0.0013054830287206266,collecTRI_weights
1164,,,,gsea_estimate,mcauprc,0.5841296315193176,0.0013054830287206266,collecTRI_weights
1165,,,,gsea_estimate,mcauprc,0.5630342960357666,0.0013054830287206266,collecTRI_weights
1166,,,,gsea_estimate,mcauprc,0.5557284951210022,0.0013054830287206266,collecTRI_weights
1167,,,,gsea_estimate,mcauprc,0.5157617926597595,0.0013054830287206266,collecTRI_weights
1168,,,,gsea_estimate,mcauprc,0.5650586485862732,0.0013054830287206266,collecTRI_weights
1169,,,,gsea_estimate,mcauprc,0.546011745929718,0.0013054830287206266,collecTRI_weights
1170,,,,gsea_estimate,mcauprc,0.5598771572113037,0.0013054830287206266,collecTRI_weights
1171,,,,gsea_estimate,mcauprc,0.5605655908584595,0.0013054830287206266,collecTRI_weights
1172,,,,gsea_estimate,mcauprc,0.5905179381370544,0.0013054830287206266,collecTRI_weights
1173,,,,gsea_estimate,mcauprc,0.5474217534065247,0.0013054830287206266,collecTRI_weights
1174,,,,gsea_estimate,mcauprc,0.5563428997993469,0.0013054830287206266,collecTRI_weights
1175,,,,gsea_estimate,mcauprc,0.5340352654457092,0.0013054830287206266,collecTRI_weights
1176,,,,gsea_estimate,mcauprc,0.5884806513786316,0.0013054830287206266,collecTRI_weights
1177,,,,gsea_estimate,mcauprc,0.5782290101051331,0.0013054830287206266,collecTRI_weights
1178,,,,gsea_estimate,mcauprc,0.5524197816848755,0.0013054830287206266,collecTRI_weights
1179,,,,gsea_estimate,mcauprc,0.5231136679649353,0.0013054830287206266,collecTRI_weights
1180,,,,gsea_estimate,mcauprc,0.568041980266571,0.0013054830287206266,collecTRI_weights
1181,,,,gsea_estimate,mcauprc,0.5533856749534607,0.0013054830287206266,collecTRI_weights
1182,,,,gsea_estimate,mcauprc,0.5680963397026062,0.0013054830287206266,collecTRI_weights
1183,,,,gsea_estimate,mcauprc,0.5864757299423218,0.0013054830287206266,collecTRI_weights
1184,,,,gsea_estimate,mcauprc,0.5642828345298767,0.0013054830287206266,collecTRI_weights
1185,,,,gsea_estimate,mcauprc,0.5544095039367676,0.0013054830287206266,collecTRI_weights
1186,,,,gsea_estimate,mcauprc,0.5507219433784485,0.0013054830287206266,collecTRI_weights
1187,,,,gsea_estimate,mcauprc,0.5813144445419312,0.0013054830287206266,collecTRI_weights
1188,,,,gsea_estimate,mcauprc,0.573477029800415,0.0013054830287206266,collecTRI_weights
1189,,,,gsea_estimate,mcauprc,0.5616763234138489,0.0013054830287206266,collecTRI_weights
1190,,,,gsea_estimate,mcauprc,0.5543091297149658,0.0013054830287206266,collecTRI_weights
1191,,,,gsea_estimate,mcauprc,0.5901170372962952,0.0013054830287206266,collecTRI_weights
1192,,,,gsea_estimate,mcauprc,0.5610519647598267,0.0013054830287206266,collecTRI_weights
1193,,,,gsea_estimate,mcauprc,0.5566986799240112,0.0013054830287206266,collecTRI_weights
1194,,,,gsea_estimate,mcauprc,0.5869109034538269,0.0013054830287206266,collecTRI_weights
1195,,,,gsea_estimate,mcauprc,0.5680515766143799,0.0013054830287206266,collecTRI_weights
1196,,,,gsea_estimate,mcauprc,0.5702264308929443,0.0013054830287206266,collecTRI_weights
1197,,,,gsea_estimate,mcauprc,0.5607085227966309,0.0013054830287206266,collecTRI_weights
1198,,,,gsea_estimate,mcauprc,0.5604334473609924,0.0013054830287206266,collecTRI_weights
1199,,,,gsea_estimate,mcauprc,0.5798652768135071,0.0013054830287206266,collecTRI_weights
1200,,,,gsea_estimate,mcauprc,0.5710580945014954,0.0013054830287206266,collecTRI_weights
1201,,,,gsea_estimate,mcauprc,0.5641482472419739,0.0013054830287206266,collecTRI_weights
1202,,,,gsea_estimate,mcauprc,0.5362247824668884,0.0013054830287206266,collecTRI_weights
1203,,,,gsea_estimate,mcauprc,0.5541409254074097,0.0013054830287206266,collecTRI_weights
1204,,,,gsea_estimate,mcauprc,0.5377996563911438,0.0013054830287206266,collecTRI_weights
1205,,,,gsea_estimate,mcauprc,0.5559982657432556,0.0013054830287206266,collecTRI_weights
1206,,,,gsea_estimate,mcauprc,0.5347974896430969,0.0013054830287206266,collecTRI_weights
1207,,,,gsea_estimate,mcauprc,0.5855238437652588,0.0013054830287206266,collecTRI_weights
1208,,,,gsea_estimate,mcauprc,0.5454455018043518,0.0013054830287206266,collecTRI_weights
1209,,,,gsea_estimate,mcauprc,0.5645307302474976,0.0013054830287206266,collecTRI_weights
1210,,,,gsea_estimate,mcauprc,0.559618353843689,0.0013054830287206266,collecTRI_weights
1211,,,,gsea_estimate,mcauprc,0.5505555868148804,0.0013054830287206266,collecTRI_weights
1212,,,,gsea_estimate,mcauprc,0.5812925696372986,0.0013054830287206266,collecTRI_weights
1213,,,,gsea_estimate,mcauprc,0.5484631657600403,0.0013054830287206266,collecTRI_weights
1214,,,,gsea_estimate,mcauprc,0.5413937568664551,0.0013054830287206266,collecTRI_weights
1215,,,,gsea_estimate,mcauprc,0.5594096779823303,0.0013054830287206266,collecTRI_weights
1216,,,,gsea_estimate,mcauprc,0.5445671081542969,0.0013054830287206266,collecTRI_weights
1217,,,,gsea_estimate,mcauprc,0.5530101656913757,0.0013054830287206266,collecTRI_weights
1218,,,,gsea_estimate,mcauprc,0.5472078919410706,0.0013054830287206266,collecTRI_weights
1219,,,,gsea_estimate,mcauprc,0.5693876147270203,0.0013054830287206266,collecTRI_weights
1220,,,,gsea_estimate,mcauprc,0.5270372629165649,0.0013054830287206266,collecTRI_weights
1221,,,,gsea_estimate,mcauprc,0.5592986941337585,0.0013054830287206266,collecTRI_weights
1222,,,,gsea_estimate,mcauprc,0.6023325324058533,0.0013054830287206266,collecTRI_weights
1223,,,,gsea_estimate,mcauprc,0.5610330700874329,0.0013054830287206266,collecTRI_weights
1224,,,,gsea_estimate,mcauprc,0.5432822108268738,0.0013054830287206266,collecTRI_weights
1225,,,,gsea_estimate,mcauprc,0.5397135615348816,0.0013054830287206266,collecTRI_weights
1226,,,,gsea_estimate,mcauprc,0.5617831349372864,0.0013054830287206266,collecTRI_weights
1227,,,,gsea_estimate,mcauprc,0.5683243274688721,0.0013054830287206266,collecTRI_weights
1228,,,,gsea_estimate,mcauprc,0.5585727095603943,0.0013054830287206266,collecTRI_weights
1229,,,,gsea_estimate,mcauprc,0.546832263469696,0.0013054830287206266,collecTRI_weights
1230,,,,gsea_estimate,mcauprc,0.5625668168067932,0.0013054830287206266,collecTRI_weights
1231,,,,gsea_estimate,mcauprc,0.554385781288147,0.0013054830287206266,collecTRI_weights
1232,,,,gsea_estimate,mcauprc,0.5636820197105408,0.0013054830287206266,collecTRI_weights
1233,,,,gsea_estimate,mcauprc,0.5451640486717224,0.0013054830287206266,collecTRI_weights
1234,,,,gsea_estimate,mcauprc,0.5585218667984009,0.0013054830287206266,collecTRI_weights
1235,,,,gsea_estimate,mcauprc,0.5103253722190857,0.0013054830287206266,collecTRI_weights
1236,,,,gsea_estimate,mcauprc,0.5412597060203552,0.0013054830287206266,collecTRI_weights
1237,,,,gsea_estimate,mcauprc,0.5386024713516235,0.0013054830287206266,collecTRI_weights
1238,,,,gsea_estimate,mcauprc,0.5350210070610046,0.0013054830287206266,collecTRI_weights
1239,,,,gsea_estimate,mcauprc,0.5787026882171631,0.0013054830287206266,collecTRI_weights
1240,,,,gsea_estimate,mcauprc,0.5645262598991394,0.0013054830287206266,collecTRI_weights
1241,,,,gsea_estimate,mcauprc,0.5442488789558411,0.0013054830287206266,collecTRI_weights
1242,,,,gsea_estimate,mcauprc,0.5882604718208313,0.0013054830287206266,collecTRI_weights
1243,,,,gsea_estimate,mcauprc,0.5475546717643738,0.0013054830287206266,collecTRI_weights
1244,,,,gsea_estimate,mcauprc,0.5625431537628174,0.0013054830287206266,collecTRI_weights
1245,,,,gsea_estimate,mcauprc,0.546495258808136,0.0013054830287206266,collecTRI_weights
1246,,,,gsea_estimate,mcauprc,0.5589529871940613,0.0013054830287206266,collecTRI_weights
1247,,,,gsea_estimate,mcauprc,0.5518943071365356,0.0013054830287206266,collecTRI_weights
1248,,,,gsea_estimate,mcauprc,0.5623047947883606,0.0013054830287206266,collecTRI_weights
1249,,,,gsea_estimate,mcauprc,0.5375066995620728,0.0013054830287206266,collecTRI_weights
1250,,,,gsea_estimate,mcauprc,0.569195032119751,0.0013054830287206266,collecTRI_weights
1251,,,,gsea_estimate,mcauprc,0.5775676369667053,0.0013054830287206266,collecTRI_weights
1252,,,,gsea_estimate,mcauprc,0.5664928555488586,0.0013054830287206266,collecTRI_weights
1253,,,,gsea_estimate,mcauprc,0.5547943711280823,0.0013054830287206266,collecTRI_weights
1254,,,,gsea_estimate,mcauprc,0.5374652743339539,0.0013054830287206266,collecTRI_weights
1255,,,,gsea_estimate,mcauprc,0.5617802739143372,0.0013054830287206266,collecTRI_weights
1256,,,,gsea_estimate,mcauprc,0.5360633730888367,0.0013054830287206266,collecTRI_weights
1257,,,,gsea_estimate,mcauprc,0.5710791945457458,0.0013054830287206266,collecTRI_weights
1258,,,,gsea_estimate,mcauprc,0.5751176476478577,0.0013054830287206266,collecTRI_weights
1259,,,,gsea_estimate,mcauprc,0.5624179840087891,0.0013054830287206266,collecTRI_weights
1260,,,,gsea_estimate,mcauprc,0.5169736742973328,0.0013054830287206266,collecTRI_weights
1261,,,,gsea_estimate,mcauprc,0.5457386374473572,0.0013054830287206266,collecTRI_weights
1262,,,,gsea_estimate,mcauprc,0.5551169514656067,0.0013054830287206266,collecTRI_weights
1263,,,,gsea_estimate,mcauprc,0.5706453919410706,0.0013054830287206266,collecTRI_weights
1264,,,,gsea_estimate,mcauprc,0.5574535131454468,0.0013054830287206266,collecTRI_weights
1265,,,,gsea_estimate,mcauprc,0.5831337571144104,0.0013054830287206266,collecTRI_weights
1266,,,,gsea_estimate,mcauprc,0.5478465557098389,0.0013054830287206266,collecTRI_weights
1267,,,,gsea_estimate,mcauprc,0.5716946721076965,0.0013054830287206266,collecTRI_weights
1268,,,,gsea_estimate,mcauprc,0.5666601657867432,0.0013054830287206266,collecTRI_weights
1269,,,,gsea_estimate,mcauprc,0.5387840867042542,0.0013054830287206266,collecTRI_weights
1270,,,,gsea_estimate,mcauprc,0.5647458434104919,0.0013054830287206266,collecTRI_weights
1271,,,,gsea_estimate,mcauprc,0.5420668721199036,0.0013054830287206266,collecTRI_weights
1272,,,,gsea_estimate,mcauprc,0.5610480308532715,0.0013054830287206266,collecTRI_weights
1273,,,,gsea_estimate,mcauprc,0.5485399961471558,0.0013054830287206266,collecTRI_weights
1274,,,,gsea_estimate,mcauprc,0.5464875102043152,0.0013054830287206266,collecTRI_weights
1275,,,,gsea_estimate,mcauprc,0.5487275123596191,0.0013054830287206266,collecTRI_weights
1276,,,,gsea_estimate,mcauprc,0.5766252875328064,0.0013054830287206266,collecTRI_weights
1277,,,,gsea_estimate,mcauprc,0.5497686862945557,0.0013054830287206266,collecTRI_weights
1278,,,,gsea_estimate,mcauprc,0.5638136267662048,0.0013054830287206266,collecTRI_weights
1279,,,,gsea_estimate,mcauprc,0.5311028957366943,0.0013054830287206266,collecTRI_weights
1280,,,,gsea_estimate,mcauprc,0.5329477190971375,0.0013054830287206266,collecTRI_weights
1281,,,,gsea_estimate,mcauprc,0.5342785716056824,0.0013054830287206266,collecTRI_weights
1282,,,,gsea_estimate,mcauprc,0.5582480430603027,0.0013054830287206266,collecTRI_weights
1283,,,,gsea_estimate,mcauprc,0.5427336692810059,0.0013054830287206266,collecTRI_weights
1284,,,,gsea_estimate,mcauprc,0.6061458587646484,0.0013054830287206266,collecTRI_weights
1285,,,,gsea_estimate,mcauprc,0.5507769584655762,0.0013054830287206266,collecTRI_weights
1286,,,,gsea_estimate,mcauprc,0.55730140209198,0.0013054830287206266,collecTRI_weights
1287,,,,gsea_estimate,mcauprc,0.5550082921981812,0.0013054830287206266,collecTRI_weights
1288,,,,gsea_estimate,mcauprc,0.5638045072555542,0.0013054830287206266,collecTRI_weights
1289,,,,gsea_estimate,mcauprc,0.5488775372505188,0.0013054830287206266,collecTRI_weights
1290,,,,gsea_estimate,mcauprc,0.5772095918655396,0.0013054830287206266,collecTRI_weights
1291,,,,gsea_estimate,mcauprc,0.584588348865509,0.0013054830287206266,collecTRI_weights
1292,,,,gsea_estimate,mcauprc,0.5252209901809692,0.0013054830287206266,collecTRI_weights
1293,,,,gsea_estimate,mcauprc,0.5478616952896118,0.0013054830287206266,collecTRI_weights
1294,,,,gsea_estimate,mcauprc,0.549852728843689,0.0013054830287206266,collecTRI_weights
1295,,,,gsea_estimate,mcauprc,0.5531750321388245,0.0013054830287206266,collecTRI_weights
1296,,,,gsea_estimate,mcauprc,0.562366247177124,0.0013054830287206266,collecTRI_weights
1297,,,,gsea_estimate,mcauprc,0.559075653553009,0.0013054830287206266,collecTRI_weights
1298,,,,gsea_estimate,mcauprc,0.5373320579528809,0.0013054830287206266,collecTRI_weights
1299,,,,gsea_estimate,mcauprc,0.5594685077667236,0.0013054830287206266,collecTRI_weights
1300,,,,gsea_estimate,mcauprc,0.5654605031013489,0.0013054830287206266,collecTRI_weights
1301,,,,gsea_estimate,mcauprc,0.5288915634155273,0.0013054830287206266,collecTRI_weights
1302,,,,gsea_estimate,mcauprc,0.56972736120224,0.0013054830287206266,collecTRI_weights
1303,,,,gsea_estimate,mcauprc,0.581943690776825,0.0013054830287206266,collecTRI_weights
1304,,,,gsea_estimate,mcauprc,0.5792108774185181,0.0013054830287206266,collecTRI_weights
1305,,,,gsea_estimate,mcauprc,0.5577607750892639,0.0013054830287206266,collecTRI_weights
1306,,,,gsea_estimate,mcauprc,0.604728639125824,0.0013054830287206266,collecTRI_weights
1307,,,,gsea_estimate,mcauprc,0.5874196887016296,0.0013054830287206266,collecTRI_weights
1308,,,,gsea_estimate,mcauprc,0.5655423998832703,0.0013054830287206266,collecTRI_weights
1309,,,,gsea_estimate,mcauprc,0.5325757265090942,0.0013054830287206266,collecTRI_weights
1310,,,,gsea_estimate,mcauprc,0.5901885628700256,0.0013054830287206266,collecTRI_weights
1311,,,,gsea_estimate,mcauprc,0.5511830449104309,0.0013054830287206266,collecTRI_weights
1312,,,,gsea_estimate,mcauprc,0.5614961385726929,0.0013054830287206266,collecTRI_weights
1313,,,,gsea_estimate,mcauprc,0.5831276178359985,0.0013054830287206266,collecTRI_weights
1314,,,,gsea_estimate,mcauprc,0.5834737420082092,0.0013054830287206266,collecTRI_weights
1315,,,,gsea_estimate,mcauprc,0.5661659240722656,0.0013054830287206266,collecTRI_weights
1316,,,,gsea_estimate,mcauprc,0.5492116808891296,0.0013054830287206266,collecTRI_weights
1317,,,,gsea_estimate,mcauprc,0.5573577284812927,0.0013054830287206266,collecTRI_weights
1318,,,,gsea_estimate,mcauprc,0.5547881126403809,0.0013054830287206266,collecTRI_weights
1319,,,,gsea_estimate,mcauprc,0.5992700457572937,0.0013054830287206266,collecTRI_weights
1320,,,,gsea_estimate,mcauprc,0.5721502900123596,0.0013054830287206266,collecTRI_weights
1321,,,,gsea_estimate,mcauprc,0.5775972604751587,0.0013054830287206266,collecTRI_weights
1322,,,,gsea_estimate,mcauprc,0.565574586391449,0.0013054830287206266,collecTRI_weights
1323,,,,gsea_estimate,mcauprc,0.5706048011779785,0.0013054830287206266,collecTRI_weights
1324,,,,gsea_estimate,mcauprc,0.5411370396614075,0.0013054830287206266,collecTRI_weights
1325,,,,gsea_estimate,mcauprc,0.564883828163147,0.0013054830287206266,collecTRI_weights
1326,,,,gsea_estimate,mcauprc,0.5555733442306519,0.0013054830287206266,collecTRI_weights
1327,,,,gsea_estimate,mcauprc,0.5266610383987427,0.0013054830287206266,collecTRI_weights
1328,,,,gsea_estimate,mcauprc,0.5460790395736694,0.0013054830287206266,collecTRI_weights
1329,,,,gsea_estimate,mcauprc,0.5841453075408936,0.0013054830287206266,collecTRI_weights
1330,,,,gsea_estimate,mcauprc,0.5527569055557251,0.0013054830287206266,collecTRI_weights
1331,,,,gsea_estimate,mcauprc,0.594121515750885,0.0013054830287206266,collecTRI_weights
1332,,,,gsea_estimate,mcauprc,0.5771710872650146,0.0013054830287206266,collecTRI_weights
1333,,,,gsea_estimate,mcauprc,0.5674806237220764,0.0013054830287206266,collecTRI_weights
1334,,,,gsea_estimate,mcauprc,0.5615143775939941,0.0013054830287206266,collecTRI_weights
1335,,,,gsea_estimate,mcauprc,0.5563715100288391,0.0013054830287206266,collecTRI_weights
1336,,,,gsea_estimate,mcauprc,0.5618422031402588,0.0013054830287206266,collecTRI_weights
1337,,,,gsea_estimate,mcauprc,0.5737829804420471,0.0013054830287206266,collecTRI_weights
1338,,,,gsea_estimate,mcauprc,0.5562769174575806,0.0013054830287206266,collecTRI_weights
1339,,,,gsea_estimate,mcauprc,0.5518109202384949,0.0013054830287206266,collecTRI_weights
1340,,,,gsea_estimate,mcauprc,0.5977100729942322,0.0013054830287206266,collecTRI_weights
1341,,,,gsea_estimate,mcauprc,0.5732210278511047,0.0013054830287206266,collecTRI_weights
1342,,,,gsea_estimate,mcauprc,0.537928581237793,0.0013054830287206266,collecTRI_weights
1343,,,,gsea_estimate,mcauprc,0.5621747970581055,0.0013054830287206266,collecTRI_weights
1344,,,,gsea_estimate,mcauprc,0.5367282032966614,0.0013054830287206266,collecTRI_weights
1345,,,,gsea_estimate,mcauprc,0.5415831208229065,0.0013054830287206266,collecTRI_weights
1346,,,,gsea_estimate,mcauprc,0.563474714756012,0.0013054830287206266,collecTRI_weights
1347,,,,gsea_estimate,mcauprc,0.5665267109870911,0.0013054830287206266,collecTRI_weights
1348,,,,gsea_estimate,mcauprc,0.5805814862251282,0.0013054830287206266,collecTRI_weights
1349,,,,gsea_estimate,mcauprc,0.511193573474884,0.0013054830287206266,collecTRI_weights
1350,,,,gsea_estimate,mcauprc,0.5512694716453552,0.0013054830287206266,collecTRI_weights
1351,,,,gsea_estimate,mcauprc,0.5431697368621826,0.0013054830287206266,collecTRI_weights
1352,,,,gsea_estimate,mcauprc,0.5478130578994751,0.0013054830287206266,collecTRI_weights
1353,,,,gsea_estimate,mcauprc,0.5586752891540527,0.0013054830287206266,collecTRI_weights
1354,,,,gsea_estimate,mcauprc,0.5798676013946533,0.0013054830287206266,collecTRI_weights
1355,,,,gsea_estimate,mcauprc,0.5578433275222778,0.0013054830287206266,collecTRI_weights
1356,,,,gsea_estimate,mcauprc,0.5707312822341919,0.0013054830287206266,collecTRI_weights
1357,,,,gsea_estimate,mcauprc,0.6101515889167786,0.0013054830287206266,collecTRI_weights
1358,,,,gsea_estimate,mcauprc,0.5268867611885071,0.0013054830287206266,collecTRI_weights
1359,,,,gsea_estimate,mcauprc,0.5347364544868469,0.0013054830287206266,collecTRI_weights
1360,,,,gsea_estimate,mcauprc,0.5759648680686951,0.0013054830287206266,collecTRI_weights
1361,,,,gsea_estimate,mcauprc,0.5619310736656189,0.0013054830287206266,collecTRI_weights
1362,,,,gsea_estimate,mcauprc,0.54066401720047,0.0013054830287206266,collecTRI_weights
1363,,,,gsea_estimate,mcauprc,0.5695421099662781,0.0013054830287206266,collecTRI_weights
1364,,,,gsea_estimate,mcauprc,0.528072714805603,0.0013054830287206266,collecTRI_weights
1365,,,,gsea_estimate,mcauprc,0.5549029111862183,0.0013054830287206266,collecTRI_weights
1366,,,,gsea_estimate,mcauprc,0.5662044882774353,0.0013054830287206266,collecTRI_weights
1367,,,,gsea_estimate,mcauprc,0.5384036302566528,0.0013054830287206266,collecTRI_weights
1368,,,,gsea_estimate,mcauprc,0.5550270080566406,0.0013054830287206266,collecTRI_weights
1369,,,,gsea_estimate,mcauprc,0.5374588966369629,0.0013054830287206266,collecTRI_weights
1370,,,,gsea_estimate,mcauprc,0.5757084488868713,0.0013054830287206266,collecTRI_weights
1371,,,,gsea_estimate,mcauprc,0.5339533090591431,0.0013054830287206266,collecTRI_weights
1372,,,,gsea_estimate,mcauprc,0.554859459400177,0.0013054830287206266,collecTRI_weights
1373,,,,gsea_estimate,mcauprc,0.5651721358299255,0.0013054830287206266,collecTRI_weights
1374,,,,gsea_estimate,mcauprc,0.555911123752594,0.0013054830287206266,collecTRI_weights
1375,,,,gsea_estimate,mcauprc,0.5405578017234802,0.0013054830287206266,collecTRI_weights
1376,,,,gsea_estimate,mcauprc,0.5753471851348877,0.0013054830287206266,collecTRI_weights
1377,,,,gsea_estimate,mcauprc,0.5665671229362488,0.0013054830287206266,collecTRI_weights
1378,,,,gsea_estimate,mcauprc,0.5569957494735718,0.0013054830287206266,collecTRI_weights
1379,,,,gsea_estimate,mcauprc,0.5409558415412903,0.0013054830287206266,collecTRI_weights
1380,,,,gsea_estimate,mcauprc,0.5425702333450317,0.0013054830287206266,collecTRI_weights
1381,,,,gsea_estimate,mcauprc,0.5603100061416626,0.0013054830287206266,collecTRI_weights
1382,,,,gsea_estimate,mcauprc,0.5511674880981445,0.0013054830287206266,collecTRI_weights
1383,,,,gsea_estimate,mcauprc,0.5491387248039246,0.0013054830287206266,collecTRI_weights
1384,,,,gsea_estimate,mcauprc,0.5509597063064575,0.0013054830287206266,collecTRI_weights
1385,,,,gsea_estimate,mcauprc,0.5709673166275024,0.0013054830287206266,collecTRI_weights
1386,,,,gsea_estimate,mcauprc,0.548151433467865,0.0013054830287206266,collecTRI_weights
1387,,,,gsea_estimate,mcauprc,0.5534073710441589,0.0013054830287206266,collecTRI_weights
1388,,,,gsea_estimate,mcauprc,0.5411352515220642,0.0013054830287206266,collecTRI_weights
1389,,,,gsea_estimate,mcauprc,0.5617088079452515,0.0013054830287206266,collecTRI_weights
1390,,,,gsea_estimate,mcauprc,0.5372461080551147,0.0013054830287206266,collecTRI_weights
1391,,,,gsea_estimate,mcauprc,0.5698373913764954,0.0013054830287206266,collecTRI_weights
1392,,,,gsea_estimate,mcauprc,0.587410569190979,0.0013054830287206266,collecTRI_weights
1393,,,,gsea_estimate,mcauprc,0.5862255692481995,0.0013054830287206266,collecTRI_weights
1394,,,,gsea_estimate,mcauprc,0.5483525395393372,0.0013054830287206266,collecTRI_weights
1395,,,,gsea_estimate,mcauprc,0.5612924098968506,0.0013054830287206266,collecTRI_weights
1396,,,,gsea_estimate,mcauprc,0.588144838809967,0.0013054830287206266,collecTRI_weights
1397,,,,gsea_estimate,mcauprc,0.5662979483604431,0.0013054830287206266,collecTRI_weights
1398,,,,gsea_estimate,mcauprc,0.5343042016029358,0.0013054830287206266,collecTRI_weights
1399,,,,gsea_estimate,mcauprc,0.5393268465995789,0.0013054830287206266,collecTRI_weights
1400,,,,gsea_estimate,mcauprc,0.5371655821800232,0.0013054830287206266,collecTRI_weights
1401,,,,gsea_estimate,mcauprc,0.575282096862793,0.0013054830287206266,collecTRI_weights
1402,,,,gsea_estimate,mcauprc,0.5619973540306091,0.0013054830287206266,collecTRI_weights
1403,,,,gsea_estimate,mcauprc,0.5438144207000732,0.0013054830287206266,collecTRI_weights
1404,,,,gsea_estimate,mcauprc,0.5669803619384766,0.0013054830287206266,collecTRI_weights
1405,,,,gsea_estimate,mcauprc,0.525297224521637,0.0013054830287206266,collecTRI_weights
1406,,,,gsea_estimate,mcauprc,0.5556583404541016,0.0013054830287206266,collecTRI_weights
1407,,,,gsea_estimate,mcauprc,0.5523365139961243,0.0013054830287206266,collecTRI_weights
1408,,,,gsea_estimate,mcauprc,0.5605558753013611,0.0013054830287206266,collecTRI_weights
1409,,,,gsea_estimate,mcauprc,0.5366339087486267,0.0013054830287206266,collecTRI_weights
1410,,,,gsea_estimate,mcauprc,0.5349603891372681,0.0013054830287206266,collecTRI_weights
1411,,,,gsea_estimate,mcauprc,0.5483127236366272,0.0013054830287206266,collecTRI_weights
1412,,,,gsea_estimate,mcauprc,0.5655143857002258,0.0013054830287206266,collecTRI_weights
1413,,,,gsea_estimate,mcauprc,0.5707003474235535,0.0013054830287206266,collecTRI_weights
1414,,,,gsea_estimate,mcauprc,0.5573381185531616,0.0013054830287206266,collecTRI_weights
1415,,,,gsea_estimate,mcauprc,0.5474451184272766,0.0013054830287206266,collecTRI_weights
1416,,,,gsea_estimate,mcauprc,0.5778863430023193,0.0013054830287206266,collecTRI_weights
1417,,,,gsea_estimate,mcauprc,0.5602352619171143,0.0013054830287206266,collecTRI_weights
1418,,,,gsea_estimate,mcauprc,0.5588935017585754,0.0013054830287206266,collecTRI_weights
1419,,,,gsea_estimate,mcauprc,0.5787577033042908,0.0013054830287206266,collecTRI_weights
1420,,,,gsea_estimate,mcauprc,0.5647984743118286,0.0013054830287206266,collecTRI_weights
1421,,,,gsea_estimate,mcauprc,0.5367499589920044,0.0013054830287206266,collecTRI_weights
1422,,,,gsea_estimate,mcauprc,0.5632246732711792,0.0013054830287206266,collecTRI_weights
1423,,,,gsea_estimate,mcauprc,0.5666370391845703,0.0013054830287206266,collecTRI_weights
1424,,,,gsea_estimate,mcauprc,0.5462307929992676,0.0013054830287206266,collecTRI_weights
1425,,,,gsea_estimate,mcauprc,0.5569157600402832,0.0013054830287206266,collecTRI_weights
1426,,,,gsea_estimate,mcauprc,0.5882099270820618,0.0013054830287206266,collecTRI_weights
1427,,,,gsea_estimate,mcauprc,0.5396732687950134,0.0013054830287206266,collecTRI_weights
1428,,,,gsea_estimate,mcauprc,0.5198672413825989,0.0013054830287206266,collecTRI_weights
1429,,,,gsea_estimate,mcauprc,0.5586692690849304,0.0013054830287206266,collecTRI_weights
1430,,,,gsea_estimate,mcauprc,0.5384691953659058,0.0013054830287206266,collecTRI_weights
1431,,,,gsea_estimate,mcauprc,0.5812770128250122,0.0013054830287206266,collecTRI_weights
1432,,,,gsea_estimate,mcauprc,0.5850363969802856,0.0013054830287206266,collecTRI_weights
1433,,,,gsea_estimate,mcauprc,0.538085401058197,0.0013054830287206266,collecTRI_weights
1434,,,,gsea_estimate,mcauprc,0.5351071953773499,0.0013054830287206266,collecTRI_weights
1435,,,,gsea_estimate,mcauprc,0.568324863910675,0.0013054830287206266,collecTRI_weights
1436,,,,gsea_estimate,mcauprc,0.5721449255943298,0.0013054830287206266,collecTRI_weights
1437,,,,gsea_estimate,mcauprc,0.5390771627426147,0.0013054830287206266,collecTRI_weights
1438,,,,gsea_estimate,mcauprc,0.5870937705039978,0.0013054830287206266,collecTRI_weights
1439,,,,gsea_estimate,mcauprc,0.5527991056442261,0.0013054830287206266,collecTRI_weights
1440,,,,gsea_estimate,mcauprc,0.6038935780525208,0.0013054830287206266,collecTRI_weights
1441,,,,gsea_estimate,mcauprc,0.5396287441253662,0.0013054830287206266,collecTRI_weights
1442,,,,gsea_estimate,mcauprc,0.5463041067123413,0.0013054830287206266,collecTRI_weights
1443,,,,gsea_estimate,mcauprc,0.5749972462654114,0.0013054830287206266,collecTRI_weights
1444,,,,gsea_estimate,mcauprc,0.5894834995269775,0.0013054830287206266,collecTRI_weights
1445,,,,gsea_estimate,mcauprc,0.5707119107246399,0.0013054830287206266,collecTRI_weights
1446,,,,gsea_estimate,mcauprc,0.5558381080627441,0.0013054830287206266,collecTRI_weights
1447,,,,gsea_estimate,mcauprc,0.5553826093673706,0.0013054830287206266,collecTRI_weights
1448,,,,gsea_estimate,mcauprc,0.5638242959976196,0.0013054830287206266,collecTRI_weights
1449,,,,gsea_estimate,mcauprc,0.5629857778549194,0.0013054830287206266,collecTRI_weights
1450,,,,gsea_estimate,mcauprc,0.5512048602104187,0.0013054830287206266,collecTRI_weights
1451,,,,gsea_estimate,mcauprc,0.5657626986503601,0.0013054830287206266,collecTRI_weights
1452,,,,gsea_estimate,mcauprc,0.5388771891593933,0.0013054830287206266,collecTRI_weights
1453,,,,gsea_estimate,mcauprc,0.5593159198760986,0.0013054830287206266,collecTRI_weights
1454,,,,gsea_estimate,mcauprc,0.5612872838973999,0.0013054830287206266,collecTRI_weights
1455,,,,gsea_estimate,mcauprc,0.5713333487510681,0.0013054830287206266,collecTRI_weights
1456,,,,gsea_estimate,mcauprc,0.5413217544555664,0.0013054830287206266,collecTRI_weights
1457,,,,gsea_estimate,mcauprc,0.5682398676872253,0.0013054830287206266,collecTRI_weights
1458,,,,gsea_estimate,mcauprc,0.5755153894424438,0.0013054830287206266,collecTRI_weights
1459,,,,gsea_estimate,mcauprc,0.5554382801055908,0.0013054830287206266,collecTRI_weights
1460,,,,gsea_estimate,mcauprc,0.5552235841751099,0.0013054830287206266,collecTRI_weights
1461,,,,gsea_estimate,mcauprc,0.5531913638114929,0.0013054830287206266,collecTRI_weights
1462,,,,gsea_estimate,mcauprc,0.5517433285713196,0.0013054830287206266,collecTRI_weights
1463,,,,gsea_estimate,mcauprc,0.5407475233078003,0.0013054830287206266,collecTRI_weights
1464,,,,gsea_estimate,mcauprc,0.540338933467865,0.0013054830287206266,collecTRI_weights
1465,,,,gsea_estimate,mcauprc,0.5818183422088623,0.0013054830287206266,collecTRI_weights
1466,,,,gsea_estimate,mcauprc,0.5801427364349365,0.0013054830287206266,collecTRI_weights
1467,,,,gsea_estimate,mcauprc,0.5672871470451355,0.0013054830287206266,collecTRI_weights
1468,,,,gsea_estimate,mcauprc,0.5342878103256226,0.0013054830287206266,collecTRI_weights
1469,,,,gsea_estimate,mcauprc,0.5609614253044128,0.0013054830287206266,collecTRI_weights
1470,,,,gsea_estimate,mcauprc,0.5573474168777466,0.0013054830287206266,collecTRI_weights
1471,,,,gsea_estimate,mcauprc,0.5592780709266663,0.0013054830287206266,collecTRI_weights
1472,,,,gsea_estimate,mcauprc,0.5660318732261658,0.0013054830287206266,collecTRI_weights
1473,,,,gsea_estimate,mcauprc,0.5546057820320129,0.0013054830287206266,collecTRI_weights
1474,,,,gsea_estimate,mcauprc,0.5675695538520813,0.0013054830287206266,collecTRI_weights
1475,,,,gsea_estimate,mcauprc,0.5633503794670105,0.0013054830287206266,collecTRI_weights
1476,,,,gsea_estimate,mcauprc,0.5913662910461426,0.0013054830287206266,collecTRI_weights
1477,,,,gsea_estimate,mcauprc,0.5932934880256653,0.0013054830287206266,collecTRI_weights
1478,,,,gsea_estimate,mcauprc,0.5436631441116333,0.0013054830287206266,collecTRI_weights
1479,,,,gsea_estimate,mcauprc,0.5724973082542419,0.0013054830287206266,collecTRI_weights
1480,,,,gsea_estimate,mcauprc,0.5565369725227356,0.0013054830287206266,collecTRI_weights
1481,,,,gsea_estimate,mcauprc,0.5905966758728027,0.0013054830287206266,collecTRI_weights
1482,,,,gsea_estimate,mcauprc,0.5771748423576355,0.0013054830287206266,collecTRI_weights
1483,,,,gsea_estimate,mcauprc,0.5355116724967957,0.0013054830287206266,collecTRI_weights
1484,,,,gsea_estimate,mcauprc,0.5470007061958313,0.0013054830287206266,collecTRI_weights
1485,,,,gsea_estimate,mcauprc,0.5846772789955139,0.0013054830287206266,collecTRI_weights
1486,,,,gsea_estimate,mcauprc,0.5606136918067932,0.0013054830287206266,collecTRI_weights
1487,,,,gsea_estimate,mcauprc,0.5321586728096008,0.0013054830287206266,collecTRI_weights
1488,,,,gsea_estimate,mcauprc,0.5594303011894226,0.0013054830287206266,collecTRI_weights
1489,,,,gsea_estimate,mcauprc,0.5483441948890686,0.0013054830287206266,collecTRI_weights
1490,,,,gsea_estimate,mcauprc,0.5289570689201355,0.0013054830287206266,collecTRI_weights
1491,,,,gsea_estimate,mcauprc,0.5833455324172974,0.0013054830287206266,collecTRI_weights
1492,,,,gsea_estimate,mcauprc,0.5469556450843811,0.0013054830287206266,collecTRI_weights
1493,,,,gsea_estimate,mcauprc,0.5854253172874451,0.0013054830287206266,collecTRI_weights
1494,,,,gsea_estimate,mcauprc,0.5568451285362244,0.0013054830287206266,collecTRI_weights
1495,,,,gsea_estimate,mcauprc,0.531981348991394,0.0013054830287206266,collecTRI_weights
1496,,,,gsea_estimate,mcauprc,0.5477398037910461,0.0013054830287206266,collecTRI_weights
1497,,,,gsea_estimate,mcauprc,0.545414388179779,0.0013054830287206266,collecTRI_weights
1498,,,,gsea_estimate,mcauprc,0.5671998858451843,0.0013054830287206266,collecTRI_weights
1499,,,,gsea_estimate,mcauprc,0.554600179195404,0.0013054830287206266,collecTRI_weights
1500,,,,gsea_estimate,mcauprc,0.5883165597915649,0.0013054830287206266,collecTRI_weights
1501,,,,gsea_estimate,mcauprc,0.5308220982551575,0.0013054830287206266,collecTRI_weights
1502,,,,gsea_estimate,mcauprc,0.530905544757843,0.0013054830287206266,collecTRI_weights
1503,,,,gsea_estimate,mcauprc,0.5804179310798645,0.0013054830287206266,collecTRI_weights
1504,,,,gsea_estimate,mcauprc,0.5815075039863586,0.0013054830287206266,collecTRI_weights
1505,,,,gsea_estimate,mcauprc,0.5301417112350464,0.0013054830287206266,collecTRI_weights
1506,,,,gsea_estimate,mcauprc,0.5735632181167603,0.0013054830287206266,collecTRI_weights
1507,,,,gsea_estimate,mcauprc,0.5464682579040527,0.0013054830287206266,collecTRI_weights
1508,,,,gsea_estimate,mcauprc,0.5505186915397644,0.0013054830287206266,collecTRI_weights
1509,,,,gsea_estimate,mcauprc,0.5664314031600952,0.0013054830287206266,collecTRI_weights
1510,,,,gsea_estimate,mcauprc,0.5366851091384888,0.0013054830287206266,collecTRI_weights
1511,,,,gsea_estimate,mcauprc,0.5755630731582642,0.0013054830287206266,collecTRI_weights
1512,,,,gsea_estimate,mcauprc,0.5833389163017273,0.0013054830287206266,collecTRI_weights
1513,,,,gsea_estimate,mcauprc,0.5853790640830994,0.0013054830287206266,collecTRI_weights
1514,,,,gsea_estimate,mcauprc,0.5851628184318542,0.0013054830287206266,collecTRI_weights
1515,,,,gsea_estimate,mcauprc,0.5682651400566101,0.0013054830287206266,collecTRI_weights
1516,,,,gsea_estimate,mcauprc,0.5661938786506653,0.0013054830287206266,collecTRI_weights
1517,,,,gsea_estimate,mcauprc,0.5469319820404053,0.0013054830287206266,collecTRI_weights
1518,,,,gsea_estimate,mcauprc,0.5436438322067261,0.0013054830287206266,collecTRI_weights
1519,,,,gsea_estimate,mcauprc,0.5777936577796936,0.0013054830287206266,collecTRI_weights
1520,,,,gsea_estimate,mcauprc,0.584510087966919,0.0013054830287206266,collecTRI_weights
1521,,,,gsea_estimate,mcauprc,0.5347884297370911,0.0013054830287206266,collecTRI_weights
1522,,,,gsea_estimate,mcauprc,0.5617562532424927,0.0013054830287206266,collecTRI_weights
1523,,,,gsea_estimate,mcauprc,0.5649219751358032,0.0013054830287206266,collecTRI_weights
1524,,,,gsea_estimate,mcauprc,0.5506561398506165,0.0013054830287206266,collecTRI_weights
1525,,,,gsea_estimate,mcauprc,0.5457310676574707,0.0013054830287206266,collecTRI_weights
1526,,,,gsea_estimate,mcauprc,0.5681538581848145,0.0013054830287206266,collecTRI_weights
1527,,,,gsea_estimate,mcauprc,0.5934432744979858,0.0013054830287206266,collecTRI_weights
1528,,,,gsea_estimate,mcauprc,0.5570642352104187,0.0013054830287206266,collecTRI_weights
1529,,,,gsea_estimate,mcauprc,0.6037823557853699,0.0013054830287206266,collecTRI_weights
1530,,,,gsea_estimate,mcauprc,0.5516159534454346,0.0013054830287206266,collecTRI_weights
1531,,,,gsea_estimate,mcauprc,0.5823401808738708,0.0013054830287206266,collecTRI_weights
1532,,,,gsea_estimate,mcauprc,0.5376634001731873,0.0013054830287206266,collecTRI_weights
1533,,,,gsea_estimate,mcauprc,0.5376338958740234,0.0013054830287206266,collecTRI_weights
1534,,,,gsea_estimate,mcauprc,0.529986560344696,0.0013054830287206266,collecTRI_weights
1535,,,,gsea_estimate,mcauprc,0.5330731272697449,0.0013054830287206266,collecTRI_weights
1536,,,,gsea_estimate,mcauprc,0.5699974298477173,0.0013054830287206266,collecTRI_weights
1537,,,,gsea_estimate,mcauprc,0.5506982207298279,0.0013054830287206266,collecTRI_weights
1538,,,,gsea_estimate,mcauprc,0.5504431128501892,0.0013054830287206266,collecTRI_weights
1539,,,,gsea_estimate,mcauprc,0.5847105979919434,0.0013054830287206266,collecTRI_weights
1540,,,,gsea_estimate,mcauprc,0.576471209526062,0.0013054830287206266,collecTRI_weights
1541,,,,gsea_estimate,mcauprc,0.566528856754303,0.0013054830287206266,collecTRI_weights
1542,,,,gsea_estimate,mcauprc,0.5603678226470947,0.0013054830287206266,collecTRI_weights
1543,,,,gsea_estimate,mcauprc,0.5528830289840698,0.0013054830287206266,collecTRI_weights
1544,,,,gsea_estimate,mcauprc,0.5502005219459534,0.0013054830287206266,collecTRI_weights
1545,,,,gsea_estimate,mcauprc,0.5536775588989258,0.0013054830287206266,collecTRI_weights
1546,,,,gsea_estimate,mcauprc,0.5617691874504089,0.0013054830287206266,collecTRI_weights
1547,,,,gsea_estimate,mcauprc,0.5429151058197021,0.0013054830287206266,collecTRI_weights
1548,,,,gsea_estimate,mcauprc,0.5730162858963013,0.0013054830287206266,collecTRI_weights
1549,,,,gsea_estimate,mcauprc,0.5731161832809448,0.0013054830287206266,collecTRI_weights
1550,,,,gsea_estimate,mcauprc,0.553436815738678,0.0013054830287206266,collecTRI_weights
1551,,,,gsea_estimate,mcauprc,0.5478575825691223,0.0013054830287206266,collecTRI_weights
1552,,,,gsea_estimate,mcauprc,0.5633015632629395,0.0013054830287206266,collecTRI_weights
1553,,,,gsea_estimate,mcauprc,0.5894935727119446,0.0013054830287206266,collecTRI_weights
1554,,,,gsea_estimate,mcauprc,0.5765476226806641,0.0013054830287206266,collecTRI_weights
1555,,,,gsea_estimate,mcauprc,0.545447826385498,0.0013054830287206266,collecTRI_weights
1556,,,,gsea_estimate,mcauprc,0.5559759140014648,0.0013054830287206266,collecTRI_weights
1557,,,,gsea_estimate,mcauprc,0.5387433171272278,0.0013054830287206266,collecTRI_weights
1558,,,,gsea_estimate,mcauprc,0.5558286905288696,0.0013054830287206266,collecTRI_weights
1559,,,,gsea_estimate,mcauprc,0.552609384059906,0.0013054830287206266,collecTRI_weights
1560,,,,gsea_estimate,mcauprc,0.5806556344032288,0.0013054830287206266,collecTRI_weights
1561,,,,gsea_estimate,mcauprc,0.5571169853210449,0.0013054830287206266,collecTRI_weights
1562,,,,gsea_estimate,mcauprc,0.5742173790931702,0.0013054830287206266,collecTRI_weights
1563,,,,gsea_estimate,mcauprc,0.559407114982605,0.0013054830287206266,collecTRI_weights
1564,,,,gsea_estimate,mcauprc,0.5682222247123718,0.0013054830287206266,collecTRI_weights
1565,,,,gsea_estimate,mcauprc,0.5202895998954773,0.0013054830287206266,collecTRI_weights
1566,,,,gsea_estimate,mcauprc,0.5644466876983643,0.0013054830287206266,collecTRI_weights
1567,,,,gsea_estimate,mcauprc,0.561882495880127,0.0013054830287206266,collecTRI_weights
1568,,,,gsea_estimate,mcauprc,0.5482271313667297,0.0013054830287206266,collecTRI_weights
1569,,,,gsea_estimate,mcauprc,0.5541411638259888,0.0013054830287206266,collecTRI_weights
1570,,,,gsea_estimate,mcauprc,0.5375179052352905,0.0013054830287206266,collecTRI_weights
1571,,,,gsea_estimate,mcauprc,0.5551221966743469,0.0013054830287206266,collecTRI_weights
1572,,,,gsea_estimate,mcauprc,0.5365003347396851,0.0013054830287206266,collecTRI_weights
1573,,,,gsea_estimate,mcauprc,0.5364786982536316,0.0013054830287206266,collecTRI_weights
1574,,,,gsea_estimate,mcauprc,0.5600658059120178,0.0013054830287206266,collecTRI_weights
1575,,,,gsea_estimate,mcauprc,0.5488982796669006,0.0013054830287206266,collecTRI_weights
1576,,,,gsea_estimate,mcauprc,0.550576388835907,0.0013054830287206266,collecTRI_weights
1577,,,,gsea_estimate,mcauprc,0.5315201878547668,0.0013054830287206266,collecTRI_weights
1578,,,,gsea_estimate,mcauprc,0.5298932790756226,0.0013054830287206266,collecTRI_weights
1579,,,,gsea_estimate,mcauprc,0.5634772181510925,0.0013054830287206266,collecTRI_weights
1580,,,,gsea_estimate,mcauprc,0.5432969331741333,0.0013054830287206266,collecTRI_weights
1581,,,,gsea_estimate,mcauprc,0.5387066602706909,0.0013054830287206266,collecTRI_weights
1582,,,,gsea_estimate,mcauprc,0.5526976585388184,0.0013054830287206266,collecTRI_weights
1583,,,,gsea_estimate,mcauprc,0.5855812430381775,0.0013054830287206266,collecTRI_weights
1584,,,,gsea_estimate,mcauprc,0.5479878187179565,0.0013054830287206266,collecTRI_weights
1585,,,,gsea_estimate,mcauprc,0.5371102094650269,0.0013054830287206266,collecTRI_weights
1586,,,,gsea_estimate,mcauprc,0.570029616355896,0.0013054830287206266,collecTRI_weights
1587,,,,gsea_estimate,mcauprc,0.5737311840057373,0.0013054830287206266,collecTRI_weights
1588,,,,gsea_estimate,mcauprc,0.559408962726593,0.0013054830287206266,collecTRI_weights
1589,,,,gsea_estimate,mcauprc,0.5510363578796387,0.0013054830287206266,collecTRI_weights
1590,,,,gsea_estimate,mcauprc,0.5380434989929199,0.0013054830287206266,collecTRI_weights
1591,,,,gsea_estimate,mcauprc,0.5688564777374268,0.0013054830287206266,collecTRI_weights
1592,,,,gsea_estimate,mcauprc,0.561725378036499,0.0013054830287206266,collecTRI_weights
1593,,,,gsea_estimate,mcauprc,0.5504792928695679,0.0013054830287206266,collecTRI_weights
1594,,,,gsea_estimate,mcauprc,0.5521449446678162,0.0013054830287206266,collecTRI_weights
1595,,,,gsea_estimate,mcauprc,0.5312541723251343,0.0013054830287206266,collecTRI_weights
1596,,,,gsea_estimate,mcauprc,0.5729128122329712,0.0013054830287206266,collecTRI_weights
1597,,,,gsea_estimate,mcauprc,0.5700042843818665,0.0013054830287206266,collecTRI_weights
1598,,,,gsea_estimate,mcauprc,0.5747307538986206,0.0013054830287206266,collecTRI_weights
1599,,,,gsea_estimate,mcauprc,0.54925936460495,0.0013054830287206266,collecTRI_weights
1600,,,,gsea_estimate,mcauprc,0.5230164527893066,0.0013054830287206266,collecTRI_weights
1601,,,,gsea_estimate,mcauprc,0.5832845568656921,0.0013054830287206266,collecTRI_weights
1602,,,,gsea_estimate,mcauprc,0.5306881070137024,0.0013054830287206266,collecTRI_weights
1603,,,,gsea_estimate,mcauprc,0.5408162474632263,0.0013054830287206266,collecTRI_weights
1604,,,,gsea_estimate,mcauprc,0.5521101951599121,0.0013054830287206266,collecTRI_weights
1605,,,,gsea_estimate,mcauprc,0.5500945448875427,0.0013054830287206266,collecTRI_weights
1606,,,,gsea_estimate,mcauprc,0.5418621897697449,0.0013054830287206266,collecTRI_weights
1607,,,,gsea_estimate,mcauprc,0.5528644919395447,0.0013054830287206266,collecTRI_weights
1608,,,,gsea_estimate,mcauprc,0.5616413950920105,0.0013054830287206266,collecTRI_weights
1609,,,,gsea_estimate,mcauprc,0.5579396486282349,0.0013054830287206266,collecTRI_weights
1610,,,,gsea_estimate,mcauprc,0.5892693400382996,0.0013054830287206266,collecTRI_weights
1611,,,,gsea_estimate,mcauprc,0.5232335329055786,0.0013054830287206266,collecTRI_weights
1612,,,,gsea_estimate,mcauprc,0.5435474514961243,0.0013054830287206266,collecTRI_weights
1613,,,,gsea_estimate,mcauprc,0.5732754468917847,0.0013054830287206266,collecTRI_weights
1614,,,,gsea_estimate,mcauprc,0.5448480248451233,0.0013054830287206266,collecTRI_weights
1615,,,,gsea_estimate,mcauprc,0.5462529063224792,0.0013054830287206266,collecTRI_weights
1616,,,,gsea_estimate,mcauprc,0.539823055267334,0.0013054830287206266,collecTRI_weights
1617,,,,gsea_estimate,mcauprc,0.5854328274726868,0.0013054830287206266,collecTRI_weights
1618,,,,gsea_estimate,mcauprc,0.5667164921760559,0.0013054830287206266,collecTRI_weights
1619,,,,gsea_estimate,mcauprc,0.5896949768066406,0.0013054830287206266,collecTRI_weights
1620,,,,gsea_estimate,mcauprc,0.5822082757949829,0.0013054830287206266,collecTRI_weights
1621,,,,gsea_estimate,mcauprc,0.5847625732421875,0.0013054830287206266,collecTRI_weights
1622,,,,gsea_estimate,mcauprc,0.5623404383659363,0.0013054830287206266,collecTRI_weights
1623,,,,gsea_estimate,mcauprc,0.5668359398841858,0.0013054830287206266,collecTRI_weights
1624,,,,gsea_estimate,mcauprc,0.5345900654792786,0.0013054830287206266,collecTRI_weights
1625,,,,gsea_estimate,mcauprc,0.600860595703125,0.0013054830287206266,collecTRI_weights
1626,,,,gsea_estimate,mcauprc,0.5614765286445618,0.0013054830287206266,collecTRI_weights
1627,,,,gsea_estimate,mcauprc,0.5456222891807556,0.0013054830287206266,collecTRI_weights
1628,,,,gsea_estimate,mcauprc,0.5732483267784119,0.0013054830287206266,collecTRI_weights
1629,,,,gsea_estimate,mcauprc,0.595382034778595,0.0013054830287206266,collecTRI_weights
1630,,,,gsea_estimate,mcauprc,0.5699087381362915,0.0013054830287206266,collecTRI_weights
1631,,,,gsea_estimate,mcauprc,0.5686892867088318,0.0013054830287206266,collecTRI_weights
1632,,,,gsea_estimate,mcauprc,0.5325608253479004,0.0013054830287206266,collecTRI_weights
1633,,,,gsea_estimate,mcauprc,0.5709283947944641,0.0013054830287206266,collecTRI_weights
1634,,,,gsea_estimate,mcauprc,0.5704593062400818,0.0013054830287206266,collecTRI_weights
1635,,,,gsea_estimate,mcauprc,0.5821343064308167,0.0013054830287206266,collecTRI_weights
1636,,,,gsea_estimate,mcauprc,0.5505619049072266,0.0013054830287206266,collecTRI_weights
1637,,,,gsea_estimate,mcauprc,0.5472368001937866,0.0013054830287206266,collecTRI_weights
1638,,,,gsea_estimate,mcauprc,0.5282414555549622,0.0013054830287206266,collecTRI_weights
1639,,,,gsea_estimate,mcauprc,0.5573592782020569,0.0013054830287206266,collecTRI_weights
1640,,,,gsea_estimate,mcauprc,0.5861108303070068,0.0013054830287206266,collecTRI_weights
1641,,,,gsea_estimate,mcauprc,0.5648955702781677,0.0013054830287206266,collecTRI_weights
1642,,,,gsea_estimate,mcauprc,0.5591899752616882,0.0013054830287206266,collecTRI_weights
1643,,,,gsea_estimate,mcauprc,0.5561550259590149,0.0013054830287206266,collecTRI_weights
1644,,,,gsea_estimate,mcauprc,0.5397105813026428,0.0013054830287206266,collecTRI_weights
1645,,,,gsea_estimate,mcauprc,0.5694636106491089,0.0013054830287206266,collecTRI_weights
1646,,,,gsea_estimate,mcauprc,0.5629831552505493,0.0013054830287206266,collecTRI_weights
1647,,,,gsea_estimate,mcauprc,0.5799500346183777,0.0013054830287206266,collecTRI_weights
1648,,,,gsea_estimate,mcauprc,0.5392398238182068,0.0013054830287206266,collecTRI_weights
1649,,,,gsea_estimate,mcauprc,0.5900832414627075,0.0013054830287206266,collecTRI_weights
1650,,,,gsea_estimate,mcauprc,0.5603502988815308,0.0013054830287206266,collecTRI_weights
1651,,,,gsea_estimate,mcauprc,0.5608620047569275,0.0013054830287206266,collecTRI_weights
1652,,,,gsea_estimate,mcauprc,0.5333731174468994,0.0013054830287206266,collecTRI_weights
1653,,,,gsea_estimate,mcauprc,0.5472707748413086,0.0013054830287206266,collecTRI_weights
1654,,,,gsea_estimate,mcauprc,0.538343608379364,0.0013054830287206266,collecTRI_weights
1655,,,,gsea_estimate,mcauprc,0.5310161709785461,0.0013054830287206266,collecTRI_weights
1656,,,,gsea_estimate,mcauprc,0.5598456859588623,0.0013054830287206266,collecTRI_weights
1657,,,,gsea_estimate,mcauprc,0.5536295771598816,0.0013054830287206266,collecTRI_weights
1658,,,,gsea_estimate,mcauprc,0.584325909614563,0.0013054830287206266,collecTRI_weights
1659,,,,gsea_estimate,mcauprc,0.5637871026992798,0.0013054830287206266,collecTRI_weights
1660,,,,gsea_estimate,mcauprc,0.5232961773872375,0.0013054830287206266,collecTRI_weights
1661,,,,gsea_estimate,mcauprc,0.5553098320960999,0.0013054830287206266,collecTRI_weights
1662,,,,gsea_estimate,mcauprc,0.5749461054801941,0.0013054830287206266,collecTRI_weights
1663,,,,gsea_estimate,mcauprc,0.586898922920227,0.0013054830287206266,collecTRI_weights
1664,,,,gsea_estimate,mcauprc,0.5404217839241028,0.0013054830287206266,collecTRI_weights
1665,,,,gsea_estimate,mcauprc,0.5953002572059631,0.0013054830287206266,collecTRI_weights
1666,,,,gsea_estimate,mcauprc,0.5339239835739136,0.0013054830287206266,collecTRI_weights
1667,,,,gsea_estimate,mcauprc,0.5874454379081726,0.0013054830287206266,collecTRI_weights
1668,,,,gsea_estimate,mcauprc,0.5568405389785767,0.0013054830287206266,collecTRI_weights
1669,,,,gsea_estimate,mcauprc,0.5197480916976929,0.0013054830287206266,collecTRI_weights
1670,,,,gsea_estimate,mcauprc,0.5685043931007385,0.0013054830287206266,collecTRI_weights
1671,,,,gsea_estimate,mcauprc,0.5669890642166138,0.0013054830287206266,collecTRI_weights
1672,,,,gsea_estimate,mcauprc,0.554545521736145,0.0013054830287206266,collecTRI_weights
1673,,,,gsea_estimate,mcauprc,0.5641101598739624,0.0013054830287206266,collecTRI_weights
1674,,,,gsea_estimate,mcauprc,0.5586825013160706,0.0013054830287206266,collecTRI_weights
1675,,,,gsea_estimate,mcauprc,0.5906221866607666,0.0013054830287206266,collecTRI_weights
1676,,,,gsea_estimate,mcauprc,0.5703796148300171,0.0013054830287206266,collecTRI_weights
1677,,,,gsea_estimate,mcauprc,0.5728639960289001,0.0013054830287206266,collecTRI_weights
1678,,,,gsea_estimate,mcauprc,0.525684118270874,0.0013054830287206266,collecTRI_weights
1679,,,,gsea_estimate,mcauprc,0.5419687032699585,0.0013054830287206266,collecTRI_weights
1680,,,,gsea_estimate,mcauprc,0.5657104253768921,0.0013054830287206266,collecTRI_weights
1681,,,,gsea_estimate,mcauprc,0.5733153223991394,0.0013054830287206266,collecTRI_weights
1682,,,,gsea_estimate,mcauprc,0.5789307951927185,0.0013054830287206266,collecTRI_weights
1683,,,,gsea_estimate,mcauprc,0.5490092039108276,0.0013054830287206266,collecTRI_weights
1684,,,,gsea_estimate,mcauprc,0.5539737343788147,0.0013054830287206266,collecTRI_weights
1685,,,,gsea_estimate,mcauprc,0.5436586141586304,0.0013054830287206266,collecTRI_weights
1686,,,,gsea_estimate,mcauprc,0.5460853576660156,0.0013054830287206266,collecTRI_weights
1687,,,,gsea_estimate,mcauprc,0.5416201949119568,0.0013054830287206266,collecTRI_weights
1688,,,,gsea_estimate,mcauprc,0.5532741546630859,0.0013054830287206266,collecTRI_weights
1689,,,,gsea_estimate,mcauprc,0.552107036113739,0.0013054830287206266,collecTRI_weights
1690,,,,gsea_estimate,mcauprc,0.5798681378364563,0.0013054830287206266,collecTRI_weights
1691,,,,gsea_estimate,mcauprc,0.5737711191177368,0.0013054830287206266,collecTRI_weights
1692,,,,gsea_estimate,mcauprc,0.5488364696502686,0.0013054830287206266,collecTRI_weights
1693,,,,gsea_estimate,mcauprc,0.5663003325462341,0.0013054830287206266,collecTRI_weights
1694,,,,gsea_estimate,mcauprc,0.5355530381202698,0.0013054830287206266,collecTRI_weights
1695,,,,gsea_estimate,mcauprc,0.5384430885314941,0.0013054830287206266,collecTRI_weights
1696,,,,gsea_estimate,mcauprc,0.5255467891693115,0.0013054830287206266,collecTRI_weights
1697,,,,gsea_estimate,mcauprc,0.5472779870033264,0.0013054830287206266,collecTRI_weights
1698,,,,gsea_estimate,mcauprc,0.5839843153953552,0.0013054830287206266,collecTRI_weights
1699,,,,gsea_estimate,mcauprc,0.5479540228843689,0.0013054830287206266,collecTRI_weights
1700,,,,gsea_estimate,mcauprc,0.568911612033844,0.0013054830287206266,collecTRI_weights
1701,,,,gsea_estimate,mcauprc,0.5356160402297974,0.0013054830287206266,collecTRI_weights
1702,,,,gsea_estimate,mcauprc,0.5784765481948853,0.0013054830287206266,collecTRI_weights
1703,,,,gsea_estimate,mcauprc,0.546909749507904,0.0013054830287206266,collecTRI_weights
1704,,,,gsea_estimate,mcauprc,0.5534943342208862,0.0013054830287206266,collecTRI_weights
1705,,,,gsea_estimate,mcauprc,0.557645320892334,0.0013054830287206266,collecTRI_weights
1706,,,,gsea_estimate,mcauprc,0.5698476433753967,0.0013054830287206266,collecTRI_weights
1707,,,,gsea_estimate,mcauprc,0.5830430388450623,0.0013054830287206266,collecTRI_weights
1708,,,,gsea_estimate,mcauprc,0.5685208439826965,0.0013054830287206266,collecTRI_weights
1709,,,,gsea_estimate,mcauprc,0.5514801144599915,0.0013054830287206266,collecTRI_weights
1710,,,,gsea_estimate,mcauprc,0.5650644898414612,0.0013054830287206266,collecTRI_weights
1711,,,,gsea_estimate,mcauprc,0.5708907842636108,0.0013054830287206266,collecTRI_weights
1712,,,,gsea_estimate,mcauprc,0.5500433444976807,0.0013054830287206266,collecTRI_weights
1713,,,,gsea_estimate,mcauprc,0.582473874092102,0.0013054830287206266,collecTRI_weights
1714,,,,gsea_estimate,mcauprc,0.5631945133209229,0.0013054830287206266,collecTRI_weights
1715,,,,gsea_estimate,mcauprc,0.5698935389518738,0.0013054830287206266,collecTRI_weights
1716,,,,gsea_estimate,mcauprc,0.5727906823158264,0.0013054830287206266,collecTRI_weights
1717,,,,gsea_estimate,mcauprc,0.560720682144165,0.0013054830287206266,collecTRI_weights
1718,,,,gsea_estimate,mcauprc,0.5193718671798706,0.0013054830287206266,collecTRI_weights
1719,,,,gsea_estimate,mcauprc,0.5503325462341309,0.0013054830287206266,collecTRI_weights
1720,,,,gsea_estimate,mcauprc,0.5503217577934265,0.0013054830287206266,collecTRI_weights
1721,,,,gsea_estimate,mcauprc,0.5711030960083008,0.0013054830287206266,collecTRI_weights
1722,,,,gsea_estimate,mcauprc,0.5633562207221985,0.0013054830287206266,collecTRI_weights
1723,,,,gsea_estimate,mcauprc,0.5588014125823975,0.0013054830287206266,collecTRI_weights
1724,,,,gsea_estimate,mcauprc,0.5581671595573425,0.0013054830287206266,collecTRI_weights
1725,,,,gsea_estimate,mcauprc,0.5667899250984192,0.0013054830287206266,collecTRI_weights
1726,,,,gsea_estimate,mcauprc,0.5643596649169922,0.0013054830287206266,collecTRI_weights
1727,,,,gsea_estimate,mcauprc,0.5404284000396729,0.0013054830287206266,collecTRI_weights
1728,,,,gsea_estimate,mcauprc,0.5596453547477722,0.0013054830287206266,collecTRI_weights
1729,,,,gsea_estimate,mcauprc,0.5397932529449463,0.0013054830287206266,collecTRI_weights
1730,,,,gsea_estimate,mcauprc,0.5565736293792725,0.0013054830287206266,collecTRI_weights
1731,,,,gsea_estimate,mcauprc,0.5446475148200989,0.0013054830287206266,collecTRI_weights
1732,,,,gsea_estimate,mcauprc,0.5944157838821411,0.0013054830287206266,collecTRI_weights
1733,,,,gsea_estimate,mcauprc,0.5807400941848755,0.0013054830287206266,collecTRI_weights
1734,,,,gsea_estimate,mcauprc,0.5342605113983154,0.0013054830287206266,collecTRI_weights
1735,,,,gsea_estimate,mcauprc,0.5704931616783142,0.0013054830287206266,collecTRI_weights
1736,,,,gsea_estimate,mcauprc,0.5604223012924194,0.0013054830287206266,collecTRI_weights
1737,,,,gsea_estimate,mcauprc,0.5282517671585083,0.0013054830287206266,collecTRI_weights
1738,,,,gsea_estimate,mcauprc,0.5675669312477112,0.0013054830287206266,collecTRI_weights
1739,,,,gsea_estimate,mcauprc,0.5805813670158386,0.0013054830287206266,collecTRI_weights
1740,,,,gsea_estimate,mcauprc,0.5775099396705627,0.0013054830287206266,collecTRI_weights
1741,,,,gsea_estimate,mcauprc,0.5371361970901489,0.0013054830287206266,collecTRI_weights
1742,,,,gsea_estimate,mcauprc,0.5441685318946838,0.0013054830287206266,collecTRI_weights
1743,,,,gsea_estimate,mcauprc,0.5574406981468201,0.0013054830287206266,collecTRI_weights
1744,,,,gsea_estimate,mcauprc,0.5598811507225037,0.0013054830287206266,collecTRI_weights
1745,,,,gsea_estimate,mcauprc,0.5442835688591003,0.0013054830287206266,collecTRI_weights
1746,,,,gsea_estimate,mcauprc,0.5555428266525269,0.0013054830287206266,collecTRI_weights
1747,,,,gsea_estimate,mcauprc,0.5801974534988403,0.0013054830287206266,collecTRI_weights
1748,,,,gsea_estimate,mcauprc,0.5877404808998108,0.0013054830287206266,collecTRI_weights
1749,,,,gsea_estimate,mcauprc,0.5593447685241699,0.0013054830287206266,collecTRI_weights
1750,,,,gsea_estimate,mcauprc,0.5607165694236755,0.0013054830287206266,collecTRI_weights
1751,,,,gsea_estimate,mcauprc,0.561587929725647,0.0013054830287206266,collecTRI_weights
1752,,,,gsea_estimate,mcauprc,0.562088668346405,0.0013054830287206266,collecTRI_weights
1753,,,,gsea_estimate,mcauprc,0.5775033235549927,0.0013054830287206266,collecTRI_weights
1754,,,,gsea_estimate,mcauprc,0.5636389255523682,0.0013054830287206266,collecTRI_weights
1755,,,,gsea_estimate,mcauprc,0.5758631825447083,0.0013054830287206266,collecTRI_weights
1756,,,,gsea_estimate,mcauprc,0.5323980450630188,0.0013054830287206266,collecTRI_weights
1757,,,,gsea_estimate,mcauprc,0.5581068396568298,0.0013054830287206266,collecTRI_weights
1758,,,,gsea_estimate,mcauprc,0.568233072757721,0.0013054830287206266,collecTRI_weights
1759,,,,gsea_estimate,mcauprc,0.6015844345092773,0.0013054830287206266,collecTRI_weights
1760,,,,gsea_estimate,mcauprc,0.5463088750839233,0.0013054830287206266,collecTRI_weights
1761,,,,gsea_estimate,mcauprc,0.5844849944114685,0.0013054830287206266,collecTRI_weights
1762,,,,gsea_estimate,mcauprc,0.5565579533576965,0.0013054830287206266,collecTRI_weights
1763,,,,gsea_estimate,mcauprc,0.5397538542747498,0.0013054830287206266,collecTRI_weights
1764,,,,gsea_estimate,mcauprc,0.5543517470359802,0.0013054830287206266,collecTRI_weights
1765,,,,gsea_estimate,mcauprc,0.5706372857093811,0.0013054830287206266,collecTRI_weights
1766,,,,gsea_estimate,mcauprc,0.5730974674224854,0.0013054830287206266,collecTRI_weights
1767,,,,gsea_estimate,mcauprc,0.5722954869270325,0.0013054830287206266,collecTRI_weights
1768,,,,gsea_estimate,mcauprc,0.5505228638648987,0.0013054830287206266,collecTRI_weights
1769,,,,gsea_estimate,mcauprc,0.5771824717521667,0.0013054830287206266,collecTRI_weights
1770,,,,gsea_estimate,mcauprc,0.5496525168418884,0.0013054830287206266,collecTRI_weights
1771,,,,gsea_estimate,mcauprc,0.5657690763473511,0.0013054830287206266,collecTRI_weights
1772,,,,gsea_estimate,mcauprc,0.5461949706077576,0.0013054830287206266,collecTRI_weights
1773,,,,gsea_estimate,mcauprc,0.5477273464202881,0.0013054830287206266,collecTRI_weights
1774,,,,gsea_estimate,mcauprc,0.5610539317131042,0.0013054830287206266,collecTRI_weights
1775,,,,gsea_estimate,mcauprc,0.5666140913963318,0.0013054830287206266,collecTRI_weights
1776,,,,gsea_estimate,mcauprc,0.5474978685379028,0.0013054830287206266,collecTRI_weights
1777,,,,gsea_estimate,mcauprc,0.5964259505271912,0.0013054830287206266,collecTRI_weights
1778,,,,gsea_estimate,mcauprc,0.557348906993866,0.0013054830287206266,collecTRI_weights
1779,,,,gsea_estimate,mcauprc,0.539347231388092,0.0013054830287206266,collecTRI_weights
1780,,,,gsea_estimate,mcauprc,0.5496265888214111,0.0013054830287206266,collecTRI_weights
1781,,,,gsea_estimate,mcauprc,0.5472927093505859,0.0013054830287206266,collecTRI_weights
1782,,,,gsea_estimate,mcauprc,0.5585235357284546,0.0013054830287206266,collecTRI_weights
1783,,,,gsea_estimate,mcauprc,0.5562583208084106,0.0013054830287206266,collecTRI_weights
1784,,,,gsea_estimate,mcauprc,0.5784791707992554,0.0013054830287206266,collecTRI_weights
1785,,,,gsea_estimate,mcauprc,0.552647054195404,0.0013054830287206266,collecTRI_weights
1786,,,,gsea_estimate,mcauprc,0.5326983332633972,0.0013054830287206266,collecTRI_weights
1787,,,,gsea_estimate,mcauprc,0.6194671988487244,0.0013054830287206266,collecTRI_weights
1788,,,,gsea_estimate,mcauprc,0.5756173729896545,0.0013054830287206266,collecTRI_weights
1789,,,,gsea_estimate,mcauprc,0.5308862328529358,0.0013054830287206266,collecTRI_weights
1790,,,,gsea_estimate,mcauprc,0.5616159439086914,0.0013054830287206266,collecTRI_weights
1791,,,,gsea_estimate,mcauprc,0.5868508815765381,0.0013054830287206266,collecTRI_weights
1792,,,,gsea_estimate,mcauprc,0.5238320231437683,0.0013054830287206266,collecTRI_weights
1793,,,,gsea_estimate,mcauprc,0.5956317782402039,0.0013054830287206266,collecTRI_weights
1794,,,,gsea_estimate,mcauprc,0.5407305359840393,0.0013054830287206266,collecTRI_weights
1795,,,,gsea_estimate,mcauprc,0.5760720372200012,0.0013054830287206266,collecTRI_weights
1796,,,,gsea_estimate,mcauprc,0.5318149924278259,0.0013054830287206266,collecTRI_weights
1797,,,,gsea_estimate,mcauprc,0.5605393052101135,0.0013054830287206266,collecTRI_weights
1798,,,,gsea_estimate,mcauprc,0.5175403356552124,0.0013054830287206266,collecTRI_weights
1799,,,,gsea_estimate,mcauprc,0.5779246091842651,0.0013054830287206266,collecTRI_weights
1800,,,,gsea_estimate,mcauprc,0.5443769097328186,0.0013054830287206266,collecTRI_weights
1801,,,,gsea_estimate,mcauprc,0.5241795182228088,0.0013054830287206266,collecTRI_weights
1802,,,,gsea_estimate,mcauprc,0.527067244052887,0.0013054830287206266,collecTRI_weights
1803,,,,gsea_estimate,mcauprc,0.5809182524681091,0.0013054830287206266,collecTRI_weights
1804,,,,gsea_estimate,mcauprc,0.5716753005981445,0.0013054830287206266,collecTRI_weights
1805,,,,gsea_estimate,mcauprc,0.5794258117675781,0.0013054830287206266,collecTRI_weights
1806,,,,gsea_estimate,mcauprc,0.5451866388320923,0.0013054830287206266,collecTRI_weights
1807,,,,gsea_estimate,mcauprc,0.5281869173049927,0.0013054830287206266,collecTRI_weights
1808,,,,gsea_estimate,mcauprc,0.5914573669433594,0.0013054830287206266,collecTRI_weights
1809,,,,gsea_estimate,mcauprc,0.5443524718284607,0.0013054830287206266,collecTRI_weights
1810,,,,gsea_estimate,mcauprc,0.5945646166801453,0.0013054830287206266,collecTRI_weights
1811,,,,gsea_estimate,mcauprc,0.5660043954849243,0.0013054830287206266,collecTRI_weights
1812,,,,gsea_estimate,mcauprc,0.5963163375854492,0.0013054830287206266,collecTRI_weights
1813,,,,gsea_estimate,mcauprc,0.5577288866043091,0.0013054830287206266,collecTRI_weights
1814,,,,gsea_estimate,mcauprc,0.5601784586906433,0.0013054830287206266,collecTRI_weights
1815,,,,gsea_estimate,mcauprc,0.527614414691925,0.0013054830287206266,collecTRI_weights
1816,,,,gsea_estimate,mcauprc,0.5588321089744568,0.0013054830287206266,collecTRI_weights
1817,,,,gsea_estimate,mcauprc,0.579291582107544,0.0013054830287206266,collecTRI_weights
1818,,,,gsea_estimate,mcauprc,0.6078382730484009,0.0013054830287206266,collecTRI_weights
1819,,,,gsea_estimate,mcauprc,0.5409711003303528,0.0013054830287206266,collecTRI_weights
1820,,,,gsea_estimate,mcauprc,0.5624902248382568,0.0013054830287206266,collecTRI_weights
1821,,,,gsea_estimate,mcauprc,0.5586493015289307,0.0013054830287206266,collecTRI_weights
1822,,,,gsea_estimate,mcauprc,0.5531598925590515,0.0013054830287206266,collecTRI_weights
1823,,,,gsea_estimate,mcauprc,0.5521796345710754,0.0013054830287206266,collecTRI_weights
1824,,,,gsea_estimate,mcauprc,0.5363907814025879,0.0013054830287206266,collecTRI_weights
1825,,,,gsea_estimate,mcauprc,0.5859405398368835,0.0013054830287206266,collecTRI_weights
1826,,,,gsea_estimate,mcauprc,0.5999246835708618,0.0013054830287206266,collecTRI_weights
1827,,,,gsea_estimate,mcauprc,0.5639200210571289,0.0013054830287206266,collecTRI_weights
1828,,,,gsea_estimate,mcauprc,0.5784415602684021,0.0013054830287206266,collecTRI_weights
1829,,,,gsea_estimate,mcauprc,0.5635730028152466,0.0013054830287206266,collecTRI_weights
1830,,,,gsea_estimate,mcauprc,0.5444473624229431,0.0013054830287206266,collecTRI_weights
1831,,,,gsea_estimate,mcauprc,0.5362405776977539,0.0013054830287206266,collecTRI_weights
1832,,,,gsea_estimate,mcauprc,0.5266107320785522,0.0013054830287206266,collecTRI_weights
1833,,,,gsea_estimate,mcauprc,0.5406812429428101,0.0013054830287206266,collecTRI_weights
1834,,,,gsea_estimate,mcauprc,0.5488213896751404,0.0013054830287206266,collecTRI_weights
1835,,,,gsea_estimate,mcauprc,0.5705960392951965,0.0013054830287206266,collecTRI_weights
1836,,,,gsea_estimate,mcauprc,0.5374417304992676,0.0013054830287206266,collecTRI_weights
1837,,,,gsea_estimate,mcauprc,0.5593098998069763,0.0013054830287206266,collecTRI_weights
1838,,,,gsea_estimate,mcauprc,0.571201503276825,0.0013054830287206266,collecTRI_weights
1839,,,,gsea_estimate,mcauprc,0.5860440731048584,0.0013054830287206266,collecTRI_weights
1840,,,,gsea_estimate,mcauprc,0.5292451977729797,0.0013054830287206266,collecTRI_weights
1841,,,,gsea_estimate,mcauprc,0.5474119186401367,0.0013054830287206266,collecTRI_weights
1842,,,,gsea_estimate,mcauprc,0.5508154034614563,0.0013054830287206266,collecTRI_weights
1843,,,,gsea_estimate,mcauprc,0.5797760486602783,0.0013054830287206266,collecTRI_weights
1844,,,,gsea_estimate,mcauprc,0.5482053160667419,0.0013054830287206266,collecTRI_weights
1845,,,,gsea_estimate,mcauprc,0.561195969581604,0.0013054830287206266,collecTRI_weights
1846,,,,gsea_estimate,mcauprc,0.5350663661956787,0.0013054830287206266,collecTRI_weights
1847,,,,gsea_estimate,mcauprc,0.565916895866394,0.0013054830287206266,collecTRI_weights
1848,,,,gsea_estimate,mcauprc,0.5630084276199341,0.0013054830287206266,collecTRI_weights
1849,,,,gsea_estimate,mcauprc,0.5755333304405212,0.0013054830287206266,collecTRI_weights
1850,,,,gsea_estimate,mcauprc,0.5510291457176208,0.0013054830287206266,collecTRI_weights
1851,,,,gsea_estimate,mcauprc,0.5785449147224426,0.0013054830287206266,collecTRI_weights
1852,,,,gsea_estimate,mcauprc,0.5596755743026733,0.0013054830287206266,collecTRI_weights
1853,,,,gsea_estimate,mcauprc,0.5531167984008789,0.0013054830287206266,collecTRI_weights
1854,,,,gsea_estimate,mcauprc,0.5723967552185059,0.0013054830287206266,collecTRI_weights
1855,,,,gsea_estimate,mcauprc,0.5582025051116943,0.0013054830287206266,collecTRI_weights
1856,,,,gsea_estimate,mcauprc,0.5607325434684753,0.0013054830287206266,collecTRI_weights
1857,,,,gsea_estimate,mcauprc,0.5537327527999878,0.0013054830287206266,collecTRI_weights
1858,,,,gsea_estimate,mcauprc,0.5779196619987488,0.0013054830287206266,collecTRI_weights
1859,,,,gsea_estimate,mcauprc,0.5678735375404358,0.0013054830287206266,collecTRI_weights
1860,,,,gsea_estimate,mcauprc,0.5741980671882629,0.0013054830287206266,collecTRI_weights
1861,,,,gsea_estimate,mcauprc,0.5546976923942566,0.0013054830287206266,collecTRI_weights
1862,,,,gsea_estimate,mcauprc,0.5457667112350464,0.0013054830287206266,collecTRI_weights
1863,,,,gsea_estimate,mcauprc,0.5576004385948181,0.0013054830287206266,collecTRI_weights
1864,,,,gsea_estimate,mcauprc,0.5691559910774231,0.0013054830287206266,collecTRI_weights
1865,,,,gsea_estimate,mcauprc,0.5408168435096741,0.0013054830287206266,collecTRI_weights
1866,,,,gsea_estimate,mcauprc,0.5846238136291504,0.0013054830287206266,collecTRI_weights
1867,,,,gsea_estimate,mcauprc,0.5543283224105835,0.0013054830287206266,collecTRI_weights
1868,,,,gsea_estimate,mcauprc,0.5791780352592468,0.0013054830287206266,collecTRI_weights
1869,,,,gsea_estimate,mcauprc,0.5742061734199524,0.0013054830287206266,collecTRI_weights
1870,,,,gsea_estimate,mcauprc,0.5615350604057312,0.0013054830287206266,collecTRI_weights
1871,,,,gsea_estimate,mcauprc,0.5660649538040161,0.0013054830287206266,collecTRI_weights
1872,,,,gsea_estimate,mcauprc,0.5499558448791504,0.0013054830287206266,collecTRI_weights
1873,,,,gsea_estimate,mcauprc,0.5642778873443604,0.0013054830287206266,collecTRI_weights
1874,,,,gsea_estimate,mcauprc,0.5884258151054382,0.0013054830287206266,collecTRI_weights
1875,,,,gsea_estimate,mcauprc,0.5538942217826843,0.0013054830287206266,collecTRI_weights
1876,,,,gsea_estimate,mcauprc,0.5574265122413635,0.0013054830287206266,collecTRI_weights
1877,,,,gsea_estimate,mcauprc,0.5404177308082581,0.0013054830287206266,collecTRI_weights
1878,,,,gsea_estimate,mcauprc,0.5469601154327393,0.0013054830287206266,collecTRI_weights
1879,,,,gsea_estimate,mcauprc,0.5582472085952759,0.0013054830287206266,collecTRI_weights
1880,,,,gsea_estimate,mcauprc,0.5323200821876526,0.0013054830287206266,collecTRI_weights
1881,,,,gsea_estimate,mcauprc,0.5670532584190369,0.0013054830287206266,collecTRI_weights
1882,,,,gsea_estimate,mcauprc,0.5378075838088989,0.0013054830287206266,collecTRI_weights
1883,,,,gsea_estimate,mcauprc,0.5400552749633789,0.0013054830287206266,collecTRI_weights
1884,,,,gsea_estimate,mcauprc,0.5546621084213257,0.0013054830287206266,collecTRI_weights
1885,,,,gsea_estimate,mcauprc,0.6000802516937256,0.0013054830287206266,collecTRI_weights
1886,,,,gsea_estimate,mcauprc,0.5934057235717773,0.0013054830287206266,collecTRI_weights
1887,,,,gsea_estimate,mcauprc,0.5634399652481079,0.0013054830287206266,collecTRI_weights
1888,,,,gsea_estimate,mcauprc,0.5667300820350647,0.0013054830287206266,collecTRI_weights
1889,,,,gsea_estimate,mcauprc,0.5484723448753357,0.0013054830287206266,collecTRI_weights
1890,,,,gsea_estimate,mcauprc,0.5620983242988586,0.0013054830287206266,collecTRI_weights
1891,,,,gsea_estimate,mcauprc,0.5215474963188171,0.0013054830287206266,collecTRI_weights
1892,,,,gsea_estimate,mcauprc,0.5312308669090271,0.0013054830287206266,collecTRI_weights
1893,,,,gsea_estimate,mcauprc,0.5520119071006775,0.0013054830287206266,collecTRI_weights
1894,,,,gsea_estimate,mcauprc,0.5473070740699768,0.0013054830287206266,collecTRI_weights
1895,,,,gsea_estimate,mcauprc,0.57002854347229,0.0013054830287206266,collecTRI_weights
1896,,,,gsea_estimate,mcauprc,0.5363622903823853,0.0013054830287206266,collecTRI_weights
1897,,,,gsea_estimate,mcauprc,0.5862192511558533,0.0013054830287206266,collecTRI_weights
1898,,,,gsea_estimate,mcauprc,0.5717611312866211,0.0013054830287206266,collecTRI_weights
1899,,,,gsea_estimate,mcauprc,0.5340620875358582,0.0013054830287206266,collecTRI_weights
1900,,,,gsea_estimate,mcauprc,0.5546215772628784,0.0013054830287206266,collecTRI_weights
1901,,,,gsea_estimate,mcauprc,0.5632813572883606,0.0013054830287206266,collecTRI_weights
1902,,,,gsea_estimate,mcauprc,0.5315302014350891,0.0013054830287206266,collecTRI_weights
1903,,,,gsea_estimate,mcauprc,0.5606527924537659,0.0013054830287206266,collecTRI_weights
1904,,,,gsea_estimate,mcauprc,0.5430082082748413,0.0013054830287206266,collecTRI_weights
1905,,,,gsea_estimate,mcauprc,0.5311042070388794,0.0013054830287206266,collecTRI_weights
1906,,,,gsea_estimate,mcauprc,0.5529356598854065,0.0013054830287206266,collecTRI_weights
1907,,,,gsea_estimate,mcauprc,0.5580575466156006,0.0013054830287206266,collecTRI_weights
1908,,,,gsea_estimate,mcauprc,0.5638713240623474,0.0013054830287206266,collecTRI_weights
1909,,,,gsea_estimate,mcauprc,0.5458676218986511,0.0013054830287206266,collecTRI_weights
1910,,,,gsea_estimate,mcauprc,0.5280551910400391,0.0013054830287206266,collecTRI_weights
1911,,,,gsea_estimate,mcauprc,0.5576515793800354,0.0013054830287206266,collecTRI_weights
1912,,,,gsea_estimate,mcauprc,0.5564812421798706,0.0013054830287206266,collecTRI_weights
1913,,,,gsea_estimate,mcauprc,0.5805158615112305,0.0013054830287206266,collecTRI_weights
1914,,,,gsea_estimate,mcauprc,0.5879388451576233,0.0013054830287206266,collecTRI_weights
1915,,,,gsea_estimate,mcauprc,0.5544813275337219,0.0013054830287206266,collecTRI_weights
1916,,,,gsea_estimate,mcauprc,0.5834798216819763,0.0013054830287206266,collecTRI_weights
1917,,,,gsea_estimate,mcauprc,0.5769091844558716,0.0013054830287206266,collecTRI_weights
1918,,,,gsea_estimate,mcauprc,0.5396161079406738,0.0013054830287206266,collecTRI_weights
1919,,,,gsea_estimate,mcauprc,0.5465104579925537,0.0013054830287206266,collecTRI_weights
1920,,,,gsea_estimate,mcauprc,0.5528812408447266,0.0013054830287206266,collecTRI_weights
1921,,,,gsea_estimate,mcauprc,0.5505071878433228,0.0013054830287206266,collecTRI_weights
1922,,,,gsea_estimate,mcauprc,0.5921422839164734,0.0013054830287206266,collecTRI_weights
1923,,,,gsea_estimate,mcauprc,0.5732004046440125,0.0013054830287206266,collecTRI_weights
1924,,,,gsea_estimate,mcauprc,0.5476114749908447,0.0013054830287206266,collecTRI_weights
1925,,,,gsea_estimate,mcauprc,0.5443138480186462,0.0013054830287206266,collecTRI_weights
1926,,,,gsea_estimate,mcauprc,0.5736997723579407,0.0013054830287206266,collecTRI_weights
1927,,,,gsea_estimate,mcauprc,0.5777771472930908,0.0013054830287206266,collecTRI_weights
1928,,,,gsea_estimate,mcauprc,0.5817154049873352,0.0013054830287206266,collecTRI_weights
1929,,,,gsea_estimate,mcauprc,0.5569794774055481,0.0013054830287206266,collecTRI_weights
1930,,,,gsea_estimate,mcauprc,0.5614166259765625,0.0013054830287206266,collecTRI_weights
1931,,,,gsea_estimate,mcauprc,0.5516273975372314,0.0013054830287206266,collecTRI_weights
1932,,,,gsea_estimate,mcauprc,0.5815073847770691,0.0013054830287206266,collecTRI_weights
1933,,,,gsea_estimate,mcauprc,0.5592615008354187,0.0013054830287206266,collecTRI_weights
1934,,,,gsea_estimate,mcauprc,0.5317849516868591,0.0013054830287206266,collecTRI_weights
1935,,,,gsea_estimate,mcauprc,0.580275297164917,0.0013054830287206266,collecTRI_weights
1936,,,,gsea_estimate,mcauprc,0.5464956164360046,0.0013054830287206266,collecTRI_weights
1937,,,,gsea_estimate,mcauprc,0.5512863397598267,0.0013054830287206266,collecTRI_weights
1938,,,,gsea_estimate,mcauprc,0.578098475933075,0.0013054830287206266,collecTRI_weights
1939,,,,gsea_estimate,mcauprc,0.5477638244628906,0.0013054830287206266,collecTRI_weights
1940,,,,gsea_estimate,mcauprc,0.5835997462272644,0.0013054830287206266,collecTRI_weights
1941,,,,gsea_estimate,mcauprc,0.5434526205062866,0.0013054830287206266,collecTRI_weights
1942,,,,gsea_estimate,mcauprc,0.5663491487503052,0.0013054830287206266,collecTRI_weights
1943,,,,gsea_estimate,mcauprc,0.5485427975654602,0.0013054830287206266,collecTRI_weights
1944,,,,gsea_estimate,mcauprc,0.557828962802887,0.0013054830287206266,collecTRI_weights
1945,,,,gsea_estimate,mcauprc,0.5556836724281311,0.0013054830287206266,collecTRI_weights
1946,,,,gsea_estimate,mcauprc,0.5520227551460266,0.0013054830287206266,collecTRI_weights
1947,,,,gsea_estimate,mcauprc,0.5368364453315735,0.0013054830287206266,collecTRI_weights
1948,,,,gsea_estimate,mcauprc,0.56668621301651,0.0013054830287206266,collecTRI_weights
1949,,,,gsea_estimate,mcauprc,0.5599993467330933,0.0013054830287206266,collecTRI_weights
1950,,,,gsea_estimate,mcauprc,0.584168553352356,0.0013054830287206266,collecTRI_weights
1951,,,,gsea_estimate,mcauprc,0.5448254346847534,0.0013054830287206266,collecTRI_weights
1952,,,,gsea_estimate,mcauprc,0.5650956630706787,0.0013054830287206266,collecTRI_weights
1953,,,,gsea_estimate,mcauprc,0.5324344038963318,0.0013054830287206266,collecTRI_weights
1954,,,,gsea_estimate,mcauprc,0.5873896479606628,0.0013054830287206266,collecTRI_weights
1955,,,,gsea_estimate,mcauprc,0.573152482509613,0.0013054830287206266,collecTRI_weights
1956,,,,gsea_estimate,mcauprc,0.551821768283844,0.0013054830287206266,collecTRI_weights
1957,,,,gsea_estimate,mcauprc,0.5723455548286438,0.0013054830287206266,collecTRI_weights
1958,,,,gsea_estimate,mcauprc,0.5505586862564087,0.0013054830287206266,collecTRI_weights
1959,,,,gsea_estimate,mcauprc,0.5497649312019348,0.0013054830287206266,collecTRI_weights
1960,,,,gsea_estimate,mcauprc,0.5505521297454834,0.0013054830287206266,collecTRI_weights
1961,,,,gsea_estimate,mcauprc,0.5855353474617004,0.0013054830287206266,collecTRI_weights
1962,,,,gsea_estimate,mcauprc,0.5431485176086426,0.0013054830287206266,collecTRI_weights
1963,,,,gsea_estimate,mcauprc,0.5559971332550049,0.0013054830287206266,collecTRI_weights
1964,,,,gsea_estimate,mcauprc,0.5513998866081238,0.0013054830287206266,collecTRI_weights
1965,,,,gsea_estimate,mcauprc,0.5698002576828003,0.0013054830287206266,collecTRI_weights
1966,,,,gsea_estimate,mcauprc,0.5804992914199829,0.0013054830287206266,collecTRI_weights
1967,,,,gsea_estimate,mcauprc,0.562402069568634,0.0013054830287206266,collecTRI_weights
1968,,,,gsea_estimate,mcauprc,0.5691296458244324,0.0013054830287206266,collecTRI_weights
1969,,,,gsea_estimate,mcauprc,0.5531494617462158,0.0013054830287206266,collecTRI_weights
1970,,,,gsea_estimate,mcauprc,0.5626381635665894,0.0013054830287206266,collecTRI_weights
1971,,,,gsea_estimate,mcauprc,0.541315495967865,0.0013054830287206266,collecTRI_weights
1972,,,,gsea_estimate,mcauprc,0.5533654093742371,0.0013054830287206266,collecTRI_weights
1973,,,,gsea_estimate,mcauprc,0.5495699048042297,0.0013054830287206266,collecTRI_weights
1974,,,,gsea_estimate,mcauprc,0.5795491337776184,0.0013054830287206266,collecTRI_weights
1975,,,,gsea_estimate,mcauprc,0.6022284626960754,0.0013054830287206266,collecTRI_weights
1976,,,,gsea_estimate,mcauprc,0.5662268996238708,0.0013054830287206266,collecTRI_weights
1977,,,,gsea_estimate,mcauprc,0.5836480855941772,0.0013054830287206266,collecTRI_weights
1978,,,,gsea_estimate,mcauprc,0.5286366939544678,0.0013054830287206266,collecTRI_weights
1979,,,,gsea_estimate,mcauprc,0.578036904335022,0.0013054830287206266,collecTRI_weights
1980,,,,gsea_estimate,mcauprc,0.5798994302749634,0.0013054830287206266,collecTRI_weights
1981,,,,gsea_estimate,mcauprc,0.5358999371528625,0.0013054830287206266,collecTRI_weights
1982,,,,gsea_estimate,mcauprc,0.5332220196723938,0.0013054830287206266,collecTRI_weights
1983,,,,gsea_estimate,mcauprc,0.5167680382728577,0.0013054830287206266,collecTRI_weights
1984,,,,gsea_estimate,mcauprc,0.5829777121543884,0.0013054830287206266,collecTRI_weights
1985,,,,gsea_estimate,mcauprc,0.571963906288147,0.0013054830287206266,collecTRI_weights
1986,,,,gsea_estimate,mcauprc,0.5582880973815918,0.0013054830287206266,collecTRI_weights
1987,,,,gsea_estimate,mcauprc,0.5345470905303955,0.0013054830287206266,collecTRI_weights
1988,,,,gsea_estimate,mcauprc,0.5778108239173889,0.0013054830287206266,collecTRI_weights
1989,,,,gsea_estimate,mcauprc,0.5185211896896362,0.0013054830287206266,collecTRI_weights
1990,,,,gsea_estimate,mcauprc,0.5739687085151672,0.0013054830287206266,collecTRI_weights
1991,,,,gsea_estimate,mcauprc,0.5409684181213379,0.0013054830287206266,collecTRI_weights
1992,,,,gsea_estimate,mcauprc,0.5457417964935303,0.0013054830287206266,collecTRI_weights
1993,,,,gsea_estimate,mcauprc,0.5576097369194031,0.0013054830287206266,collecTRI_weights
1994,,,,gsea_estimate,mcauprc,0.5886519551277161,0.0013054830287206266,collecTRI_weights
1995,,,,gsea_estimate,mcauprc,0.5268723368644714,0.0013054830287206266,collecTRI_weights
1996,,,,gsea_estimate,mcauprc,0.5387399196624756,0.0013054830287206266,collecTRI_weights
1997,,,,gsea_estimate,mcauprc,0.567659854888916,0.0013054830287206266,collecTRI_weights
1998,,,,gsea_estimate,mcauprc,0.5568475723266602,0.0013054830287206266,collecTRI_weights
1999,,,,gsea_estimate,mcauprc,0.5487120151519775,0.0013054830287206266,collecTRI_weights
2000,,,,gsea_estimate,mcauprc,0.5806905031204224,0.0013054830287206266,collecTRI_weights
2001,,,,gsea_estimate,mcauprc,0.5701573491096497,0.0013054830287206266,collecTRI_weights
2002,,,,gsea_estimate,rank,552.0,,collecTRI_weights
2003,,,,gsea_estimate,rank,385.0,,collecTRI_weights
2004,,,,gsea_estimate,rank,481.0,,collecTRI_weights
2005,,,,gsea_estimate,rank,267.0,,collecTRI_weights
2006,,,,gsea_estimate,rank,339.0,,collecTRI_weights
2007,,,,gsea_estimate,rank,383.0,,collecTRI_weights
2008,,,,gsea_estimate,rank,267.0,,collecTRI_weights
2009,,,,gsea_estimate,rank,378.0,,collecTRI_weights
2010,,,,gsea_estimate,rank,451.0,,collecTRI_weights
2011,,,,gsea_estimate,rank,283.0,,collecTRI_weights
2012,,,,gsea_estimate,rank,272.0,,collecTRI_weights
2013,,,,gsea_estimate,rank,263.0,,collecTRI_weights
2014,,,,gsea_estimate,rank,172.0,,collecTRI_weights
2015,,,,gsea_estimate,rank,113.0,,collecTRI_weights
2016,,,,gsea_estimate,rank,246.0,,collecTRI_weights
2017,,,,gsea_estimate,rank,321.0,,collecTRI_weights
2018,,,,gsea_estimate,rank,280.0,,collecTRI_weights
2019,,,,gsea_estimate,rank,430.0,,collecTRI_weights
2020,,,,gsea_estimate,rank,229.0,,collecTRI_weights
2021,,,,gsea_estimate,rank,129.0,,collecTRI_weights
2022,,,,gsea_estimate,rank,714.0,,collecTRI_weights
2023,,,,gsea_estimate,rank,507.0,,collecTRI_weights
2024,,,,gsea_estimate,rank,368.0,,collecTRI_weights
2025,,,,gsea_estimate,rank,303.0,,collecTRI_weights
2026,,,,gsea_estimate,rank,314.0,,collecTRI_weights
2027,,,,gsea_estimate,rank,452.0,,collecTRI_weights
2028,,,,gsea_estimate,rank,388.0,,collecTRI_weights
2029,,,,gsea_estimate,rank,79.0,,collecTRI_weights
2030,,,,gsea_estimate,rank,654.0,,collecTRI_weights
2031,,,,gsea_estimate,rank,204.0,,collecTRI_weights
2032,,,,gsea_estimate,rank,109.0,,collecTRI_weights
2033,,,,gsea_estimate,rank,221.0,,collecTRI_weights
2034,,,,gsea_estimate,rank,217.0,,collecTRI_weights
2035,,,,gsea_estimate,rank,534.0,,collecTRI_weights
2036,,,,gsea_estimate,rank,245.0,,collecTRI_weights
2037,,,,gsea_estimate,rank,561.0,,collecTRI_weights
2038,,,,gsea_estimate,rank,487.0,,collecTRI_weights
2039,,,,gsea_estimate,rank,322.0,,collecTRI_weights
2040,,,,gsea_estimate,rank,72.0,,collecTRI_weights
2041,,,,gsea_estimate,rank,161.0,,collecTRI_weights
2042,,,,gsea_estimate,rank,278.0,,collecTRI_weights
2043,,,,gsea_estimate,rank,406.0,,collecTRI_weights
2044,,,,gsea_estimate,rank,544.0,,collecTRI_weights
2045,,,,gsea_estimate,rank,464.0,,collecTRI_weights
2046,,,,gsea_estimate,rank,515.0,,collecTRI_weights
2047,,,,gsea_estimate,rank,135.0,,collecTRI_weights
2048,,,,gsea_estimate,rank,496.0,,collecTRI_weights
2049,,,,gsea_estimate,rank,567.0,,collecTRI_weights
2050,,,,gsea_estimate,rank,534.0,,collecTRI_weights
2051,,,,gsea_estimate,rank,567.0,,collecTRI_weights
2052,,,,gsea_estimate,rank,189.0,,collecTRI_weights
2053,,,,gsea_estimate,rank,145.0,,collecTRI_weights
2054,,,,gsea_estimate,rank,137.0,,collecTRI_weights
2055,,,,gsea_estimate,rank,168.0,,collecTRI_weights
2056,,,,gsea_estimate,rank,390.0,,collecTRI_weights
2057,,,,gsea_estimate,rank,89.0,,collecTRI_weights
2058,,,,gsea_estimate,rank,97.0,,collecTRI_weights
2059,,,,gsea_estimate,rank,381.0,,collecTRI_weights
2060,,,,gsea_estimate,rank,229.0,,collecTRI_weights
2061,,,,gsea_estimate,rank,739.0,,collecTRI_weights
2062,,,,gsea_estimate,rank,330.0,,collecTRI_weights
2063,,,,gsea_estimate,rank,301.0,,collecTRI_weights
2064,,,,gsea_estimate,rank,18.0,,collecTRI_weights
2065,,,,gsea_estimate,rank,253.0,,collecTRI_weights
2066,,,,gsea_estimate,rank,37.0,,collecTRI_weights
2067,,,,gsea_estimate,rank,77.0,,collecTRI_weights
2068,,,,gsea_estimate,rank,761.0,,collecTRI_weights
2069,,,,gsea_estimate,rank,687.0,,collecTRI_weights
2070,,,,gsea_estimate,rank,158.0,,collecTRI_weights
2071,,,,gsea_estimate,rank,764.0,,collecTRI_weights
2072,,,,gsea_estimate,rank,20.0,,collecTRI_weights
2073,,,,gsea_estimate,rank,174.0,,collecTRI_weights
2074,,,,gsea_estimate,rank,413.0,,collecTRI_weights
2075,,,,gsea_estimate,rank,77.0,,collecTRI_weights
2076,,,,gsea_estimate,rank,27.0,,collecTRI_weights
2077,,,,gsea_estimate,rank,410.0,,collecTRI_weights
2078,,,,gsea_estimate,rank,105.0,,collecTRI_weights
2079,,,,gsea_estimate,rank,127.0,,collecTRI_weights
2080,,,,gsea_estimate,rank,181.0,,collecTRI_weights
2081,,,,gsea_estimate,rank,323.0,,collecTRI_weights
2082,,,,gsea_estimate,rank,130.0,,collecTRI_weights
2083,,,,gsea_estimate,rank,338.0,,collecTRI_weights
2084,,,,gsea_estimate,rank,328.0,,collecTRI_weights
2085,,,,gsea_estimate,rank,140.0,,collecTRI_weights
2086,,,,gsea_estimate,rank,731.0,,collecTRI_weights
2087,,,,gsea_estimate,rank,550.0,,collecTRI_weights
2088,,,,gsea_estimate,rank,91.0,,collecTRI_weights
2089,,,,gsea_estimate,rank,165.0,,collecTRI_weights
2090,,,,gsea_estimate,rank,83.0,,collecTRI_weights
2091,,,,gsea_estimate,rank,185.0,,collecTRI_weights
2092,,,,gsea_estimate,rank,369.0,,collecTRI_weights
2093,,,,gsea_estimate,rank,276.0,,collecTRI_weights
2094,,,,gsea_estimate,rank,226.0,,collecTRI_weights
2095,,,,gsea_estimate,rank,443.0,,collecTRI_weights
2096,,,,gsea_estimate,rank,35.0,,collecTRI_weights
2097,,,,gsea_estimate,rank,252.0,,collecTRI_weights
2098,,,,gsea_estimate,rank,261.0,,collecTRI_weights
2099,,,,gsea_estimate,rank,368.0,,collecTRI_weights
2100,,,,gsea_estimate,rank,279.0,,collecTRI_weights
2101,,,,gsea_estimate,rank,215.0,,collecTRI_weights
2102,,,,gsea_estimate,rank,121.0,,collecTRI_weights
2103,,,,gsea_estimate,rank,762.0,,collecTRI_weights
2104,,,,gsea_estimate,rank,10.0,,collecTRI_weights
2105,,,,gsea_estimate,rank,17.0,,collecTRI_weights
2106,,,,gsea_estimate,rank,176.0,,collecTRI_weights
2107,,,,gsea_estimate,rank,203.0,,collecTRI_weights
2108,,,,gsea_estimate,rank,221.0,,collecTRI_weights
2109,,,,gsea_estimate,rank,120.0,,collecTRI_weights
2110,,,,gsea_estimate,rank,193.0,,collecTRI_weights
2111,,,,gsea_estimate,rank,311.0,,collecTRI_weights
2112,,,,gsea_estimate,rank,208.0,,collecTRI_weights
2113,,,,gsea_estimate,rank,106.0,,collecTRI_weights
2114,,,,gsea_estimate,rank,167.0,,collecTRI_weights
2115,,,,gsea_estimate,rank,228.0,,collecTRI_weights
2116,,,,gsea_estimate,rank,84.0,,collecTRI_weights
2117,,,,gsea_estimate,rank,185.0,,collecTRI_weights
2118,,,,gsea_estimate,rank,528.0,,collecTRI_weights
2119,,,,gsea_estimate,rank,434.0,,collecTRI_weights
2120,,,,gsea_estimate,rank,153.0,,collecTRI_weights
2121,,,,gsea_estimate,rank,204.0,,collecTRI_weights
2122,,,,gsea_estimate,rank,289.0,,collecTRI_weights
2123,,,,gsea_estimate,rank,42.0,,collecTRI_weights
2124,,,,gsea_estimate,rank,127.0,,collecTRI_weights
2125,,,,gsea_estimate,rank,193.0,,collecTRI_weights
2126,,,,gsea_estimate,rank,468.0,,collecTRI_weights
2127,,,,gsea_estimate,rank,324.0,,collecTRI_weights
2128,,,,gsea_estimate,rank,265.0,,collecTRI_weights
2129,,,,gsea_estimate,rank,72.0,,collecTRI_weights
2130,,,,gsea_estimate,rank,101.0,,collecTRI_weights
2131,,,,gsea_estimate,rank,289.0,,collecTRI_weights
2132,,,,gsea_estimate,rank,282.0,,collecTRI_weights
2133,,,,gsea_estimate,rank,13.0,,collecTRI_weights
2134,,,,gsea_estimate,rank,252.0,,collecTRI_weights
2135,,,,gsea_estimate,rank,746.0,,collecTRI_weights
2136,,,,gsea_estimate,rank,38.0,,collecTRI_weights
2137,,,,gsea_estimate,rank,158.0,,collecTRI_weights
2138,,,,gsea_estimate,rank,420.0,,collecTRI_weights
2139,,,,gsea_estimate,rank,420.0,,collecTRI_weights
2140,,,,gsea_estimate,rank,91.0,,collecTRI_weights
2141,,,,gsea_estimate,rank,122.0,,collecTRI_weights
2142,,,,gsea_estimate,rank,74.0,,collecTRI_weights
2143,,,,gsea_estimate,rank,182.0,,collecTRI_weights
2144,,,,gsea_estimate,rank,182.0,,collecTRI_weights
2145,,,,gsea_estimate,rank,6.0,,collecTRI_weights
2146,,,,gsea_estimate,rank,678.0,,collecTRI_weights
2147,,,,gsea_estimate,rank,214.0,,collecTRI_weights
2148,,,,gsea_estimate,rank,763.0,,collecTRI_weights
2149,,,,gsea_estimate,rank,756.0,,collecTRI_weights
2150,,,,gsea_estimate,rank,229.0,,collecTRI_weights
2151,,,,gsea_estimate,rank,413.0,,collecTRI_weights
2152,,,,gsea_estimate,rank,48.0,,collecTRI_weights
2153,,,,gsea_estimate,rank,348.0,,collecTRI_weights
2154,,,,gsea_estimate,rank,95.0,,collecTRI_weights
2155,,,,gsea_estimate,rank,221.0,,collecTRI_weights
2156,,,,gsea_estimate,rank,364.0,,collecTRI_weights
2157,,,,gsea_estimate,rank,492.0,,collecTRI_weights
2158,,,,gsea_estimate,rank,468.0,,collecTRI_weights
2159,,,,gsea_estimate,rank,199.0,,collecTRI_weights
2160,,,,gsea_estimate,rank,184.0,,collecTRI_weights
2161,,,,gsea_estimate,rank,176.0,,collecTRI_weights
2162,,,,gsea_estimate,rank,169.0,,collecTRI_weights
2163,,,,gsea_estimate,rank,592.0,,collecTRI_weights
2164,,,,gsea_estimate,rank,339.0,,collecTRI_weights
2165,,,,gsea_estimate,rank,500.0,,collecTRI_weights
2166,,,,gsea_estimate,rank,23.0,,collecTRI_weights
2167,,,,gsea_estimate,rank,736.0,,collecTRI_weights
2168,,,,gsea_estimate,rank,327.0,,collecTRI_weights
2169,,,,gsea_estimate,rank,621.0,,collecTRI_weights
2170,,,,gsea_estimate,rank,665.0,,collecTRI_weights
2171,,,,gsea_estimate,rank,77.0,,collecTRI_weights
2172,,,,gsea_estimate,rank,263.0,,collecTRI_weights
2173,,,,gsea_estimate,rank,89.0,,collecTRI_weights
2174,,,,gsea_estimate,rank,200.0,,collecTRI_weights
2175,,,,gsea_estimate,rank,498.0,,collecTRI_weights
2176,,,,gsea_estimate,rank,586.0,,collecTRI_weights
2177,,,,gsea_estimate,rank,454.0,,collecTRI_weights
2178,,,,gsea_estimate,rank,76.0,,collecTRI_weights
2179,,,,gsea_estimate,rank,116.0,,collecTRI_weights
2180,,,,gsea_estimate,rank,13.0,,collecTRI_weights
2181,,,,gsea_estimate,rank,538.0,,collecTRI_weights
2182,,,,gsea_estimate,rank,198.0,,collecTRI_weights
2183,,,,gsea_estimate,rank,412.0,,collecTRI_weights
2184,,,,gsea_estimate,rank,388.0,,collecTRI_weights
2185,,,,gsea_estimate,rank,348.0,,collecTRI_weights
2186,,,,gsea_estimate,rank,316.0,,collecTRI_weights
2187,,,,gsea_estimate,rank,723.0,,collecTRI_weights
2188,,,,gsea_estimate,rank,145.0,,collecTRI_weights
2189,,,,gsea_estimate,rank,327.0,,collecTRI_weights
2190,,,,gsea_estimate,rank,173.0,,collecTRI_weights
2191,,,,gsea_estimate,rank,235.0,,collecTRI_weights
2192,,,,gsea_estimate,rank,220.0,,collecTRI_weights
2193,,,,gsea_estimate,rank,449.0,,collecTRI_weights
2194,,,,gsea_estimate,rank,315.0,,collecTRI_weights
2195,,,,gsea_estimate,rank,647.0,,collecTRI_weights
2196,,,,gsea_estimate,rank,579.0,,collecTRI_weights
2197,,,,gsea_estimate,rank,317.0,,collecTRI_weights
2198,,,,gsea_estimate,rank,374.0,,collecTRI_weights
2199,,,,gsea_estimate,rank,177.0,,collecTRI_weights
2200,,,,gsea_estimate,rank,647.0,,collecTRI_weights
2201,,,,gsea_estimate,rank,173.0,,collecTRI_weights
2202,,,,gsea_estimate,rank,596.0,,collecTRI_weights
2203,,,,gsea_estimate,rank,635.0,,collecTRI_weights
2204,,,,gsea_estimate,rank,55.0,,collecTRI_weights
2205,,,,gsea_estimate,rank,225.0,,collecTRI_weights
2206,,,,gsea_estimate,rank,126.0,,collecTRI_weights
2207,,,,gsea_estimate,rank,329.0,,collecTRI_weights
2208,,,,gsea_estimate,rank,200.0,,collecTRI_weights
2209,,,,gsea_estimate,rank,166.0,,collecTRI_weights
2210,,,,gsea_estimate,rank,116.0,,collecTRI_weights
2211,,,,gsea_estimate,rank,213.0,,collecTRI_weights
2212,,,,gsea_estimate,rank,144.0,,collecTRI_weights
2213,,,,gsea_estimate,rank,478.0,,collecTRI_weights
2214,,,,gsea_estimate,rank,696.0,,collecTRI_weights
2215,,,,gsea_estimate,rank,319.0,,collecTRI_weights
2216,,,,gsea_estimate,rank,156.0,,collecTRI_weights
2217,,,,gsea_estimate,rank,33.0,,collecTRI_weights
2218,,,,gsea_estimate,rank,131.0,,collecTRI_weights
2219,,,,gsea_estimate,rank,446.0,,collecTRI_weights
2220,,,,gsea_estimate,rank,69.0,,collecTRI_weights
2221,,,,gsea_estimate,rank,387.0,,collecTRI_weights
2222,,,,gsea_estimate,rank,72.0,,collecTRI_weights
2223,,,,gsea_estimate,rank,168.0,,collecTRI_weights
2224,,,,gsea_estimate,rank,216.0,,collecTRI_weights
2225,,,,gsea_estimate,rank,294.0,,collecTRI_weights
2226,,,,gsea_estimate,rank,165.0,,collecTRI_weights
2227,,,,gsea_estimate,rank,65.0,,collecTRI_weights
2228,,,,gsea_estimate,rank,174.0,,collecTRI_weights
2229,,,,gsea_estimate,rank,229.0,,collecTRI_weights
2230,,,,gsea_estimate,rank,132.0,,collecTRI_weights
2231,,,,gsea_estimate,rank,319.0,,collecTRI_weights
2232,,,,gsea_estimate,rank,259.0,,collecTRI_weights
2233,,,,gsea_estimate,rank,197.0,,collecTRI_weights
2234,,,,gsea_estimate,rank,131.0,,collecTRI_weights
2235,,,,gsea_estimate,rank,204.0,,collecTRI_weights
2236,,,,gsea_estimate,rank,67.0,,collecTRI_weights
2237,,,,gsea_estimate,rank,277.0,,collecTRI_weights
2238,,,,gsea_estimate,rank,227.0,,collecTRI_weights
2239,,,,gsea_estimate,rank,390.0,,collecTRI_weights
2240,,,,gsea_estimate,rank,327.0,,collecTRI_weights
2241,,,,gsea_estimate,rank,115.0,,collecTRI_weights
2242,,,,gsea_estimate,rank,212.0,,collecTRI_weights
2243,,,,gsea_estimate,rank,198.0,,collecTRI_weights
2244,,,,gsea_estimate,rank,287.0,,collecTRI_weights
2245,,,,gsea_estimate,rank,765.0,,collecTRI_weights
2246,,,,gsea_estimate,rank,120.0,,collecTRI_weights
2247,,,,gsea_estimate,rank,670.0,,collecTRI_weights
2248,,,,gsea_estimate,rank,117.0,,collecTRI_weights
2249,,,,gsea_estimate,rank,146.0,,collecTRI_weights
2250,,,,gsea_estimate,rank,99.0,,collecTRI_weights
2251,,,,gsea_estimate,rank,3.0,,collecTRI_weights
2252,,,,gsea_estimate,rank,442.0,,collecTRI_weights
2253,,,,gsea_estimate,rank,240.0,,collecTRI_weights
2254,,,,gsea_estimate,rank,145.0,,collecTRI_weights
2255,,,,gsea_estimate,rank,552.0,,collecTRI_weights
2256,,,,gsea_estimate,rank,439.0,,collecTRI_weights
2257,,,,gsea_estimate,rank,320.0,,collecTRI_weights
2258,,,,gsea_estimate,rank,82.0,,collecTRI_weights
2259,,,,gsea_estimate,rank,444.0,,collecTRI_weights
2260,,,,gsea_estimate,rank,345.0,,collecTRI_weights
2261,,,,gsea_estimate,rank,311.0,,collecTRI_weights
2262,,,,gsea_estimate,rank,431.0,,collecTRI_weights
2263,,,,gsea_estimate,rank,352.0,,collecTRI_weights
2264,,,,gsea_estimate,rank,388.0,,collecTRI_weights
2265,,,,gsea_estimate,rank,112.0,,collecTRI_weights
2266,,,,gsea_estimate,rank,390.0,,collecTRI_weights
2267,,,,gsea_estimate,rank,660.0,,collecTRI_weights
2268,,,,gsea_estimate,rank,89.0,,collecTRI_weights
2269,,,,gsea_estimate,rank,75.0,,collecTRI_weights
2270,,,,gsea_estimate,rank,460.0,,collecTRI_weights
2271,,,,gsea_estimate,rank,74.0,,collecTRI_weights
2272,,,,gsea_estimate,rank,260.0,,collecTRI_weights
2273,,,,gsea_estimate,rank,17.0,,collecTRI_weights
2274,,,,gsea_estimate,rank,475.0,,collecTRI_weights
2275,,,,gsea_estimate,rank,312.0,,collecTRI_weights
2276,,,,gsea_estimate,rank,593.0,,collecTRI_weights
2277,,,,gsea_estimate,rank,194.0,,collecTRI_weights
2278,,,,gsea_estimate,rank,537.0,,collecTRI_weights
2279,,,,gsea_estimate,rank,318.0,,collecTRI_weights
2280,,,,gsea_estimate,rank,404.0,,collecTRI_weights
2281,,,,gsea_estimate,nrank,0.7202614379084967,,collecTRI_weights
2282,,,,gsea_estimate,nrank,0.5019607843137255,,collecTRI_weights
2283,,,,gsea_estimate,nrank,0.6274509803921569,,collecTRI_weights
2284,,,,gsea_estimate,nrank,0.3477124183006536,,collecTRI_weights
2285,,,,gsea_estimate,nrank,0.4418300653594771,,collecTRI_weights
2286,,,,gsea_estimate,nrank,0.4993464052287582,,collecTRI_weights
2287,,,,gsea_estimate,nrank,0.3477124183006536,,collecTRI_weights
2288,,,,gsea_estimate,nrank,0.4928104575163399,,collecTRI_weights
2289,,,,gsea_estimate,nrank,0.5882352941176471,,collecTRI_weights
2290,,,,gsea_estimate,nrank,0.3686274509803922,,collecTRI_weights
2291,,,,gsea_estimate,nrank,0.3542483660130719,,collecTRI_weights
2292,,,,gsea_estimate,nrank,0.34248366013071896,,collecTRI_weights
2293,,,,gsea_estimate,nrank,0.2235294117647059,,collecTRI_weights
2294,,,,gsea_estimate,nrank,0.14640522875816994,,collecTRI_weights
2295,,,,gsea_estimate,nrank,0.3202614379084967,,collecTRI_weights
2296,,,,gsea_estimate,nrank,0.41830065359477125,,collecTRI_weights
2297,,,,gsea_estimate,nrank,0.36470588235294116,,collecTRI_weights
2298,,,,gsea_estimate,nrank,0.5607843137254902,,collecTRI_weights
2299,,,,gsea_estimate,nrank,0.2980392156862745,,collecTRI_weights
2300,,,,gsea_estimate,nrank,0.16732026143790849,,collecTRI_weights
2301,,,,gsea_estimate,nrank,0.9320261437908497,,collecTRI_weights
2302,,,,gsea_estimate,nrank,0.661437908496732,,collecTRI_weights
2303,,,,gsea_estimate,nrank,0.4797385620915033,,collecTRI_weights
2304,,,,gsea_estimate,nrank,0.39477124183006534,,collecTRI_weights
2305,,,,gsea_estimate,nrank,0.4091503267973856,,collecTRI_weights
2306,,,,gsea_estimate,nrank,0.5895424836601307,,collecTRI_weights
2307,,,,gsea_estimate,nrank,0.5058823529411764,,collecTRI_weights
2308,,,,gsea_estimate,nrank,0.10196078431372549,,collecTRI_weights
2309,,,,gsea_estimate,nrank,0.85359477124183,,collecTRI_weights
2310,,,,gsea_estimate,nrank,0.265359477124183,,collecTRI_weights
2311,,,,gsea_estimate,nrank,0.1411764705882353,,collecTRI_weights
2312,,,,gsea_estimate,nrank,0.2875816993464052,,collecTRI_weights
2313,,,,gsea_estimate,nrank,0.2823529411764706,,collecTRI_weights
2314,,,,gsea_estimate,nrank,0.6967320261437908,,collecTRI_weights
2315,,,,gsea_estimate,nrank,0.31895424836601305,,collecTRI_weights
2316,,,,gsea_estimate,nrank,0.7320261437908496,,collecTRI_weights
2317,,,,gsea_estimate,nrank,0.6352941176470588,,collecTRI_weights
2318,,,,gsea_estimate,nrank,0.4196078431372549,,collecTRI_weights
2319,,,,gsea_estimate,nrank,0.09281045751633987,,collecTRI_weights
2320,,,,gsea_estimate,nrank,0.20915032679738563,,collecTRI_weights
2321,,,,gsea_estimate,nrank,0.36209150326797385,,collecTRI_weights
2322,,,,gsea_estimate,nrank,0.5294117647058824,,collecTRI_weights
2323,,,,gsea_estimate,nrank,0.7098039215686275,,collecTRI_weights
2324,,,,gsea_estimate,nrank,0.6052287581699346,,collecTRI_weights
2325,,,,gsea_estimate,nrank,0.6718954248366014,,collecTRI_weights
2326,,,,gsea_estimate,nrank,0.17516339869281045,,collecTRI_weights
2327,,,,gsea_estimate,nrank,0.6470588235294118,,collecTRI_weights
2328,,,,gsea_estimate,nrank,0.7398692810457517,,collecTRI_weights
2329,,,,gsea_estimate,nrank,0.6967320261437908,,collecTRI_weights
2330,,,,gsea_estimate,nrank,0.7398692810457517,,collecTRI_weights
2331,,,,gsea_estimate,nrank,0.2457516339869281,,collecTRI_weights
2332,,,,gsea_estimate,nrank,0.18823529411764706,,collecTRI_weights
2333,,,,gsea_estimate,nrank,0.17777777777777778,,collecTRI_weights
2334,,,,gsea_estimate,nrank,0.21830065359477124,,collecTRI_weights
2335,,,,gsea_estimate,nrank,0.5084967320261438,,collecTRI_weights
2336,,,,gsea_estimate,nrank,0.11503267973856209,,collecTRI_weights
2337,,,,gsea_estimate,nrank,0.12549019607843137,,collecTRI_weights
2338,,,,gsea_estimate,nrank,0.49673202614379086,,collecTRI_weights
2339,,,,gsea_estimate,nrank,0.2980392156862745,,collecTRI_weights
2340,,,,gsea_estimate,nrank,0.9647058823529412,,collecTRI_weights
2341,,,,gsea_estimate,nrank,0.4300653594771242,,collecTRI_weights
2342,,,,gsea_estimate,nrank,0.39215686274509803,,collecTRI_weights
2343,,,,gsea_estimate,nrank,0.022222222222222223,,collecTRI_weights
2344,,,,gsea_estimate,nrank,0.32941176470588235,,collecTRI_weights
2345,,,,gsea_estimate,nrank,0.047058823529411764,,collecTRI_weights
2346,,,,gsea_estimate,nrank,0.09934640522875816,,collecTRI_weights
2347,,,,gsea_estimate,nrank,0.9934640522875817,,collecTRI_weights
2348,,,,gsea_estimate,nrank,0.8967320261437909,,collecTRI_weights
2349,,,,gsea_estimate,nrank,0.20522875816993463,,collecTRI_weights
2350,,,,gsea_estimate,nrank,0.9973856209150327,,collecTRI_weights
2351,,,,gsea_estimate,nrank,0.02483660130718954,,collecTRI_weights
2352,,,,gsea_estimate,nrank,0.2261437908496732,,collecTRI_weights
2353,,,,gsea_estimate,nrank,0.538562091503268,,collecTRI_weights
2354,,,,gsea_estimate,nrank,0.09934640522875816,,collecTRI_weights
2355,,,,gsea_estimate,nrank,0.03398692810457516,,collecTRI_weights
2356,,,,gsea_estimate,nrank,0.534640522875817,,collecTRI_weights
2357,,,,gsea_estimate,nrank,0.13594771241830064,,collecTRI_weights
2358,,,,gsea_estimate,nrank,0.16470588235294117,,collecTRI_weights
2359,,,,gsea_estimate,nrank,0.23529411764705882,,collecTRI_weights
2360,,,,gsea_estimate,nrank,0.42091503267973857,,collecTRI_weights
2361,,,,gsea_estimate,nrank,0.16862745098039217,,collecTRI_weights
2362,,,,gsea_estimate,nrank,0.44052287581699345,,collecTRI_weights
2363,,,,gsea_estimate,nrank,0.42745098039215684,,collecTRI_weights
2364,,,,gsea_estimate,nrank,0.18169934640522875,,collecTRI_weights
2365,,,,gsea_estimate,nrank,0.954248366013072,,collecTRI_weights
2366,,,,gsea_estimate,nrank,0.7176470588235294,,collecTRI_weights
2367,,,,gsea_estimate,nrank,0.11764705882352941,,collecTRI_weights
2368,,,,gsea_estimate,nrank,0.21437908496732025,,collecTRI_weights
2369,,,,gsea_estimate,nrank,0.10718954248366012,,collecTRI_weights
2370,,,,gsea_estimate,nrank,0.24052287581699347,,collecTRI_weights
2371,,,,gsea_estimate,nrank,0.48104575163398694,,collecTRI_weights
2372,,,,gsea_estimate,nrank,0.35947712418300654,,collecTRI_weights
2373,,,,gsea_estimate,nrank,0.29411764705882354,,collecTRI_weights
2374,,,,gsea_estimate,nrank,0.5777777777777777,,collecTRI_weights
2375,,,,gsea_estimate,nrank,0.044444444444444446,,collecTRI_weights
2376,,,,gsea_estimate,nrank,0.3281045751633987,,collecTRI_weights
2377,,,,gsea_estimate,nrank,0.33986928104575165,,collecTRI_weights
2378,,,,gsea_estimate,nrank,0.4797385620915033,,collecTRI_weights
2379,,,,gsea_estimate,nrank,0.3633986928104575,,collecTRI_weights
2380,,,,gsea_estimate,nrank,0.2797385620915033,,collecTRI_weights
2381,,,,gsea_estimate,nrank,0.1568627450980392,,collecTRI_weights
2382,,,,gsea_estimate,nrank,0.9947712418300654,,collecTRI_weights
2383,,,,gsea_estimate,nrank,0.011764705882352941,,collecTRI_weights
2384,,,,gsea_estimate,nrank,0.02091503267973856,,collecTRI_weights
2385,,,,gsea_estimate,nrank,0.22875816993464052,,collecTRI_weights
2386,,,,gsea_estimate,nrank,0.26405228758169935,,collecTRI_weights
2387,,,,gsea_estimate,nrank,0.2875816993464052,,collecTRI_weights
2388,,,,gsea_estimate,nrank,0.15555555555555556,,collecTRI_weights
2389,,,,gsea_estimate,nrank,0.25098039215686274,,collecTRI_weights
2390,,,,gsea_estimate,nrank,0.40522875816993464,,collecTRI_weights
2391,,,,gsea_estimate,nrank,0.27058823529411763,,collecTRI_weights
2392,,,,gsea_estimate,nrank,0.13725490196078433,,collecTRI_weights
2393,,,,gsea_estimate,nrank,0.2169934640522876,,collecTRI_weights
2394,,,,gsea_estimate,nrank,0.29673202614379085,,collecTRI_weights
2395,,,,gsea_estimate,nrank,0.1084967320261438,,collecTRI_weights
2396,,,,gsea_estimate,nrank,0.24052287581699347,,collecTRI_weights
2397,,,,gsea_estimate,nrank,0.6888888888888889,,collecTRI_weights
2398,,,,gsea_estimate,nrank,0.5660130718954248,,collecTRI_weights
2399,,,,gsea_estimate,nrank,0.19869281045751633,,collecTRI_weights
2400,,,,gsea_estimate,nrank,0.265359477124183,,collecTRI_weights
2401,,,,gsea_estimate,nrank,0.3764705882352941,,collecTRI_weights
2402,,,,gsea_estimate,nrank,0.05359477124183006,,collecTRI_weights
2403,,,,gsea_estimate,nrank,0.16470588235294117,,collecTRI_weights
2404,,,,gsea_estimate,nrank,0.25098039215686274,,collecTRI_weights
2405,,,,gsea_estimate,nrank,0.6104575163398693,,collecTRI_weights
2406,,,,gsea_estimate,nrank,0.4222222222222222,,collecTRI_weights
2407,,,,gsea_estimate,nrank,0.34509803921568627,,collecTRI_weights
2408,,,,gsea_estimate,nrank,0.09281045751633987,,collecTRI_weights
2409,,,,gsea_estimate,nrank,0.13071895424836602,,collecTRI_weights
2410,,,,gsea_estimate,nrank,0.3764705882352941,,collecTRI_weights
2411,,,,gsea_estimate,nrank,0.3673202614379085,,collecTRI_weights
2412,,,,gsea_estimate,nrank,0.01568627450980392,,collecTRI_weights
2413,,,,gsea_estimate,nrank,0.3281045751633987,,collecTRI_weights
2414,,,,gsea_estimate,nrank,0.9738562091503268,,collecTRI_weights
2415,,,,gsea_estimate,nrank,0.048366013071895426,,collecTRI_weights
2416,,,,gsea_estimate,nrank,0.20522875816993463,,collecTRI_weights
2417,,,,gsea_estimate,nrank,0.5477124183006536,,collecTRI_weights
2418,,,,gsea_estimate,nrank,0.5477124183006536,,collecTRI_weights
2419,,,,gsea_estimate,nrank,0.11764705882352941,,collecTRI_weights
2420,,,,gsea_estimate,nrank,0.15816993464052287,,collecTRI_weights
2421,,,,gsea_estimate,nrank,0.09542483660130718,,collecTRI_weights
2422,,,,gsea_estimate,nrank,0.23660130718954248,,collecTRI_weights
2423,,,,gsea_estimate,nrank,0.23660130718954248,,collecTRI_weights
2424,,,,gsea_estimate,nrank,0.006535947712418301,,collecTRI_weights
2425,,,,gsea_estimate,nrank,0.8849673202614379,,collecTRI_weights
2426,,,,gsea_estimate,nrank,0.2784313725490196,,collecTRI_weights
2427,,,,gsea_estimate,nrank,0.996078431372549,,collecTRI_weights
2428,,,,gsea_estimate,nrank,0.9869281045751634,,collecTRI_weights
2429,,,,gsea_estimate,nrank,0.2980392156862745,,collecTRI_weights
2430,,,,gsea_estimate,nrank,0.538562091503268,,collecTRI_weights
2431,,,,gsea_estimate,nrank,0.06143790849673202,,collecTRI_weights
2432,,,,gsea_estimate,nrank,0.45359477124183006,,collecTRI_weights
2433,,,,gsea_estimate,nrank,0.12287581699346405,,collecTRI_weights
2434,,,,gsea_estimate,nrank,0.2875816993464052,,collecTRI_weights
2435,,,,gsea_estimate,nrank,0.4745098039215686,,collecTRI_weights
2436,,,,gsea_estimate,nrank,0.6418300653594772,,collecTRI_weights
2437,,,,gsea_estimate,nrank,0.6104575163398693,,collecTRI_weights
2438,,,,gsea_estimate,nrank,0.25882352941176473,,collecTRI_weights
2439,,,,gsea_estimate,nrank,0.23921568627450981,,collecTRI_weights
2440,,,,gsea_estimate,nrank,0.22875816993464052,,collecTRI_weights
2441,,,,gsea_estimate,nrank,0.2196078431372549,,collecTRI_weights
2442,,,,gsea_estimate,nrank,0.7725490196078432,,collecTRI_weights
2443,,,,gsea_estimate,nrank,0.4418300653594771,,collecTRI_weights
2444,,,,gsea_estimate,nrank,0.6522875816993464,,collecTRI_weights
2445,,,,gsea_estimate,nrank,0.02875816993464052,,collecTRI_weights
2446,,,,gsea_estimate,nrank,0.9607843137254902,,collecTRI_weights
2447,,,,gsea_estimate,nrank,0.4261437908496732,,collecTRI_weights
2448,,,,gsea_estimate,nrank,0.8104575163398693,,collecTRI_weights
2449,,,,gsea_estimate,nrank,0.8679738562091504,,collecTRI_weights
2450,,,,gsea_estimate,nrank,0.09934640522875816,,collecTRI_weights
2451,,,,gsea_estimate,nrank,0.34248366013071896,,collecTRI_weights
2452,,,,gsea_estimate,nrank,0.11503267973856209,,collecTRI_weights
2453,,,,gsea_estimate,nrank,0.2601307189542484,,collecTRI_weights
2454,,,,gsea_estimate,nrank,0.6496732026143791,,collecTRI_weights
2455,,,,gsea_estimate,nrank,0.7647058823529411,,collecTRI_weights
2456,,,,gsea_estimate,nrank,0.592156862745098,,collecTRI_weights
2457,,,,gsea_estimate,nrank,0.09803921568627451,,collecTRI_weights
2458,,,,gsea_estimate,nrank,0.1503267973856209,,collecTRI_weights
2459,,,,gsea_estimate,nrank,0.01568627450980392,,collecTRI_weights
2460,,,,gsea_estimate,nrank,0.7019607843137254,,collecTRI_weights
2461,,,,gsea_estimate,nrank,0.257516339869281,,collecTRI_weights
2462,,,,gsea_estimate,nrank,0.5372549019607843,,collecTRI_weights
2463,,,,gsea_estimate,nrank,0.5058823529411764,,collecTRI_weights
2464,,,,gsea_estimate,nrank,0.45359477124183006,,collecTRI_weights
2465,,,,gsea_estimate,nrank,0.4117647058823529,,collecTRI_weights
2466,,,,gsea_estimate,nrank,0.9437908496732026,,collecTRI_weights
2467,,,,gsea_estimate,nrank,0.18823529411764706,,collecTRI_weights
2468,,,,gsea_estimate,nrank,0.4261437908496732,,collecTRI_weights
2469,,,,gsea_estimate,nrank,0.22483660130718955,,collecTRI_weights
2470,,,,gsea_estimate,nrank,0.3058823529411765,,collecTRI_weights
2471,,,,gsea_estimate,nrank,0.28627450980392155,,collecTRI_weights
2472,,,,gsea_estimate,nrank,0.5856209150326798,,collecTRI_weights
2473,,,,gsea_estimate,nrank,0.41045751633986927,,collecTRI_weights
2474,,,,gsea_estimate,nrank,0.8444444444444444,,collecTRI_weights
2475,,,,gsea_estimate,nrank,0.7555555555555555,,collecTRI_weights
2476,,,,gsea_estimate,nrank,0.4130718954248366,,collecTRI_weights
2477,,,,gsea_estimate,nrank,0.4875816993464052,,collecTRI_weights
2478,,,,gsea_estimate,nrank,0.23006535947712417,,collecTRI_weights
2479,,,,gsea_estimate,nrank,0.8444444444444444,,collecTRI_weights
2480,,,,gsea_estimate,nrank,0.22483660130718955,,collecTRI_weights
2481,,,,gsea_estimate,nrank,0.7777777777777778,,collecTRI_weights
2482,,,,gsea_estimate,nrank,0.8287581699346406,,collecTRI_weights
2483,,,,gsea_estimate,nrank,0.07058823529411765,,collecTRI_weights
2484,,,,gsea_estimate,nrank,0.2928104575163399,,collecTRI_weights
2485,,,,gsea_estimate,nrank,0.16339869281045752,,collecTRI_weights
2486,,,,gsea_estimate,nrank,0.4287581699346405,,collecTRI_weights
2487,,,,gsea_estimate,nrank,0.2601307189542484,,collecTRI_weights
2488,,,,gsea_estimate,nrank,0.21568627450980393,,collecTRI_weights
2489,,,,gsea_estimate,nrank,0.1503267973856209,,collecTRI_weights
2490,,,,gsea_estimate,nrank,0.27712418300653596,,collecTRI_weights
2491,,,,gsea_estimate,nrank,0.1869281045751634,,collecTRI_weights
2492,,,,gsea_estimate,nrank,0.6235294117647059,,collecTRI_weights
2493,,,,gsea_estimate,nrank,0.9084967320261438,,collecTRI_weights
2494,,,,gsea_estimate,nrank,0.41568627450980394,,collecTRI_weights
2495,,,,gsea_estimate,nrank,0.20261437908496732,,collecTRI_weights
2496,,,,gsea_estimate,nrank,0.04183006535947712,,collecTRI_weights
2497,,,,gsea_estimate,nrank,0.16993464052287582,,collecTRI_weights
2498,,,,gsea_estimate,nrank,0.5816993464052288,,collecTRI_weights
2499,,,,gsea_estimate,nrank,0.08888888888888889,,collecTRI_weights
2500,,,,gsea_estimate,nrank,0.5045751633986928,,collecTRI_weights
2501,,,,gsea_estimate,nrank,0.09281045751633987,,collecTRI_weights
2502,,,,gsea_estimate,nrank,0.21830065359477124,,collecTRI_weights
2503,,,,gsea_estimate,nrank,0.28104575163398693,,collecTRI_weights
2504,,,,gsea_estimate,nrank,0.38300653594771245,,collecTRI_weights
2505,,,,gsea_estimate,nrank,0.21437908496732025,,collecTRI_weights
2506,,,,gsea_estimate,nrank,0.08366013071895424,,collecTRI_weights
2507,,,,gsea_estimate,nrank,0.2261437908496732,,collecTRI_weights
2508,,,,gsea_estimate,nrank,0.2980392156862745,,collecTRI_weights
2509,,,,gsea_estimate,nrank,0.17124183006535948,,collecTRI_weights
2510,,,,gsea_estimate,nrank,0.41568627450980394,,collecTRI_weights
2511,,,,gsea_estimate,nrank,0.33725490196078434,,collecTRI_weights
2512,,,,gsea_estimate,nrank,0.25620915032679736,,collecTRI_weights
2513,,,,gsea_estimate,nrank,0.16993464052287582,,collecTRI_weights
2514,,,,gsea_estimate,nrank,0.265359477124183,,collecTRI_weights
2515,,,,gsea_estimate,nrank,0.08627450980392157,,collecTRI_weights
2516,,,,gsea_estimate,nrank,0.3607843137254902,,collecTRI_weights
2517,,,,gsea_estimate,nrank,0.2954248366013072,,collecTRI_weights
2518,,,,gsea_estimate,nrank,0.5084967320261438,,collecTRI_weights
2519,,,,gsea_estimate,nrank,0.4261437908496732,,collecTRI_weights
2520,,,,gsea_estimate,nrank,0.14901960784313725,,collecTRI_weights
2521,,,,gsea_estimate,nrank,0.2758169934640523,,collecTRI_weights
2522,,,,gsea_estimate,nrank,0.257516339869281,,collecTRI_weights
2523,,,,gsea_estimate,nrank,0.3738562091503268,,collecTRI_weights
2524,,,,gsea_estimate,nrank,0.9986928104575163,,collecTRI_weights
2525,,,,gsea_estimate,nrank,0.15555555555555556,,collecTRI_weights
2526,,,,gsea_estimate,nrank,0.8772965879265092,,collecTRI_weights
2527,,,,gsea_estimate,nrank,0.15163398692810456,,collecTRI_weights
2528,,,,gsea_estimate,nrank,0.1895424836601307,,collecTRI_weights
2529,,,,gsea_estimate,nrank,0.12810457516339868,,collecTRI_weights
2530,,,,gsea_estimate,nrank,0.00261437908496732,,collecTRI_weights
2531,,,,gsea_estimate,nrank,0.5764705882352941,,collecTRI_weights
2532,,,,gsea_estimate,nrank,0.31241830065359477,,collecTRI_weights
2533,,,,gsea_estimate,nrank,0.18823529411764706,,collecTRI_weights
2534,,,,gsea_estimate,nrank,0.7202614379084967,,collecTRI_weights
2535,,,,gsea_estimate,nrank,0.5725490196078431,,collecTRI_weights
2536,,,,gsea_estimate,nrank,0.4169934640522876,,collecTRI_weights
2537,,,,gsea_estimate,nrank,0.10588235294117647,,collecTRI_weights
2538,,,,gsea_estimate,nrank,0.5790849673202615,,collecTRI_weights
2539,,,,gsea_estimate,nrank,0.4496732026143791,,collecTRI_weights
2540,,,,gsea_estimate,nrank,0.40522875816993464,,collecTRI_weights
2541,,,,gsea_estimate,nrank,0.5620915032679739,,collecTRI_weights
2542,,,,gsea_estimate,nrank,0.4588235294117647,,collecTRI_weights
2543,,,,gsea_estimate,nrank,0.5058823529411764,,collecTRI_weights
2544,,,,gsea_estimate,nrank,0.1450980392156863,,collecTRI_weights
2545,,,,gsea_estimate,nrank,0.5084967320261438,,collecTRI_weights
2546,,,,gsea_estimate,nrank,0.8614379084967321,,collecTRI_weights
2547,,,,gsea_estimate,nrank,0.11503267973856209,,collecTRI_weights
2548,,,,gsea_estimate,nrank,0.09673202614379085,,collecTRI_weights
2549,,,,gsea_estimate,nrank,0.6,,collecTRI_weights
2550,,,,gsea_estimate,nrank,0.09542483660130718,,collecTRI_weights
2551,,,,gsea_estimate,nrank,0.338562091503268,,collecTRI_weights
2552,,,,gsea_estimate,nrank,0.02091503267973856,,collecTRI_weights
2553,,,,gsea_estimate,nrank,0.6196078431372549,,collecTRI_weights
2554,,,,gsea_estimate,nrank,0.4065359477124183,,collecTRI_weights
2555,,,,gsea_estimate,nrank,0.7738562091503268,,collecTRI_weights
2556,,,,gsea_estimate,nrank,0.2522875816993464,,collecTRI_weights
2557,,,,gsea_estimate,nrank,0.7006535947712418,,collecTRI_weights
2558,,,,gsea_estimate,nrank,0.4143790849673203,,collecTRI_weights
2559,,,,gsea_estimate,nrank,0.526797385620915,,collecTRI_weights
2560,,,,gsea_estimate,recall,1.0,0.0013054830287206266,collecTRI_weights
2561,,,,gsea_norm,auroc,0.6658076047897339,0.0013054830287206266,collecTRI_weights
2562,,,,gsea_norm,auprc,0.6716740727424622,0.0013054830287206266,collecTRI_weights
2563,,,,gsea_norm,mcauroc,0.6767258644104004,0.0013054830287206266,collecTRI_weights
2564,,,,gsea_norm,mcauroc,0.6898423433303833,0.0013054830287206266,collecTRI_weights
2565,,,,gsea_norm,mcauroc,0.6639564037322998,0.0013054830287206266,collecTRI_weights
2566,,,,gsea_norm,mcauroc,0.6619519591331482,0.0013054830287206266,collecTRI_weights
2567,,,,gsea_norm,mcauroc,0.6861810684204102,0.0013054830287206266,collecTRI_weights
2568,,,,gsea_norm,mcauroc,0.6651250720024109,0.0013054830287206266,collecTRI_weights
2569,,,,gsea_norm,mcauroc,0.6770212054252625,0.0013054830287206266,collecTRI_weights
2570,,,,gsea_norm,mcauroc,0.6624913811683655,0.0013054830287206266,collecTRI_weights
2571,,,,gsea_norm,mcauroc,0.657507061958313,0.0013054830287206266,collecTRI_weights
2572,,,,gsea_norm,mcauroc,0.6649067997932434,0.0013054830287206266,collecTRI_weights
2573,,,,gsea_norm,mcauroc,0.6923987865447998,0.0013054830287206266,collecTRI_weights
2574,,,,gsea_norm,mcauroc,0.6711886525154114,0.0013054830287206266,collecTRI_weights
2575,,,,gsea_norm,mcauroc,0.6293470859527588,0.0013054830287206266,collecTRI_weights
2576,,,,gsea_norm,mcauroc,0.6735655069351196,0.0013054830287206266,collecTRI_weights
2577,,,,gsea_norm,mcauroc,0.6586504578590393,0.0013054830287206266,collecTRI_weights
2578,,,,gsea_norm,mcauroc,0.6559656858444214,0.0013054830287206266,collecTRI_weights
2579,,,,gsea_norm,mcauroc,0.642540693283081,0.0013054830287206266,collecTRI_weights
2580,,,,gsea_norm,mcauroc,0.660102128982544,0.0013054830287206266,collecTRI_weights
2581,,,,gsea_norm,mcauroc,0.672306478023529,0.0013054830287206266,collecTRI_weights
2582,,,,gsea_norm,mcauroc,0.6647527813911438,0.0013054830287206266,collecTRI_weights
2583,,,,gsea_norm,mcauroc,0.6630182266235352,0.0013054830287206266,collecTRI_weights
2584,,,,gsea_norm,mcauroc,0.6875170469284058,0.0013054830287206266,collecTRI_weights
2585,,,,gsea_norm,mcauroc,0.6820316910743713,0.0013054830287206266,collecTRI_weights
2586,,,,gsea_norm,mcauroc,0.6783701181411743,0.0013054830287206266,collecTRI_weights
2587,,,,gsea_norm,mcauroc,0.6744263172149658,0.0013054830287206266,collecTRI_weights
2588,,,,gsea_norm,mcauroc,0.6522274017333984,0.0013054830287206266,collecTRI_weights
2589,,,,gsea_norm,mcauroc,0.6918590664863586,0.0013054830287206266,collecTRI_weights
2590,,,,gsea_norm,mcauroc,0.6400998830795288,0.0013054830287206266,collecTRI_weights
2591,,,,gsea_norm,mcauroc,0.668503999710083,0.0013054830287206266,collecTRI_weights
2592,,,,gsea_norm,mcauroc,0.663570761680603,0.0013054830287206266,collecTRI_weights
2593,,,,gsea_norm,mcauroc,0.6787682771682739,0.0013054830287206266,collecTRI_weights
2594,,,,gsea_norm,mcauroc,0.6551691889762878,0.0013054830287206266,collecTRI_weights
2595,,,,gsea_norm,mcauroc,0.665009617805481,0.0013054830287206266,collecTRI_weights
2596,,,,gsea_norm,mcauroc,0.6596139669418335,0.0013054830287206266,collecTRI_weights
2597,,,,gsea_norm,mcauroc,0.6881980299949646,0.0013054830287206266,collecTRI_weights
2598,,,,gsea_norm,mcauroc,0.6812093257904053,0.0013054830287206266,collecTRI_weights
2599,,,,gsea_norm,mcauroc,0.6695957183837891,0.0013054830287206266,collecTRI_weights
2600,,,,gsea_norm,mcauroc,0.7015070915222168,0.0013054830287206266,collecTRI_weights
2601,,,,gsea_norm,mcauroc,0.6853974461555481,0.0013054830287206266,collecTRI_weights
2602,,,,gsea_norm,mcauroc,0.6670909523963928,0.0013054830287206266,collecTRI_weights
2603,,,,gsea_norm,mcauroc,0.6773295998573303,0.0013054830287206266,collecTRI_weights
2604,,,,gsea_norm,mcauroc,0.6675660014152527,0.0013054830287206266,collecTRI_weights
2605,,,,gsea_norm,mcauroc,0.6712659597396851,0.0013054830287206266,collecTRI_weights
2606,,,,gsea_norm,mcauroc,0.6552975177764893,0.0013054830287206266,collecTRI_weights
2607,,,,gsea_norm,mcauroc,0.6815560460090637,0.0013054830287206266,collecTRI_weights
2608,,,,gsea_norm,mcauroc,0.636734127998352,0.0013054830287206266,collecTRI_weights
2609,,,,gsea_norm,mcauroc,0.6594341993331909,0.0013054830287206266,collecTRI_weights
2610,,,,gsea_norm,mcauroc,0.6541667580604553,0.0013054830287206266,collecTRI_weights
2611,,,,gsea_norm,mcauroc,0.6888917684555054,0.0013054830287206266,collecTRI_weights
2612,,,,gsea_norm,mcauroc,0.6848837733268738,0.0013054830287206266,collecTRI_weights
2613,,,,gsea_norm,mcauroc,0.6666028499603271,0.0013054830287206266,collecTRI_weights
2614,,,,gsea_norm,mcauroc,0.6478978395462036,0.0013054830287206266,collecTRI_weights
2615,,,,gsea_norm,mcauroc,0.649002730846405,0.0013054830287206266,collecTRI_weights
2616,,,,gsea_norm,mcauroc,0.6609243750572205,0.0013054830287206266,collecTRI_weights
2617,,,,gsea_norm,mcauroc,0.6662686467170715,0.0013054830287206266,collecTRI_weights
2618,,,,gsea_norm,mcauroc,0.6544625759124756,0.0013054830287206266,collecTRI_weights
2619,,,,gsea_norm,mcauroc,0.6534605622291565,0.0013054830287206266,collecTRI_weights
2620,,,,gsea_norm,mcauroc,0.6525869369506836,0.0013054830287206266,collecTRI_weights
2621,,,,gsea_norm,mcauroc,0.6663583517074585,0.0013054830287206266,collecTRI_weights
2622,,,,gsea_norm,mcauroc,0.6596779823303223,0.0013054830287206266,collecTRI_weights
2623,,,,gsea_norm,mcauroc,0.661759614944458,0.0013054830287206266,collecTRI_weights
2624,,,,gsea_norm,mcauroc,0.684575080871582,0.0013054830287206266,collecTRI_weights
2625,,,,gsea_norm,mcauroc,0.6719855070114136,0.0013054830287206266,collecTRI_weights
2626,,,,gsea_norm,mcauroc,0.6564534902572632,0.0013054830287206266,collecTRI_weights
2627,,,,gsea_norm,mcauroc,0.6701353192329407,0.0013054830287206266,collecTRI_weights
2628,,,,gsea_norm,mcauroc,0.6547194123268127,0.0013054830287206266,collecTRI_weights
2629,,,,gsea_norm,mcauroc,0.6656007170677185,0.0013054830287206266,collecTRI_weights
2630,,,,gsea_norm,mcauroc,0.6632624864578247,0.0013054830287206266,collecTRI_weights
2631,,,,gsea_norm,mcauroc,0.6732447147369385,0.0013054830287206266,collecTRI_weights
2632,,,,gsea_norm,mcauroc,0.6884161829948425,0.0013054830287206266,collecTRI_weights
2633,,,,gsea_norm,mcauroc,0.685872495174408,0.0013054830287206266,collecTRI_weights
2634,,,,gsea_norm,mcauroc,0.6647785902023315,0.0013054830287206266,collecTRI_weights
2635,,,,gsea_norm,mcauroc,0.65279221534729,0.0013054830287206266,collecTRI_weights
2636,,,,gsea_norm,mcauroc,0.6628643274307251,0.0013054830287206266,collecTRI_weights
2637,,,,gsea_norm,mcauroc,0.683110773563385,0.0013054830287206266,collecTRI_weights
2638,,,,gsea_norm,mcauroc,0.65328049659729,0.0013054830287206266,collecTRI_weights
2639,,,,gsea_norm,mcauroc,0.6559783220291138,0.0013054830287206266,collecTRI_weights
2640,,,,gsea_norm,mcauroc,0.6843054294586182,0.0013054830287206266,collecTRI_weights
2641,,,,gsea_norm,mcauroc,0.6900094747543335,0.0013054830287206266,collecTRI_weights
2642,,,,gsea_norm,mcauroc,0.6667696237564087,0.0013054830287206266,collecTRI_weights
2643,,,,gsea_norm,mcauroc,0.6630573272705078,0.0013054830287206266,collecTRI_weights
2644,,,,gsea_norm,mcauroc,0.6782545447349548,0.0013054830287206266,collecTRI_weights
2645,,,,gsea_norm,mcauroc,0.679513692855835,0.0013054830287206266,collecTRI_weights
2646,,,,gsea_norm,mcauroc,0.6927199959754944,0.0013054830287206266,collecTRI_weights
2647,,,,gsea_norm,mcauroc,0.6588430404663086,0.0013054830287206266,collecTRI_weights
2648,,,,gsea_norm,mcauroc,0.6731929779052734,0.0013054830287206266,collecTRI_weights
2649,,,,gsea_norm,mcauroc,0.660821795463562,0.0013054830287206266,collecTRI_weights
2650,,,,gsea_norm,mcauroc,0.6539357900619507,0.0013054830287206266,collecTRI_weights
2651,,,,gsea_norm,mcauroc,0.6693647503852844,0.0013054830287206266,collecTRI_weights
2652,,,,gsea_norm,mcauroc,0.6707134246826172,0.0013054830287206266,collecTRI_weights
2653,,,,gsea_norm,mcauroc,0.6562480926513672,0.0013054830287206266,collecTRI_weights
2654,,,,gsea_norm,mcauroc,0.6686194539070129,0.0013054830287206266,collecTRI_weights
2655,,,,gsea_norm,mcauroc,0.6343061327934265,0.0013054830287206266,collecTRI_weights
2656,,,,gsea_norm,mcauroc,0.6951482892036438,0.0013054830287206266,collecTRI_weights
2657,,,,gsea_norm,mcauroc,0.6444678902626038,0.0013054830287206266,collecTRI_weights
2658,,,,gsea_norm,mcauroc,0.666654109954834,0.0013054830287206266,collecTRI_weights
2659,,,,gsea_norm,mcauroc,0.6514179706573486,0.0013054830287206266,collecTRI_weights
2660,,,,gsea_norm,mcauroc,0.6704566478729248,0.0013054830287206266,collecTRI_weights
2661,,,,gsea_norm,mcauroc,0.6777018308639526,0.0013054830287206266,collecTRI_weights
2662,,,,gsea_norm,mcauroc,0.6537944674491882,0.0013054830287206266,collecTRI_weights
2663,,,,gsea_norm,mcauroc,0.6784855723381042,0.0013054830287206266,collecTRI_weights
2664,,,,gsea_norm,mcauroc,0.6379802227020264,0.0013054830287206266,collecTRI_weights
2665,,,,gsea_norm,mcauroc,0.6803615093231201,0.0013054830287206266,collecTRI_weights
2666,,,,gsea_norm,mcauroc,0.6808239817619324,0.0013054830287206266,collecTRI_weights
2667,,,,gsea_norm,mcauroc,0.6764305830001831,0.0013054830287206266,collecTRI_weights
2668,,,,gsea_norm,mcauroc,0.6286404728889465,0.0013054830287206266,collecTRI_weights
2669,,,,gsea_norm,mcauroc,0.6714329123497009,0.0013054830287206266,collecTRI_weights
2670,,,,gsea_norm,mcauroc,0.6817232966423035,0.0013054830287206266,collecTRI_weights
2671,,,,gsea_norm,mcauroc,0.6731804609298706,0.0013054830287206266,collecTRI_weights
2672,,,,gsea_norm,mcauroc,0.6291033029556274,0.0013054830287206266,collecTRI_weights
2673,,,,gsea_norm,mcauroc,0.6698658466339111,0.0013054830287206266,collecTRI_weights
2674,,,,gsea_norm,mcauroc,0.6579954028129578,0.0013054830287206266,collecTRI_weights
2675,,,,gsea_norm,mcauroc,0.6772909164428711,0.0013054830287206266,collecTRI_weights
2676,,,,gsea_norm,mcauroc,0.6806697845458984,0.0013054830287206266,collecTRI_weights
2677,,,,gsea_norm,mcauroc,0.6674635410308838,0.0013054830287206266,collecTRI_weights
2678,,,,gsea_norm,mcauroc,0.6362462639808655,0.0013054830287206266,collecTRI_weights
2679,,,,gsea_norm,mcauroc,0.6670523881912231,0.0013054830287206266,collecTRI_weights
2680,,,,gsea_norm,mcauroc,0.648398756980896,0.0013054830287206266,collecTRI_weights
2681,,,,gsea_norm,mcauroc,0.6644316911697388,0.0013054830287206266,collecTRI_weights
2682,,,,gsea_norm,mcauroc,0.6523044109344482,0.0013054830287206266,collecTRI_weights
2683,,,,gsea_norm,mcauroc,0.6324304938316345,0.0013054830287206266,collecTRI_weights
2684,,,,gsea_norm,mcauroc,0.6863224506378174,0.0013054830287206266,collecTRI_weights
2685,,,,gsea_norm,mcauroc,0.6570062041282654,0.0013054830287206266,collecTRI_weights
2686,,,,gsea_norm,mcauroc,0.6651252508163452,0.0013054830287206266,collecTRI_weights
2687,,,,gsea_norm,mcauroc,0.6613354682922363,0.0013054830287206266,collecTRI_weights
2688,,,,gsea_norm,mcauroc,0.6684911847114563,0.0013054830287206266,collecTRI_weights
2689,,,,gsea_norm,mcauroc,0.6774323582649231,0.0013054830287206266,collecTRI_weights
2690,,,,gsea_norm,mcauroc,0.676237940788269,0.0013054830287206266,collecTRI_weights
2691,,,,gsea_norm,mcauroc,0.6687995791435242,0.0013054830287206266,collecTRI_weights
2692,,,,gsea_norm,mcauroc,0.6347169280052185,0.0013054830287206266,collecTRI_weights
2693,,,,gsea_norm,mcauroc,0.6915253400802612,0.0013054830287206266,collecTRI_weights
2694,,,,gsea_norm,mcauroc,0.6405110955238342,0.0013054830287206266,collecTRI_weights
2695,,,,gsea_norm,mcauroc,0.6755568385124207,0.0013054830287206266,collecTRI_weights
2696,,,,gsea_norm,mcauroc,0.6738612055778503,0.0013054830287206266,collecTRI_weights
2697,,,,gsea_norm,mcauroc,0.6706750392913818,0.0013054830287206266,collecTRI_weights
2698,,,,gsea_norm,mcauroc,0.6671805381774902,0.0013054830287206266,collecTRI_weights
2699,,,,gsea_norm,mcauroc,0.672216534614563,0.0013054830287206266,collecTRI_weights
2700,,,,gsea_norm,mcauroc,0.6485145688056946,0.0013054830287206266,collecTRI_weights
2701,,,,gsea_norm,mcauroc,0.6838428974151611,0.0013054830287206266,collecTRI_weights
2702,,,,gsea_norm,mcauroc,0.666294276714325,0.0013054830287206266,collecTRI_weights
2703,,,,gsea_norm,mcauroc,0.6964199542999268,0.0013054830287206266,collecTRI_weights
2704,,,,gsea_norm,mcauroc,0.6603720784187317,0.0013054830287206266,collecTRI_weights
2705,,,,gsea_norm,mcauroc,0.6577642560005188,0.0013054830287206266,collecTRI_weights
2706,,,,gsea_norm,mcauroc,0.6576486229896545,0.0013054830287206266,collecTRI_weights
2707,,,,gsea_norm,mcauroc,0.6642518043518066,0.0013054830287206266,collecTRI_weights
2708,,,,gsea_norm,mcauroc,0.6507242321968079,0.0013054830287206266,collecTRI_weights
2709,,,,gsea_norm,mcauroc,0.6761734485626221,0.0013054830287206266,collecTRI_weights
2710,,,,gsea_norm,mcauroc,0.682416558265686,0.0013054830287206266,collecTRI_weights
2711,,,,gsea_norm,mcauroc,0.651340901851654,0.0013054830287206266,collecTRI_weights
2712,,,,gsea_norm,mcauroc,0.6757239699363708,0.0013054830287206266,collecTRI_weights
2713,,,,gsea_norm,mcauroc,0.684151291847229,0.0013054830287206266,collecTRI_weights
2714,,,,gsea_norm,mcauroc,0.6571090221405029,0.0013054830287206266,collecTRI_weights
2715,,,,gsea_norm,mcauroc,0.6863866448402405,0.0013054830287206266,collecTRI_weights
2716,,,,gsea_norm,mcauroc,0.6720369458198547,0.0013054830287206266,collecTRI_weights
2717,,,,gsea_norm,mcauroc,0.6526126861572266,0.0013054830287206266,collecTRI_weights
2718,,,,gsea_norm,mcauroc,0.641268789768219,0.0013054830287206266,collecTRI_weights
2719,,,,gsea_norm,mcauroc,0.6657034158706665,0.0013054830287206266,collecTRI_weights
2720,,,,gsea_norm,mcauroc,0.6749916076660156,0.0013054830287206266,collecTRI_weights
2721,,,,gsea_norm,mcauroc,0.6425665616989136,0.0013054830287206266,collecTRI_weights
2722,,,,gsea_norm,mcauroc,0.6705466508865356,0.0013054830287206266,collecTRI_weights
2723,,,,gsea_norm,mcauroc,0.656440794467926,0.0013054830287206266,collecTRI_weights
2724,,,,gsea_norm,mcauroc,0.6583034992218018,0.0013054830287206266,collecTRI_weights
2725,,,,gsea_norm,mcauroc,0.6707777976989746,0.0013054830287206266,collecTRI_weights
2726,,,,gsea_norm,mcauroc,0.6612969636917114,0.0013054830287206266,collecTRI_weights
2727,,,,gsea_norm,mcauroc,0.656736433506012,0.0013054830287206266,collecTRI_weights
2728,,,,gsea_norm,mcauroc,0.6327000260353088,0.0013054830287206266,collecTRI_weights
2729,,,,gsea_norm,mcauroc,0.6568005681037903,0.0013054830287206266,collecTRI_weights
2730,,,,gsea_norm,mcauroc,0.6651895642280579,0.0013054830287206266,collecTRI_weights
2731,,,,gsea_norm,mcauroc,0.6653180122375488,0.0013054830287206266,collecTRI_weights
2732,,,,gsea_norm,mcauroc,0.6853844523429871,0.0013054830287206266,collecTRI_weights
2733,,,,gsea_norm,mcauroc,0.6798220276832581,0.0013054830287206266,collecTRI_weights
2734,,,,gsea_norm,mcauroc,0.6440181732177734,0.0013054830287206266,collecTRI_weights
2735,,,,gsea_norm,mcauroc,0.64992755651474,0.0013054830287206266,collecTRI_weights
2736,,,,gsea_norm,mcauroc,0.6624531149864197,0.0013054830287206266,collecTRI_weights
2737,,,,gsea_norm,mcauroc,0.6795521974563599,0.0013054830287206266,collecTRI_weights
2738,,,,gsea_norm,mcauroc,0.6765974164009094,0.0013054830287206266,collecTRI_weights
2739,,,,gsea_norm,mcauroc,0.6461632251739502,0.0013054830287206266,collecTRI_weights
2740,,,,gsea_norm,mcauroc,0.6441079378128052,0.0013054830287206266,collecTRI_weights
2741,,,,gsea_norm,mcauroc,0.6494396924972534,0.0013054830287206266,collecTRI_weights
2742,,,,gsea_norm,mcauroc,0.6564280390739441,0.0013054830287206266,collecTRI_weights
2743,,,,gsea_norm,mcauroc,0.6764816641807556,0.0013054830287206266,collecTRI_weights
2744,,,,gsea_norm,mcauroc,0.6811579465866089,0.0013054830287206266,collecTRI_weights
2745,,,,gsea_norm,mcauroc,0.676546037197113,0.0013054830287206266,collecTRI_weights
2746,,,,gsea_norm,mcauroc,0.6500046849250793,0.0013054830287206266,collecTRI_weights
2747,,,,gsea_norm,mcauroc,0.6669880151748657,0.0013054830287206266,collecTRI_weights
2748,,,,gsea_norm,mcauroc,0.6770725846290588,0.0013054830287206266,collecTRI_weights
2749,,,,gsea_norm,mcauroc,0.6969076991081238,0.0013054830287206266,collecTRI_weights
2750,,,,gsea_norm,mcauroc,0.6608858704566956,0.0013054830287206266,collecTRI_weights
2751,,,,gsea_norm,mcauroc,0.6672319173812866,0.0013054830287206266,collecTRI_weights
2752,,,,gsea_norm,mcauroc,0.6771625280380249,0.0013054830287206266,collecTRI_weights
2753,,,,gsea_norm,mcauroc,0.6665127277374268,0.0013054830287206266,collecTRI_weights
2754,,,,gsea_norm,mcauroc,0.665806233882904,0.0013054830287206266,collecTRI_weights
2755,,,,gsea_norm,mcauroc,0.6943515539169312,0.0013054830287206266,collecTRI_weights
2756,,,,gsea_norm,mcauroc,0.6637762188911438,0.0013054830287206266,collecTRI_weights
2757,,,,gsea_norm,mcauroc,0.6893799304962158,0.0013054830287206266,collecTRI_weights
2758,,,,gsea_norm,mcauroc,0.6471013426780701,0.0013054830287206266,collecTRI_weights
2759,,,,gsea_norm,mcauroc,0.6691977381706238,0.0013054830287206266,collecTRI_weights
2760,,,,gsea_norm,mcauroc,0.6837016940116882,0.0013054830287206266,collecTRI_weights
2761,,,,gsea_norm,mcauroc,0.6611427068710327,0.0013054830287206266,collecTRI_weights
2762,,,,gsea_norm,mcauroc,0.672255277633667,0.0013054830287206266,collecTRI_weights
2763,,,,gsea_norm,mcauroc,0.6441852450370789,0.0013054830287206266,collecTRI_weights
2764,,,,gsea_norm,mcauroc,0.662260115146637,0.0013054830287206266,collecTRI_weights
2765,,,,gsea_norm,mcauroc,0.6355650424957275,0.0013054830287206266,collecTRI_weights
2766,,,,gsea_norm,mcauroc,0.6644314527511597,0.0013054830287206266,collecTRI_weights
2767,,,,gsea_norm,mcauroc,0.6659475564956665,0.0013054830287206266,collecTRI_weights
2768,,,,gsea_norm,mcauroc,0.6934138536453247,0.0013054830287206266,collecTRI_weights
2769,,,,gsea_norm,mcauroc,0.6552205085754395,0.0013054830287206266,collecTRI_weights
2770,,,,gsea_norm,mcauroc,0.6651896238327026,0.0013054830287206266,collecTRI_weights
2771,,,,gsea_norm,mcauroc,0.6608726978302002,0.0013054830287206266,collecTRI_weights
2772,,,,gsea_norm,mcauroc,0.665176510810852,0.0013054830287206266,collecTRI_weights
2773,,,,gsea_norm,mcauroc,0.667720377445221,0.0013054830287206266,collecTRI_weights
2774,,,,gsea_norm,mcauroc,0.6525614261627197,0.0013054830287206266,collecTRI_weights
2775,,,,gsea_norm,mcauroc,0.6723707914352417,0.0013054830287206266,collecTRI_weights
2776,,,,gsea_norm,mcauroc,0.6838043332099915,0.0013054830287206266,collecTRI_weights
2777,,,,gsea_norm,mcauroc,0.6496065855026245,0.0013054830287206266,collecTRI_weights
2778,,,,gsea_norm,mcauroc,0.6551690101623535,0.0013054830287206266,collecTRI_weights
2779,,,,gsea_norm,mcauroc,0.6583681106567383,0.0013054830287206266,collecTRI_weights
2780,,,,gsea_norm,mcauroc,0.6678746342658997,0.0013054830287206266,collecTRI_weights
2781,,,,gsea_norm,mcauroc,0.6421941518783569,0.0013054830287206266,collecTRI_weights
2782,,,,gsea_norm,mcauroc,0.6692363619804382,0.0013054830287206266,collecTRI_weights
2783,,,,gsea_norm,mcauroc,0.6777792572975159,0.0013054830287206266,collecTRI_weights
2784,,,,gsea_norm,mcauroc,0.6608859896659851,0.0013054830287206266,collecTRI_weights
2785,,,,gsea_norm,mcauroc,0.6490025520324707,0.0013054830287206266,collecTRI_weights
2786,,,,gsea_norm,mcauroc,0.6608729362487793,0.0013054830287206266,collecTRI_weights
2787,,,,gsea_norm,mcauroc,0.664855420589447,0.0013054830287206266,collecTRI_weights
2788,,,,gsea_norm,mcauroc,0.6823397278785706,0.0013054830287206266,collecTRI_weights
2789,,,,gsea_norm,mcauroc,0.6648427248001099,0.0013054830287206266,collecTRI_weights
2790,,,,gsea_norm,mcauroc,0.6484758257865906,0.0013054830287206266,collecTRI_weights
2791,,,,gsea_norm,mcauroc,0.6593312621116638,0.0013054830287206266,collecTRI_weights
2792,,,,gsea_norm,mcauroc,0.6648041009902954,0.0013054830287206266,collecTRI_weights
2793,,,,gsea_norm,mcauroc,0.662723183631897,0.0013054830287206266,collecTRI_weights
2794,,,,gsea_norm,mcauroc,0.6598066687583923,0.0013054830287206266,collecTRI_weights
2795,,,,gsea_norm,mcauroc,0.6705467104911804,0.0013054830287206266,collecTRI_weights
2796,,,,gsea_norm,mcauroc,0.623026430606842,0.0013054830287206266,collecTRI_weights
2797,,,,gsea_norm,mcauroc,0.6649713516235352,0.0013054830287206266,collecTRI_weights
2798,,,,gsea_norm,mcauroc,0.6427590847015381,0.0013054830287206266,collecTRI_weights
2799,,,,gsea_norm,mcauroc,0.6578027606010437,0.0013054830287206266,collecTRI_weights
2800,,,,gsea_norm,mcauroc,0.6853587627410889,0.0013054830287206266,collecTRI_weights
2801,,,,gsea_norm,mcauroc,0.6744391918182373,0.0013054830287206266,collecTRI_weights
2802,,,,gsea_norm,mcauroc,0.652073085308075,0.0013054830287206266,collecTRI_weights
2803,,,,gsea_norm,mcauroc,0.6831108331680298,0.0013054830287206266,collecTRI_weights
2804,,,,gsea_norm,mcauroc,0.6521884799003601,0.0013054830287206266,collecTRI_weights
2805,,,,gsea_norm,mcauroc,0.6607315540313721,0.0013054830287206266,collecTRI_weights
2806,,,,gsea_norm,mcauroc,0.6617850661277771,0.0013054830287206266,collecTRI_weights
2807,,,,gsea_norm,mcauroc,0.6682724952697754,0.0013054830287206266,collecTRI_weights
2808,,,,gsea_norm,mcauroc,0.6586761474609375,0.0013054830287206266,collecTRI_weights
2809,,,,gsea_norm,mcauroc,0.677869439125061,0.0013054830287206266,collecTRI_weights
2810,,,,gsea_norm,mcauroc,0.6543211340904236,0.0013054830287206266,collecTRI_weights
2811,,,,gsea_norm,mcauroc,0.668709397315979,0.0013054830287206266,collecTRI_weights
2812,,,,gsea_norm,mcauroc,0.6811195015907288,0.0013054830287206266,collecTRI_weights
2813,,,,gsea_norm,mcauroc,0.679667592048645,0.0013054830287206266,collecTRI_weights
2814,,,,gsea_norm,mcauroc,0.6649839282035828,0.0013054830287206266,collecTRI_weights
2815,,,,gsea_norm,mcauroc,0.6380829811096191,0.0013054830287206266,collecTRI_weights
2816,,,,gsea_norm,mcauroc,0.6567233800888062,0.0013054830287206266,collecTRI_weights
2817,,,,gsea_norm,mcauroc,0.6540384292602539,0.0013054830287206266,collecTRI_weights
2818,,,,gsea_norm,mcauroc,0.6795263886451721,0.0013054830287206266,collecTRI_weights
2819,,,,gsea_norm,mcauroc,0.6732443571090698,0.0013054830287206266,collecTRI_weights
2820,,,,gsea_norm,mcauroc,0.6602433919906616,0.0013054830287206266,collecTRI_weights
2821,,,,gsea_norm,mcauroc,0.6515591740608215,0.0013054830287206266,collecTRI_weights
2822,,,,gsea_norm,mcauroc,0.6578540205955505,0.0013054830287206266,collecTRI_weights
2823,,,,gsea_norm,mcauroc,0.6626715064048767,0.0013054830287206266,collecTRI_weights
2824,,,,gsea_norm,mcauroc,0.687260091304779,0.0013054830287206266,collecTRI_weights
2825,,,,gsea_norm,mcauroc,0.6756853461265564,0.0013054830287206266,collecTRI_weights
2826,,,,gsea_norm,mcauroc,0.6875939965248108,0.0013054830287206266,collecTRI_weights
2827,,,,gsea_norm,mcauroc,0.6622347831726074,0.0013054830287206266,collecTRI_weights
2828,,,,gsea_norm,mcauroc,0.685680091381073,0.0013054830287206266,collecTRI_weights
2829,,,,gsea_norm,mcauroc,0.6740278005599976,0.0013054830287206266,collecTRI_weights
2830,,,,gsea_norm,mcauroc,0.6496577262878418,0.0013054830287206266,collecTRI_weights
2831,,,,gsea_norm,mcauroc,0.6778049468994141,0.0013054830287206266,collecTRI_weights
2832,,,,gsea_norm,mcauroc,0.6583936214447021,0.0013054830287206266,collecTRI_weights
2833,,,,gsea_norm,mcauroc,0.6838560104370117,0.0013054830287206266,collecTRI_weights
2834,,,,gsea_norm,mcauroc,0.6605005264282227,0.0013054830287206266,collecTRI_weights
2835,,,,gsea_norm,mcauroc,0.6725252270698547,0.0013054830287206266,collecTRI_weights
2836,,,,gsea_norm,mcauroc,0.6486944556236267,0.0013054830287206266,collecTRI_weights
2837,,,,gsea_norm,mcauroc,0.6714329123497009,0.0013054830287206266,collecTRI_weights
2838,,,,gsea_norm,mcauroc,0.6652666330337524,0.0013054830287206266,collecTRI_weights
2839,,,,gsea_norm,mcauroc,0.6726279854774475,0.0013054830287206266,collecTRI_weights
2840,,,,gsea_norm,mcauroc,0.6269707083702087,0.0013054830287206266,collecTRI_weights
2841,,,,gsea_norm,mcauroc,0.6465746164321899,0.0013054830287206266,collecTRI_weights
2842,,,,gsea_norm,mcauroc,0.663275420665741,0.0013054830287206266,collecTRI_weights
2843,,,,gsea_norm,mcauroc,0.6561710238456726,0.0013054830287206266,collecTRI_weights
2844,,,,gsea_norm,mcauroc,0.659382700920105,0.0013054830287206266,collecTRI_weights
2845,,,,gsea_norm,mcauroc,0.6899192333221436,0.0013054830287206266,collecTRI_weights
2846,,,,gsea_norm,mcauroc,0.6565821170806885,0.0013054830287206266,collecTRI_weights
2847,,,,gsea_norm,mcauroc,0.6697113513946533,0.0013054830287206266,collecTRI_weights
2848,,,,gsea_norm,mcauroc,0.6541410684585571,0.0013054830287206266,collecTRI_weights
2849,,,,gsea_norm,mcauroc,0.68059241771698,0.0013054830287206266,collecTRI_weights
2850,,,,gsea_norm,mcauroc,0.6626716256141663,0.0013054830287206266,collecTRI_weights
2851,,,,gsea_norm,mcauroc,0.6601406931877136,0.0013054830287206266,collecTRI_weights
2852,,,,gsea_norm,mcauroc,0.6741434931755066,0.0013054830287206266,collecTRI_weights
2853,,,,gsea_norm,mcauroc,0.6301434636116028,0.0013054830287206266,collecTRI_weights
2854,,,,gsea_norm,mcauroc,0.6675533056259155,0.0013054830287206266,collecTRI_weights
2855,,,,gsea_norm,mcauroc,0.6680415272712708,0.0013054830287206266,collecTRI_weights
2856,,,,gsea_norm,mcauroc,0.6539999842643738,0.0013054830287206266,collecTRI_weights
2857,,,,gsea_norm,mcauroc,0.6735783219337463,0.0013054830287206266,collecTRI_weights
2858,,,,gsea_norm,mcauroc,0.6538329720497131,0.0013054830287206266,collecTRI_weights
2859,,,,gsea_norm,mcauroc,0.6472812294960022,0.0013054830287206266,collecTRI_weights
2860,,,,gsea_norm,mcauroc,0.6545780897140503,0.0013054830287206266,collecTRI_weights
2861,,,,gsea_norm,mcauroc,0.659768283367157,0.0013054830287206266,collecTRI_weights
2862,,,,gsea_norm,mcauroc,0.6345373392105103,0.0013054830287206266,collecTRI_weights
2863,,,,gsea_norm,mcauroc,0.6745932698249817,0.0013054830287206266,collecTRI_weights
2864,,,,gsea_norm,mcauroc,0.6619648933410645,0.0013054830287206266,collecTRI_weights
2865,,,,gsea_norm,mcauroc,0.6885192394256592,0.0013054830287206266,collecTRI_weights
2866,,,,gsea_norm,mcauroc,0.650056004524231,0.0013054830287206266,collecTRI_weights
2867,,,,gsea_norm,mcauroc,0.6875684261322021,0.0013054830287206266,collecTRI_weights
2868,,,,gsea_norm,mcauroc,0.687889575958252,0.0013054830287206266,collecTRI_weights
2869,,,,gsea_norm,mcauroc,0.6725508570671082,0.0013054830287206266,collecTRI_weights
2870,,,,gsea_norm,mcauroc,0.6517003774642944,0.0013054830287206266,collecTRI_weights
2871,,,,gsea_norm,mcauroc,0.6792436838150024,0.0013054830287206266,collecTRI_weights
2872,,,,gsea_norm,mcauroc,0.6711632013320923,0.0013054830287206266,collecTRI_weights
2873,,,,gsea_norm,mcauroc,0.6555929183959961,0.0013054830287206266,collecTRI_weights
2874,,,,gsea_norm,mcauroc,0.6635195016860962,0.0013054830287206266,collecTRI_weights
2875,,,,gsea_norm,mcauroc,0.6743622422218323,0.0013054830287206266,collecTRI_weights
2876,,,,gsea_norm,mcauroc,0.6660885810852051,0.0013054830287206266,collecTRI_weights
2877,,,,gsea_norm,mcauroc,0.6614382266998291,0.0013054830287206266,collecTRI_weights
2878,,,,gsea_norm,mcauroc,0.6730259656906128,0.0013054830287206266,collecTRI_weights
2879,,,,gsea_norm,mcauroc,0.6654722690582275,0.0013054830287206266,collecTRI_weights
2880,,,,gsea_norm,mcauroc,0.6886733174324036,0.0013054830287206266,collecTRI_weights
2881,,,,gsea_norm,mcauroc,0.6716512441635132,0.0013054830287206266,collecTRI_weights
2882,,,,gsea_norm,mcauroc,0.6734755039215088,0.0013054830287206266,collecTRI_weights
2883,,,,gsea_norm,mcauroc,0.6746571660041809,0.0013054830287206266,collecTRI_weights
2884,,,,gsea_norm,mcauroc,0.6720753908157349,0.0013054830287206266,collecTRI_weights
2885,,,,gsea_norm,mcauroc,0.6598323583602905,0.0013054830287206266,collecTRI_weights
2886,,,,gsea_norm,mcauroc,0.671831488609314,0.0013054830287206266,collecTRI_weights
2887,,,,gsea_norm,mcauroc,0.65870201587677,0.0013054830287206266,collecTRI_weights
2888,,,,gsea_norm,mcauroc,0.644030749797821,0.0013054830287206266,collecTRI_weights
2889,,,,gsea_norm,mcauroc,0.6536531448364258,0.0013054830287206266,collecTRI_weights
2890,,,,gsea_norm,mcauroc,0.6859498023986816,0.0013054830287206266,collecTRI_weights
2891,,,,gsea_norm,mcauroc,0.6611555814743042,0.0013054830287206266,collecTRI_weights
2892,,,,gsea_norm,mcauroc,0.6847806572914124,0.0013054830287206266,collecTRI_weights
2893,,,,gsea_norm,mcauroc,0.6682470440864563,0.0013054830287206266,collecTRI_weights
2894,,,,gsea_norm,mcauroc,0.6719211935997009,0.0013054830287206266,collecTRI_weights
2895,,,,gsea_norm,mcauroc,0.6592670679092407,0.0013054830287206266,collecTRI_weights
2896,,,,gsea_norm,mcauroc,0.6622219085693359,0.0013054830287206266,collecTRI_weights
2897,,,,gsea_norm,mcauroc,0.6644315719604492,0.0013054830287206266,collecTRI_weights
2898,,,,gsea_norm,mcauroc,0.6783314347267151,0.0013054830287206266,collecTRI_weights
2899,,,,gsea_norm,mcauroc,0.6723708510398865,0.0013054830287206266,collecTRI_weights
2900,,,,gsea_norm,mcauroc,0.6734500527381897,0.0013054830287206266,collecTRI_weights
2901,,,,gsea_norm,mcauroc,0.6824555993080139,0.0013054830287206266,collecTRI_weights
2902,,,,gsea_norm,mcauroc,0.6721011400222778,0.0013054830287206266,collecTRI_weights
2903,,,,gsea_norm,mcauroc,0.6594343185424805,0.0013054830287206266,collecTRI_weights
2904,,,,gsea_norm,mcauroc,0.6811321377754211,0.0013054830287206266,collecTRI_weights
2905,,,,gsea_norm,mcauroc,0.6576099395751953,0.0013054830287206266,collecTRI_weights
2906,,,,gsea_norm,mcauroc,0.6568904519081116,0.0013054830287206266,collecTRI_weights
2907,,,,gsea_norm,mcauroc,0.6661787033081055,0.0013054830287206266,collecTRI_weights
2908,,,,gsea_norm,mcauroc,0.6723964214324951,0.0013054830287206266,collecTRI_weights
2909,,,,gsea_norm,mcauroc,0.6805412769317627,0.0013054830287206266,collecTRI_weights
2910,,,,gsea_norm,mcauroc,0.6330728530883789,0.0013054830287206266,collecTRI_weights
2911,,,,gsea_norm,mcauroc,0.6772011518478394,0.0013054830287206266,collecTRI_weights
2912,,,,gsea_norm,mcauroc,0.6352951526641846,0.0013054830287206266,collecTRI_weights
2913,,,,gsea_norm,mcauroc,0.6468830108642578,0.0013054830287206266,collecTRI_weights
2914,,,,gsea_norm,mcauroc,0.6668981313705444,0.0013054830287206266,collecTRI_weights
2915,,,,gsea_norm,mcauroc,0.6824551820755005,0.0013054830287206266,collecTRI_weights
2916,,,,gsea_norm,mcauroc,0.6676816940307617,0.0013054830287206266,collecTRI_weights
2917,,,,gsea_norm,mcauroc,0.6712531447410583,0.0013054830287206266,collecTRI_weights
2918,,,,gsea_norm,mcauroc,0.6938503980636597,0.0013054830287206266,collecTRI_weights
2919,,,,gsea_norm,mcauroc,0.650402843952179,0.0013054830287206266,collecTRI_weights
2920,,,,gsea_norm,mcauroc,0.6607059836387634,0.0013054830287206266,collecTRI_weights
2921,,,,gsea_norm,mcauroc,0.6771369576454163,0.0013054830287206266,collecTRI_weights
2922,,,,gsea_norm,mcauroc,0.664020299911499,0.0013054830287206266,collecTRI_weights
2923,,,,gsea_norm,mcauroc,0.6669239401817322,0.0013054830287206266,collecTRI_weights
2924,,,,gsea_norm,mcauroc,0.6789869070053101,0.0013054830287206266,collecTRI_weights
2925,,,,gsea_norm,mcauroc,0.6434783339500427,0.0013054830287206266,collecTRI_weights
2926,,,,gsea_norm,mcauroc,0.6688250303268433,0.0013054830287206266,collecTRI_weights
2927,,,,gsea_norm,mcauroc,0.6599351167678833,0.0013054830287206266,collecTRI_weights
2928,,,,gsea_norm,mcauroc,0.6520987749099731,0.0013054830287206266,collecTRI_weights
2929,,,,gsea_norm,mcauroc,0.6693902015686035,0.0013054830287206266,collecTRI_weights
2930,,,,gsea_norm,mcauroc,0.6465361714363098,0.0013054830287206266,collecTRI_weights
2931,,,,gsea_norm,mcauroc,0.6808624863624573,0.0013054830287206266,collecTRI_weights
2932,,,,gsea_norm,mcauroc,0.6573657989501953,0.0013054830287206266,collecTRI_weights
2933,,,,gsea_norm,mcauroc,0.6732958555221558,0.0013054830287206266,collecTRI_weights
2934,,,,gsea_norm,mcauroc,0.6772013902664185,0.0013054830287206266,collecTRI_weights
2935,,,,gsea_norm,mcauroc,0.6637762784957886,0.0013054830287206266,collecTRI_weights
2936,,,,gsea_norm,mcauroc,0.6547582745552063,0.0013054830287206266,collecTRI_weights
2937,,,,gsea_norm,mcauroc,0.6750810742378235,0.0013054830287206266,collecTRI_weights
2938,,,,gsea_norm,mcauroc,0.6715483665466309,0.0013054830287206266,collecTRI_weights
2939,,,,gsea_norm,mcauroc,0.6702125668525696,0.0013054830287206266,collecTRI_weights
2940,,,,gsea_norm,mcauroc,0.651828944683075,0.0013054830287206266,collecTRI_weights
2941,,,,gsea_norm,mcauroc,0.6440435647964478,0.0013054830287206266,collecTRI_weights
2942,,,,gsea_norm,mcauroc,0.6569932103157043,0.0013054830287206266,collecTRI_weights
2943,,,,gsea_norm,mcauroc,0.6650992631912231,0.0013054830287206266,collecTRI_weights
2944,,,,gsea_norm,mcauroc,0.6697630286216736,0.0013054830287206266,collecTRI_weights
2945,,,,gsea_norm,mcauroc,0.6668336987495422,0.0013054830287206266,collecTRI_weights
2946,,,,gsea_norm,mcauroc,0.6686453819274902,0.0013054830287206266,collecTRI_weights
2947,,,,gsea_norm,mcauroc,0.6639049649238586,0.0013054830287206266,collecTRI_weights
2948,,,,gsea_norm,mcauroc,0.6536789536476135,0.0013054830287206266,collecTRI_weights
2949,,,,gsea_norm,mcauroc,0.6597039699554443,0.0013054830287206266,collecTRI_weights
2950,,,,gsea_norm,mcauroc,0.6620417833328247,0.0013054830287206266,collecTRI_weights
2951,,,,gsea_norm,mcauroc,0.6495164632797241,0.0013054830287206266,collecTRI_weights
2952,,,,gsea_norm,mcauroc,0.6823011636734009,0.0013054830287206266,collecTRI_weights
2953,,,,gsea_norm,mcauroc,0.6904588937759399,0.0013054830287206266,collecTRI_weights
2954,,,,gsea_norm,mcauroc,0.6712915897369385,0.0013054830287206266,collecTRI_weights
2955,,,,gsea_norm,mcauroc,0.654462456703186,0.0013054830287206266,collecTRI_weights
2956,,,,gsea_norm,mcauroc,0.6602435111999512,0.0013054830287206266,collecTRI_weights
2957,,,,gsea_norm,mcauroc,0.6709832549095154,0.0013054830287206266,collecTRI_weights
2958,,,,gsea_norm,mcauroc,0.6815049052238464,0.0013054830287206266,collecTRI_weights
2959,,,,gsea_norm,mcauroc,0.6422194242477417,0.0013054830287206266,collecTRI_weights
2960,,,,gsea_norm,mcauroc,0.6543725728988647,0.0013054830287206266,collecTRI_weights
2961,,,,gsea_norm,mcauroc,0.6446732878684998,0.0013054830287206266,collecTRI_weights
2962,,,,gsea_norm,mcauroc,0.6681569814682007,0.0013054830287206266,collecTRI_weights
2963,,,,gsea_norm,mcauroc,0.6642773151397705,0.0013054830287206266,collecTRI_weights
2964,,,,gsea_norm,mcauroc,0.6558499336242676,0.0013054830287206266,collecTRI_weights
2965,,,,gsea_norm,mcauroc,0.6832777261734009,0.0013054830287206266,collecTRI_weights
2966,,,,gsea_norm,mcauroc,0.633778989315033,0.0013054830287206266,collecTRI_weights
2967,,,,gsea_norm,mcauroc,0.6648684144020081,0.0013054830287206266,collecTRI_weights
2968,,,,gsea_norm,mcauroc,0.6482445597648621,0.0013054830287206266,collecTRI_weights
2969,,,,gsea_norm,mcauroc,0.6655361652374268,0.0013054830287206266,collecTRI_weights
2970,,,,gsea_norm,mcauroc,0.6594470143318176,0.0013054830287206266,collecTRI_weights
2971,,,,gsea_norm,mcauroc,0.6321092844009399,0.0013054830287206266,collecTRI_weights
2972,,,,gsea_norm,mcauroc,0.6569033265113831,0.0013054830287206266,collecTRI_weights
2973,,,,gsea_norm,mcauroc,0.6596393585205078,0.0013054830287206266,collecTRI_weights
2974,,,,gsea_norm,mcauroc,0.6861167550086975,0.0013054830287206266,collecTRI_weights
2975,,,,gsea_norm,mcauroc,0.6841127872467041,0.0013054830287206266,collecTRI_weights
2976,,,,gsea_norm,mcauroc,0.658265233039856,0.0013054830287206266,collecTRI_weights
2977,,,,gsea_norm,mcauroc,0.6769570708274841,0.0013054830287206266,collecTRI_weights
2978,,,,gsea_norm,mcauroc,0.6653050184249878,0.0013054830287206266,collecTRI_weights
2979,,,,gsea_norm,mcauroc,0.6654592752456665,0.0013054830287206266,collecTRI_weights
2980,,,,gsea_norm,mcauroc,0.6878641843795776,0.0013054830287206266,collecTRI_weights
2981,,,,gsea_norm,mcauroc,0.6738350987434387,0.0013054830287206266,collecTRI_weights
2982,,,,gsea_norm,mcauroc,0.6568259596824646,0.0013054830287206266,collecTRI_weights
2983,,,,gsea_norm,mcauroc,0.6665254831314087,0.0013054830287206266,collecTRI_weights
2984,,,,gsea_norm,mcauroc,0.6824941039085388,0.0013054830287206266,collecTRI_weights
2985,,,,gsea_norm,mcauroc,0.6671550273895264,0.0013054830287206266,collecTRI_weights
2986,,,,gsea_norm,mcauroc,0.6455854177474976,0.0013054830287206266,collecTRI_weights
2987,,,,gsea_norm,mcauroc,0.6633782982826233,0.0013054830287206266,collecTRI_weights
2988,,,,gsea_norm,mcauroc,0.6518419981002808,0.0013054830287206266,collecTRI_weights
2989,,,,gsea_norm,mcauroc,0.6256986260414124,0.0013054830287206266,collecTRI_weights
2990,,,,gsea_norm,mcauroc,0.6682597398757935,0.0013054830287206266,collecTRI_weights
2991,,,,gsea_norm,mcauroc,0.6464460492134094,0.0013054830287206266,collecTRI_weights
2992,,,,gsea_norm,mcauroc,0.6704696416854858,0.0013054830287206266,collecTRI_weights
2993,,,,gsea_norm,mcauroc,0.7055795192718506,0.0013054830287206266,collecTRI_weights
2994,,,,gsea_norm,mcauroc,0.6531777381896973,0.0013054830287206266,collecTRI_weights
2995,,,,gsea_norm,mcauroc,0.6432599425315857,0.0013054830287206266,collecTRI_weights
2996,,,,gsea_norm,mcauroc,0.6633780002593994,0.0013054830287206266,collecTRI_weights
2997,,,,gsea_norm,mcauroc,0.6741050481796265,0.0013054830287206266,collecTRI_weights
2998,,,,gsea_norm,mcauroc,0.6534989476203918,0.0013054830287206266,collecTRI_weights
2999,,,,gsea_norm,mcauroc,0.6772653460502625,0.0013054830287206266,collecTRI_weights
3000,,,,gsea_norm,mcauroc,0.6709322333335876,0.0013054830287206266,collecTRI_weights
3001,,,,gsea_norm,mcauroc,0.7036654949188232,0.0013054830287206266,collecTRI_weights
3002,,,,gsea_norm,mcauroc,0.6606417298316956,0.0013054830287206266,collecTRI_weights
3003,,,,gsea_norm,mcauroc,0.6615282297134399,0.0013054830287206266,collecTRI_weights
3004,,,,gsea_norm,mcauroc,0.6757237911224365,0.0013054830287206266,collecTRI_weights
3005,,,,gsea_norm,mcauroc,0.6652023792266846,0.0013054830287206266,collecTRI_weights
3006,,,,gsea_norm,mcauroc,0.6807982921600342,0.0013054830287206266,collecTRI_weights
3007,,,,gsea_norm,mcauroc,0.6599993705749512,0.0013054830287206266,collecTRI_weights
3008,,,,gsea_norm,mcauroc,0.661695122718811,0.0013054830287206266,collecTRI_weights
3009,,,,gsea_norm,mcauroc,0.6738224625587463,0.0013054830287206266,collecTRI_weights
3010,,,,gsea_norm,mcauroc,0.6706237196922302,0.0013054830287206266,collecTRI_weights
3011,,,,gsea_norm,mcauroc,0.6510195136070251,0.0013054830287206266,collecTRI_weights
3012,,,,gsea_norm,mcauroc,0.6692489981651306,0.0013054830287206266,collecTRI_weights
3013,,,,gsea_norm,mcauroc,0.6528695225715637,0.0013054830287206266,collecTRI_weights
3014,,,,gsea_norm,mcauroc,0.6716641783714294,0.0013054830287206266,collecTRI_weights
3015,,,,gsea_norm,mcauroc,0.6678358316421509,0.0013054830287206266,collecTRI_weights
3016,,,,gsea_norm,mcauroc,0.6666541695594788,0.0013054830287206266,collecTRI_weights
3017,,,,gsea_norm,mcauroc,0.6366437077522278,0.0013054830287206266,collecTRI_weights
3018,,,,gsea_norm,mcauroc,0.6757879257202148,0.0013054830287206266,collecTRI_weights
3019,,,,gsea_norm,mcauroc,0.6658576130867004,0.0013054830287206266,collecTRI_weights
3020,,,,gsea_norm,mcauroc,0.6559398770332336,0.0013054830287206266,collecTRI_weights
3021,,,,gsea_norm,mcauroc,0.6574686765670776,0.0013054830287206266,collecTRI_weights
3022,,,,gsea_norm,mcauroc,0.6520472764968872,0.0013054830287206266,collecTRI_weights
3023,,,,gsea_norm,mcauroc,0.660538911819458,0.0013054830287206266,collecTRI_weights
3024,,,,gsea_norm,mcauroc,0.6467285752296448,0.0013054830287206266,collecTRI_weights
3025,,,,gsea_norm,mcauroc,0.6515207886695862,0.0013054830287206266,collecTRI_weights
3026,,,,gsea_norm,mcauroc,0.6788327693939209,0.0013054830287206266,collecTRI_weights
3027,,,,gsea_norm,mcauroc,0.6780107021331787,0.0013054830287206266,collecTRI_weights
3028,,,,gsea_norm,mcauroc,0.6652149558067322,0.0013054830287206266,collecTRI_weights
3029,,,,gsea_norm,mcauroc,0.6570061445236206,0.0013054830287206266,collecTRI_weights
3030,,,,gsea_norm,mcauroc,0.6754539608955383,0.0013054830287206266,collecTRI_weights
3031,,,,gsea_norm,mcauroc,0.6604363322257996,0.0013054830287206266,collecTRI_weights
3032,,,,gsea_norm,mcauroc,0.6735655665397644,0.0013054830287206266,collecTRI_weights
3033,,,,gsea_norm,mcauroc,0.6721395254135132,0.0013054830287206266,collecTRI_weights
3034,,,,gsea_norm,mcauroc,0.660641610622406,0.0013054830287206266,collecTRI_weights
3035,,,,gsea_norm,mcauroc,0.6649580001831055,0.0013054830287206266,collecTRI_weights
3036,,,,gsea_norm,mcauroc,0.6705979108810425,0.0013054830287206266,collecTRI_weights
3037,,,,gsea_norm,mcauroc,0.6647524833679199,0.0013054830287206266,collecTRI_weights
3038,,,,gsea_norm,mcauroc,0.6768414974212646,0.0013054830287206266,collecTRI_weights
3039,,,,gsea_norm,mcauroc,0.6665641069412231,0.0013054830287206266,collecTRI_weights
3040,,,,gsea_norm,mcauroc,0.6621963381767273,0.0013054830287206266,collecTRI_weights
3041,,,,gsea_norm,mcauroc,0.6783702373504639,0.0013054830287206266,collecTRI_weights
3042,,,,gsea_norm,mcauroc,0.669171929359436,0.0013054830287206266,collecTRI_weights
3043,,,,gsea_norm,mcauroc,0.6684525012969971,0.0013054830287206266,collecTRI_weights
3044,,,,gsea_norm,mcauroc,0.6570700407028198,0.0013054830287206266,collecTRI_weights
3045,,,,gsea_norm,mcauroc,0.6543721556663513,0.0013054830287206266,collecTRI_weights
3046,,,,gsea_norm,mcauroc,0.6813117861747742,0.0013054830287206266,collecTRI_weights
3047,,,,gsea_norm,mcauroc,0.6559140086174011,0.0013054830287206266,collecTRI_weights
3048,,,,gsea_norm,mcauroc,0.6340232491493225,0.0013054830287206266,collecTRI_weights
3049,,,,gsea_norm,mcauroc,0.6641491055488586,0.0013054830287206266,collecTRI_weights
3050,,,,gsea_norm,mcauroc,0.6587918996810913,0.0013054830287206266,collecTRI_weights
3051,,,,gsea_norm,mcauroc,0.633470892906189,0.0013054830287206266,collecTRI_weights
3052,,,,gsea_norm,mcauroc,0.6833289861679077,0.0013054830287206266,collecTRI_weights
3053,,,,gsea_norm,mcauroc,0.6522913575172424,0.0013054830287206266,collecTRI_weights
3054,,,,gsea_norm,mcauroc,0.6899963617324829,0.0013054830287206266,collecTRI_weights
3055,,,,gsea_norm,mcauroc,0.6630826592445374,0.0013054830287206266,collecTRI_weights
3056,,,,gsea_norm,mcauroc,0.6585603952407837,0.0013054830287206266,collecTRI_weights
3057,,,,gsea_norm,mcauroc,0.6613869667053223,0.0013054830287206266,collecTRI_weights
3058,,,,gsea_norm,mcauroc,0.6552718877792358,0.0013054830287206266,collecTRI_weights
3059,,,,gsea_norm,mcauroc,0.6744518876075745,0.0013054830287206266,collecTRI_weights
3060,,,,gsea_norm,mcauroc,0.6627614498138428,0.0013054830287206266,collecTRI_weights
3061,,,,gsea_norm,mcauroc,0.6815690994262695,0.0013054830287206266,collecTRI_weights
3062,,,,gsea_norm,mcauroc,0.6493753790855408,0.0013054830287206266,collecTRI_weights
3063,,,,gsea_norm,mcauroc,0.6430158615112305,0.0013054830287206266,collecTRI_weights
3064,,,,gsea_norm,mcauroc,0.678292989730835,0.0013054830287206266,collecTRI_weights
3065,,,,gsea_norm,mcauroc,0.6885834336280823,0.0013054830287206266,collecTRI_weights
3066,,,,gsea_norm,mcauroc,0.6398686170578003,0.0013054830287206266,collecTRI_weights
3067,,,,gsea_norm,mcauroc,0.6764431595802307,0.0013054830287206266,collecTRI_weights
3068,,,,gsea_norm,mcauroc,0.6562225818634033,0.0013054830287206266,collecTRI_weights
3069,,,,gsea_norm,mcauroc,0.6694416999816895,0.0013054830287206266,collecTRI_weights
3070,,,,gsea_norm,mcauroc,0.6964709758758545,0.0013054830287206266,collecTRI_weights
3071,,,,gsea_norm,mcauroc,0.6551432609558105,0.0013054830287206266,collecTRI_weights
3072,,,,gsea_norm,mcauroc,0.6795520782470703,0.0013054830287206266,collecTRI_weights
3073,,,,gsea_norm,mcauroc,0.6733342409133911,0.0013054830287206266,collecTRI_weights
3074,,,,gsea_norm,mcauroc,0.689893364906311,0.0013054830287206266,collecTRI_weights
3075,,,,gsea_norm,mcauroc,0.6898679733276367,0.0013054830287206266,collecTRI_weights
3076,,,,gsea_norm,mcauroc,0.6620548367500305,0.0013054830287206266,collecTRI_weights
3077,,,,gsea_norm,mcauroc,0.6614252924919128,0.0013054830287206266,collecTRI_weights
3078,,,,gsea_norm,mcauroc,0.6549891233444214,0.0013054830287206266,collecTRI_weights
3079,,,,gsea_norm,mcauroc,0.6631854176521301,0.0013054830287206266,collecTRI_weights
3080,,,,gsea_norm,mcauroc,0.6868877410888672,0.0013054830287206266,collecTRI_weights
3081,,,,gsea_norm,mcauroc,0.6795777082443237,0.0013054830287206266,collecTRI_weights
3082,,,,gsea_norm,mcauroc,0.6499660611152649,0.0013054830287206266,collecTRI_weights
3083,,,,gsea_norm,mcauroc,0.664110541343689,0.0013054830287206266,collecTRI_weights
3084,,,,gsea_norm,mcauroc,0.664829671382904,0.0013054830287206266,collecTRI_weights
3085,,,,gsea_norm,mcauroc,0.660153865814209,0.0013054830287206266,collecTRI_weights
3086,,,,gsea_norm,mcauroc,0.6672964096069336,0.0013054830287206266,collecTRI_weights
3087,,,,gsea_norm,mcauroc,0.676057755947113,0.0013054830287206266,collecTRI_weights
3088,,,,gsea_norm,mcauroc,0.7018409967422485,0.0013054830287206266,collecTRI_weights
3089,,,,gsea_norm,mcauroc,0.6693388819694519,0.0013054830287206266,collecTRI_weights
3090,,,,gsea_norm,mcauroc,0.7049500942230225,0.0013054830287206266,collecTRI_weights
3091,,,,gsea_norm,mcauroc,0.6516488194465637,0.0013054830287206266,collecTRI_weights
3092,,,,gsea_norm,mcauroc,0.6755566000938416,0.0013054830287206266,collecTRI_weights
3093,,,,gsea_norm,mcauroc,0.6583039164543152,0.0013054830287206266,collecTRI_weights
3094,,,,gsea_norm,mcauroc,0.655798614025116,0.0013054830287206266,collecTRI_weights
3095,,,,gsea_norm,mcauroc,0.6498761177062988,0.0013054830287206266,collecTRI_weights
3096,,,,gsea_norm,mcauroc,0.6528952717781067,0.0013054830287206266,collecTRI_weights
3097,,,,gsea_norm,mcauroc,0.6746702194213867,0.0013054830287206266,collecTRI_weights
3098,,,,gsea_norm,mcauroc,0.6618878245353699,0.0013054830287206266,collecTRI_weights
3099,,,,gsea_norm,mcauroc,0.6590999364852905,0.0013054830287206266,collecTRI_weights
3100,,,,gsea_norm,mcauroc,0.6991692185401917,0.0013054830287206266,collecTRI_weights
3101,,,,gsea_norm,mcauroc,0.6780487895011902,0.0013054830287206266,collecTRI_weights
3102,,,,gsea_norm,mcauroc,0.678203284740448,0.0013054830287206266,collecTRI_weights
3103,,,,gsea_norm,mcauroc,0.6707649230957031,0.0013054830287206266,collecTRI_weights
3104,,,,gsea_norm,mcauroc,0.6744776368141174,0.0013054830287206266,collecTRI_weights
3105,,,,gsea_norm,mcauroc,0.6559913754463196,0.0013054830287206266,collecTRI_weights
3106,,,,gsea_norm,mcauroc,0.6629029512405396,0.0013054830287206266,collecTRI_weights
3107,,,,gsea_norm,mcauroc,0.6756978631019592,0.0013054830287206266,collecTRI_weights
3108,,,,gsea_norm,mcauroc,0.6619392037391663,0.0013054830287206266,collecTRI_weights
3109,,,,gsea_norm,mcauroc,0.6994385719299316,0.0013054830287206266,collecTRI_weights
3110,,,,gsea_norm,mcauroc,0.683072030544281,0.0013054830287206266,collecTRI_weights
3111,,,,gsea_norm,mcauroc,0.6542700529098511,0.0013054830287206266,collecTRI_weights
3112,,,,gsea_norm,mcauroc,0.6679002046585083,0.0013054830287206266,collecTRI_weights
3113,,,,gsea_norm,mcauroc,0.6568649411201477,0.0013054830287206266,collecTRI_weights
3114,,,,gsea_norm,mcauroc,0.670661985874176,0.0013054830287206266,collecTRI_weights
3115,,,,gsea_norm,mcauroc,0.664431631565094,0.0013054830287206266,collecTRI_weights
3116,,,,gsea_norm,mcauroc,0.6515463590621948,0.0013054830287206266,collecTRI_weights
3117,,,,gsea_norm,mcauroc,0.6480646729469299,0.0013054830287206266,collecTRI_weights
3118,,,,gsea_norm,mcauroc,0.6547836065292358,0.0013054830287206266,collecTRI_weights
3119,,,,gsea_norm,mcauroc,0.6750428676605225,0.0013054830287206266,collecTRI_weights
3120,,,,gsea_norm,mcauroc,0.6598067283630371,0.0013054830287206266,collecTRI_weights
3121,,,,gsea_norm,mcauroc,0.6707906723022461,0.0013054830287206266,collecTRI_weights
3122,,,,gsea_norm,mcauroc,0.6632881164550781,0.0013054830287206266,collecTRI_weights
3123,,,,gsea_norm,mcauroc,0.6594985127449036,0.0013054830287206266,collecTRI_weights
3124,,,,gsea_norm,mcauroc,0.672640860080719,0.0013054830287206266,collecTRI_weights
3125,,,,gsea_norm,mcauroc,0.6727561950683594,0.0013054830287206266,collecTRI_weights
3126,,,,gsea_norm,mcauroc,0.6390849351882935,0.0013054830287206266,collecTRI_weights
3127,,,,gsea_norm,mcauroc,0.6737967729568481,0.0013054830287206266,collecTRI_weights
3128,,,,gsea_norm,mcauroc,0.6640975475311279,0.0013054830287206266,collecTRI_weights
3129,,,,gsea_norm,mcauroc,0.6577897071838379,0.0013054830287206266,collecTRI_weights
3130,,,,gsea_norm,mcauroc,0.6810421943664551,0.0013054830287206266,collecTRI_weights
3131,,,,gsea_norm,mcauroc,0.6703024506568909,0.0013054830287206266,collecTRI_weights
3132,,,,gsea_norm,mcauroc,0.6789870262145996,0.0013054830287206266,collecTRI_weights
3133,,,,gsea_norm,mcauroc,0.6517903208732605,0.0013054830287206266,collecTRI_weights
3134,,,,gsea_norm,mcauroc,0.6427975296974182,0.0013054830287206266,collecTRI_weights
3135,,,,gsea_norm,mcauroc,0.6611426472663879,0.0013054830287206266,collecTRI_weights
3136,,,,gsea_norm,mcauroc,0.653601884841919,0.0013054830287206266,collecTRI_weights
3137,,,,gsea_norm,mcauroc,0.6552073955535889,0.0013054830287206266,collecTRI_weights
3138,,,,gsea_norm,mcauroc,0.6498118042945862,0.0013054830287206266,collecTRI_weights
3139,,,,gsea_norm,mcauroc,0.6566592454910278,0.0013054830287206266,collecTRI_weights
3140,,,,gsea_norm,mcauroc,0.6649323105812073,0.0013054830287206266,collecTRI_weights
3141,,,,gsea_norm,mcauroc,0.6617854237556458,0.0013054830287206266,collecTRI_weights
3142,,,,gsea_norm,mcauroc,0.6395474672317505,0.0013054830287206266,collecTRI_weights
3143,,,,gsea_norm,mcauroc,0.6597811579704285,0.0013054830287206266,collecTRI_weights
3144,,,,gsea_norm,mcauroc,0.6864124536514282,0.0013054830287206266,collecTRI_weights
3145,,,,gsea_norm,mcauroc,0.6642774939537048,0.0013054830287206266,collecTRI_weights
3146,,,,gsea_norm,mcauroc,0.6721394658088684,0.0013054830287206266,collecTRI_weights
3147,,,,gsea_norm,mcauroc,0.6671804785728455,0.0013054830287206266,collecTRI_weights
3148,,,,gsea_norm,mcauroc,0.6828153133392334,0.0013054830287206266,collecTRI_weights
3149,,,,gsea_norm,mcauroc,0.6517133116722107,0.0013054830287206266,collecTRI_weights
3150,,,,gsea_norm,mcauroc,0.6578798890113831,0.0013054830287206266,collecTRI_weights
3151,,,,gsea_norm,mcauroc,0.6506726741790771,0.0013054830287206266,collecTRI_weights
3152,,,,gsea_norm,mcauroc,0.6740152835845947,0.0013054830287206266,collecTRI_weights
3153,,,,gsea_norm,mcauroc,0.6619905233383179,0.0013054830287206266,collecTRI_weights
3154,,,,gsea_norm,mcauroc,0.6615666747093201,0.0013054830287206266,collecTRI_weights
3155,,,,gsea_norm,mcauroc,0.6627099514007568,0.0013054830287206266,collecTRI_weights
3156,,,,gsea_norm,mcauroc,0.6606418490409851,0.0013054830287206266,collecTRI_weights
3157,,,,gsea_norm,mcauroc,0.6670008301734924,0.0013054830287206266,collecTRI_weights
3158,,,,gsea_norm,mcauroc,0.6652148962020874,0.0013054830287206266,collecTRI_weights
3159,,,,gsea_norm,mcauroc,0.6823270916938782,0.0013054830287206266,collecTRI_weights
3160,,,,gsea_norm,mcauroc,0.6612970232963562,0.0013054830287206266,collecTRI_weights
3161,,,,gsea_norm,mcauroc,0.6386224627494812,0.0013054830287206266,collecTRI_weights
3162,,,,gsea_norm,mcauroc,0.6892771124839783,0.0013054830287206266,collecTRI_weights
3163,,,,gsea_norm,mcauroc,0.6499402523040771,0.0013054830287206266,collecTRI_weights
3164,,,,gsea_norm,mcauroc,0.6659217476844788,0.0013054830287206266,collecTRI_weights
3165,,,,gsea_norm,mcauroc,0.6517517566680908,0.0013054830287206266,collecTRI_weights
3166,,,,gsea_norm,mcauroc,0.6685552597045898,0.0013054830287206266,collecTRI_weights
3167,,,,gsea_norm,mcauroc,0.6603204607963562,0.0013054830287206266,collecTRI_weights
3168,,,,gsea_norm,mcauroc,0.6489514112472534,0.0013054830287206266,collecTRI_weights
3169,,,,gsea_norm,mcauroc,0.6675918698310852,0.0013054830287206266,collecTRI_weights
3170,,,,gsea_norm,mcauroc,0.6687609553337097,0.0013054830287206266,collecTRI_weights
3171,,,,gsea_norm,mcauroc,0.681928813457489,0.0013054830287206266,collecTRI_weights
3172,,,,gsea_norm,mcauroc,0.6436840891838074,0.0013054830287206266,collecTRI_weights
3173,,,,gsea_norm,mcauroc,0.65796959400177,0.0013054830287206266,collecTRI_weights
3174,,,,gsea_norm,mcauroc,0.6846780180931091,0.0013054830287206266,collecTRI_weights
3175,,,,gsea_norm,mcauroc,0.664238691329956,0.0013054830287206266,collecTRI_weights
3176,,,,gsea_norm,mcauroc,0.6512637138366699,0.0013054830287206266,collecTRI_weights
3177,,,,gsea_norm,mcauroc,0.6616693139076233,0.0013054830287206266,collecTRI_weights
3178,,,,gsea_norm,mcauroc,0.688583493232727,0.0013054830287206266,collecTRI_weights
3179,,,,gsea_norm,mcauroc,0.6706108450889587,0.0013054830287206266,collecTRI_weights
3180,,,,gsea_norm,mcauroc,0.6851021647453308,0.0013054830287206266,collecTRI_weights
3181,,,,gsea_norm,mcauroc,0.6879540085792542,0.0013054830287206266,collecTRI_weights
3182,,,,gsea_norm,mcauroc,0.683072030544281,0.0013054830287206266,collecTRI_weights
3183,,,,gsea_norm,mcauroc,0.667553186416626,0.0013054830287206266,collecTRI_weights
3184,,,,gsea_norm,mcauroc,0.6725120544433594,0.0013054830287206266,collecTRI_weights
3185,,,,gsea_norm,mcauroc,0.644210934638977,0.0013054830287206266,collecTRI_weights
3186,,,,gsea_norm,mcauroc,0.6864763498306274,0.0013054830287206266,collecTRI_weights
3187,,,,gsea_norm,mcauroc,0.6483988165855408,0.0013054830287206266,collecTRI_weights
3188,,,,gsea_norm,mcauroc,0.6453800797462463,0.0013054830287206266,collecTRI_weights
3189,,,,gsea_norm,mcauroc,0.6713432669639587,0.0013054830287206266,collecTRI_weights
3190,,,,gsea_norm,mcauroc,0.6810937523841858,0.0013054830287206266,collecTRI_weights
3191,,,,gsea_norm,mcauroc,0.6633651256561279,0.0013054830287206266,collecTRI_weights
3192,,,,gsea_norm,mcauroc,0.6792309880256653,0.0013054830287206266,collecTRI_weights
3193,,,,gsea_norm,mcauroc,0.6487711071968079,0.0013054830287206266,collecTRI_weights
3194,,,,gsea_norm,mcauroc,0.6598196625709534,0.0013054830287206266,collecTRI_weights
3195,,,,gsea_norm,mcauroc,0.6893283128738403,0.0013054830287206266,collecTRI_weights
3196,,,,gsea_norm,mcauroc,0.6778177618980408,0.0013054830287206266,collecTRI_weights
3197,,,,gsea_norm,mcauroc,0.6483475565910339,0.0013054830287206266,collecTRI_weights
3198,,,,gsea_norm,mcauroc,0.6607317328453064,0.0013054830287206266,collecTRI_weights
3199,,,,gsea_norm,mcauroc,0.6417827606201172,0.0013054830287206266,collecTRI_weights
3200,,,,gsea_norm,mcauroc,0.6599351763725281,0.0013054830287206266,collecTRI_weights
3201,,,,gsea_norm,mcauroc,0.6705724000930786,0.0013054830287206266,collecTRI_weights
3202,,,,gsea_norm,mcauroc,0.6633138656616211,0.0013054830287206266,collecTRI_weights
3203,,,,gsea_norm,mcauroc,0.6656007170677185,0.0013054830287206266,collecTRI_weights
3204,,,,gsea_norm,mcauroc,0.6670520305633545,0.0013054830287206266,collecTRI_weights
3205,,,,gsea_norm,mcauroc,0.6528823971748352,0.0013054830287206266,collecTRI_weights
3206,,,,gsea_norm,mcauroc,0.6853846311569214,0.0013054830287206266,collecTRI_weights
3207,,,,gsea_norm,mcauroc,0.6750172972679138,0.0013054830287206266,collecTRI_weights
3208,,,,gsea_norm,mcauroc,0.6813507080078125,0.0013054830287206266,collecTRI_weights
3209,,,,gsea_norm,mcauroc,0.6607444882392883,0.0013054830287206266,collecTRI_weights
3210,,,,gsea_norm,mcauroc,0.6680671572685242,0.0013054830287206266,collecTRI_weights
3211,,,,gsea_norm,mcauroc,0.665549099445343,0.0013054830287206266,collecTRI_weights
3212,,,,gsea_norm,mcauroc,0.6772271394729614,0.0013054830287206266,collecTRI_weights
3213,,,,gsea_norm,mcauroc,0.6658958196640015,0.0013054830287206266,collecTRI_weights
3214,,,,gsea_norm,mcauroc,0.6627099514007568,0.0013054830287206266,collecTRI_weights
3215,,,,gsea_norm,mcauroc,0.6544238328933716,0.0013054830287206266,collecTRI_weights
3216,,,,gsea_norm,mcauroc,0.6358218789100647,0.0013054830287206266,collecTRI_weights
3217,,,,gsea_norm,mcauroc,0.6711374521255493,0.0013054830287206266,collecTRI_weights
3218,,,,gsea_norm,mcauroc,0.6779077649116516,0.0013054830287206266,collecTRI_weights
3219,,,,gsea_norm,mcauroc,0.6675536036491394,0.0013054830287206266,collecTRI_weights
3220,,,,gsea_norm,mcauroc,0.6583163142204285,0.0013054830287206266,collecTRI_weights
3221,,,,gsea_norm,mcauroc,0.6625043153762817,0.0013054830287206266,collecTRI_weights
3222,,,,gsea_norm,mcauroc,0.665009617805481,0.0013054830287206266,collecTRI_weights
3223,,,,gsea_norm,mcauroc,0.6909858584403992,0.0013054830287206266,collecTRI_weights
3224,,,,gsea_norm,mcauroc,0.6886733174324036,0.0013054830287206266,collecTRI_weights
3225,,,,gsea_norm,mcauroc,0.6649324297904968,0.0013054830287206266,collecTRI_weights
3226,,,,gsea_norm,mcauroc,0.6888275742530823,0.0013054830287206266,collecTRI_weights
3227,,,,gsea_norm,mcauroc,0.647936224937439,0.0013054830287206266,collecTRI_weights
3228,,,,gsea_norm,mcauroc,0.6817490458488464,0.0013054830287206266,collecTRI_weights
3229,,,,gsea_norm,mcauroc,0.6761091351509094,0.0013054830287206266,collecTRI_weights
3230,,,,gsea_norm,mcauroc,0.6376076340675354,0.0013054830287206266,collecTRI_weights
3231,,,,gsea_norm,mcauroc,0.6728460788726807,0.0013054830287206266,collecTRI_weights
3232,,,,gsea_norm,mcauroc,0.680746853351593,0.0013054830287206266,collecTRI_weights
3233,,,,gsea_norm,mcauroc,0.6653180122375488,0.0013054830287206266,collecTRI_weights
3234,,,,gsea_norm,mcauroc,0.6661144495010376,0.0013054830287206266,collecTRI_weights
3235,,,,gsea_norm,mcauroc,0.6614897847175598,0.0013054830287206266,collecTRI_weights
3236,,,,gsea_norm,mcauroc,0.6893026232719421,0.0013054830287206266,collecTRI_weights
3237,,,,gsea_norm,mcauroc,0.6867849230766296,0.0013054830287206266,collecTRI_weights
3238,,,,gsea_norm,mcauroc,0.6851403713226318,0.0013054830287206266,collecTRI_weights
3239,,,,gsea_norm,mcauroc,0.64112788438797,0.0013054830287206266,collecTRI_weights
3240,,,,gsea_norm,mcauroc,0.6583548188209534,0.0013054830287206266,collecTRI_weights
3241,,,,gsea_norm,mcauroc,0.6683623194694519,0.0013054830287206266,collecTRI_weights
3242,,,,gsea_norm,mcauroc,0.6750429272651672,0.0013054830287206266,collecTRI_weights
3243,,,,gsea_norm,mcauroc,0.6707649230957031,0.0013054830287206266,collecTRI_weights
3244,,,,gsea_norm,mcauroc,0.6522656083106995,0.0013054830287206266,collecTRI_weights
3245,,,,gsea_norm,mcauroc,0.6510193347930908,0.0013054830287206266,collecTRI_weights
3246,,,,gsea_norm,mcauroc,0.6559653878211975,0.0013054830287206266,collecTRI_weights
3247,,,,gsea_norm,mcauroc,0.6721010804176331,0.0013054830287206266,collecTRI_weights
3248,,,,gsea_norm,mcauroc,0.6530752182006836,0.0013054830287206266,collecTRI_weights
3249,,,,gsea_norm,mcauroc,0.6556187272071838,0.0013054830287206266,collecTRI_weights
3250,,,,gsea_norm,mcauroc,0.6701741814613342,0.0013054830287206266,collecTRI_weights
3251,,,,gsea_norm,mcauroc,0.6783446073532104,0.0013054830287206266,collecTRI_weights
3252,,,,gsea_norm,mcauroc,0.6624532341957092,0.0013054830287206266,collecTRI_weights
3253,,,,gsea_norm,mcauroc,0.6343828439712524,0.0013054830287206266,collecTRI_weights
3254,,,,gsea_norm,mcauroc,0.6743878126144409,0.0013054830287206266,collecTRI_weights
3255,,,,gsea_norm,mcauroc,0.6443134546279907,0.0013054830287206266,collecTRI_weights
3256,,,,gsea_norm,mcauroc,0.6576743125915527,0.0013054830287206266,collecTRI_weights
3257,,,,gsea_norm,mcauroc,0.6418212056159973,0.0013054830287206266,collecTRI_weights
3258,,,,gsea_norm,mcauroc,0.6599801778793335,0.0013054830287206266,collecTRI_weights
3259,,,,gsea_norm,mcauroc,0.6745160818099976,0.0013054830287206266,collecTRI_weights
3260,,,,gsea_norm,mcauroc,0.6680156588554382,0.0013054830287206266,collecTRI_weights
3261,,,,gsea_norm,mcauroc,0.675839364528656,0.0013054830287206266,collecTRI_weights
3262,,,,gsea_norm,mcauroc,0.6459708213806152,0.0013054830287206266,collecTRI_weights
3263,,,,gsea_norm,mcauroc,0.6879921555519104,0.0013054830287206266,collecTRI_weights
3264,,,,gsea_norm,mcauroc,0.6555542945861816,0.0013054830287206266,collecTRI_weights
3265,,,,gsea_norm,mcauroc,0.6694802045822144,0.0013054830287206266,collecTRI_weights
3266,,,,gsea_norm,mcauroc,0.6727689504623413,0.0013054830287206266,collecTRI_weights
3267,,,,gsea_norm,mcauroc,0.6666412353515625,0.0013054830287206266,collecTRI_weights
3268,,,,gsea_norm,mcauroc,0.6698140501976013,0.0013054830287206266,collecTRI_weights
3269,,,,gsea_norm,mcauroc,0.6600250005722046,0.0013054830287206266,collecTRI_weights
3270,,,,gsea_norm,mcauroc,0.6563252806663513,0.0013054830287206266,collecTRI_weights
3271,,,,gsea_norm,mcauroc,0.666024386882782,0.0013054830287206266,collecTRI_weights
3272,,,,gsea_norm,mcauroc,0.665908932685852,0.0013054830287206266,collecTRI_weights
3273,,,,gsea_norm,mcauroc,0.6717796325683594,0.0013054830287206266,collecTRI_weights
3274,,,,gsea_norm,mcauroc,0.6860651969909668,0.0013054830287206266,collecTRI_weights
3275,,,,gsea_norm,mcauroc,0.659280002117157,0.0013054830287206266,collecTRI_weights
3276,,,,gsea_norm,mcauroc,0.6764172911643982,0.0013054830287206266,collecTRI_weights
3277,,,,gsea_norm,mcauroc,0.6687737703323364,0.0013054830287206266,collecTRI_weights
3278,,,,gsea_norm,mcauroc,0.6649195551872253,0.0013054830287206266,collecTRI_weights
3279,,,,gsea_norm,mcauroc,0.65130215883255,0.0013054830287206266,collecTRI_weights
3280,,,,gsea_norm,mcauroc,0.6673219203948975,0.0013054830287206266,collecTRI_weights
3281,,,,gsea_norm,mcauroc,0.6712532639503479,0.0013054830287206266,collecTRI_weights
3282,,,,gsea_norm,mcauroc,0.6646628379821777,0.0013054830287206266,collecTRI_weights
3283,,,,gsea_norm,mcauroc,0.6620163321495056,0.0013054830287206266,collecTRI_weights
3284,,,,gsea_norm,mcauroc,0.668619692325592,0.0013054830287206266,collecTRI_weights
3285,,,,gsea_norm,mcauroc,0.67267906665802,0.0013054830287206266,collecTRI_weights
3286,,,,gsea_norm,mcauroc,0.6482575535774231,0.0013054830287206266,collecTRI_weights
3287,,,,gsea_norm,mcauroc,0.6738738417625427,0.0013054830287206266,collecTRI_weights
3288,,,,gsea_norm,mcauroc,0.6607316732406616,0.0013054830287206266,collecTRI_weights
3289,,,,gsea_norm,mcauroc,0.6831490397453308,0.0013054830287206266,collecTRI_weights
3290,,,,gsea_norm,mcauroc,0.6352179050445557,0.0013054830287206266,collecTRI_weights
3291,,,,gsea_norm,mcauroc,0.6636093258857727,0.0013054830287206266,collecTRI_weights
3292,,,,gsea_norm,mcauroc,0.6497862339019775,0.0013054830287206266,collecTRI_weights
3293,,,,gsea_norm,mcauroc,0.6849605441093445,0.0013054830287206266,collecTRI_weights
3294,,,,gsea_norm,mcauroc,0.6732829213142395,0.0013054830287206266,collecTRI_weights
3295,,,,gsea_norm,mcauroc,0.651340663433075,0.0013054830287206266,collecTRI_weights
3296,,,,gsea_norm,mcauroc,0.672024130821228,0.0013054830287206266,collecTRI_weights
3297,,,,gsea_norm,mcauroc,0.6656007766723633,0.0013054830287206266,collecTRI_weights
3298,,,,gsea_norm,mcauroc,0.6399584412574768,0.0013054830287206266,collecTRI_weights
3299,,,,gsea_norm,mcauroc,0.6842283606529236,0.0013054830287206266,collecTRI_weights
3300,,,,gsea_norm,mcauroc,0.6911653876304626,0.0013054830287206266,collecTRI_weights
3301,,,,gsea_norm,mcauroc,0.6710216999053955,0.0013054830287206266,collecTRI_weights
3302,,,,gsea_norm,mcauroc,0.6439152359962463,0.0013054830287206266,collecTRI_weights
3303,,,,gsea_norm,mcauroc,0.643838107585907,0.0013054830287206266,collecTRI_weights
3304,,,,gsea_norm,mcauroc,0.6657674908638,0.0013054830287206266,collecTRI_weights
3305,,,,gsea_norm,mcauroc,0.6600121855735779,0.0013054830287206266,collecTRI_weights
3306,,,,gsea_norm,mcauroc,0.6654078960418701,0.0013054830287206266,collecTRI_weights
3307,,,,gsea_norm,mcauroc,0.6667824983596802,0.0013054830287206266,collecTRI_weights
3308,,,,gsea_norm,mcauroc,0.6902660727500916,0.0013054830287206266,collecTRI_weights
3309,,,,gsea_norm,mcauroc,0.6941973567008972,0.0013054830287206266,collecTRI_weights
3310,,,,gsea_norm,mcauroc,0.6547837257385254,0.0013054830287206266,collecTRI_weights
3311,,,,gsea_norm,mcauroc,0.6681955456733704,0.0013054830287206266,collecTRI_weights
3312,,,,gsea_norm,mcauroc,0.6783445477485657,0.0013054830287206266,collecTRI_weights
3313,,,,gsea_norm,mcauroc,0.6705980896949768,0.0013054830287206266,collecTRI_weights
3314,,,,gsea_norm,mcauroc,0.6858727335929871,0.0013054830287206266,collecTRI_weights
3315,,,,gsea_norm,mcauroc,0.657147228717804,0.0013054830287206266,collecTRI_weights
3316,,,,gsea_norm,mcauroc,0.6771370768547058,0.0013054830287206266,collecTRI_weights
3317,,,,gsea_norm,mcauroc,0.6538841128349304,0.0013054830287206266,collecTRI_weights
3318,,,,gsea_norm,mcauroc,0.6757495999336243,0.0013054830287206266,collecTRI_weights
3319,,,,gsea_norm,mcauroc,0.6639690399169922,0.0013054830287206266,collecTRI_weights
3320,,,,gsea_norm,mcauroc,0.7024063467979431,0.0013054830287206266,collecTRI_weights
3321,,,,gsea_norm,mcauroc,0.6626585721969604,0.0013054830287206266,collecTRI_weights
3322,,,,gsea_norm,mcauroc,0.6849220991134644,0.0013054830287206266,collecTRI_weights
3323,,,,gsea_norm,mcauroc,0.6602692008018494,0.0013054830287206266,collecTRI_weights
3324,,,,gsea_norm,mcauroc,0.6555670499801636,0.0013054830287206266,collecTRI_weights
3325,,,,gsea_norm,mcauroc,0.6731672286987305,0.0013054830287206266,collecTRI_weights
3326,,,,gsea_norm,mcauroc,0.6830848455429077,0.0013054830287206266,collecTRI_weights
3327,,,,gsea_norm,mcauroc,0.6807851791381836,0.0013054830287206266,collecTRI_weights
3328,,,,gsea_norm,mcauroc,0.6830720901489258,0.0013054830287206266,collecTRI_weights
3329,,,,gsea_norm,mcauroc,0.6521373391151428,0.0013054830287206266,collecTRI_weights
3330,,,,gsea_norm,mcauroc,0.6728976964950562,0.0013054830287206266,collecTRI_weights
3331,,,,gsea_norm,mcauroc,0.6625430583953857,0.0013054830287206266,collecTRI_weights
3332,,,,gsea_norm,mcauroc,0.6699812412261963,0.0013054830287206266,collecTRI_weights
3333,,,,gsea_norm,mcauroc,0.662530243396759,0.0013054830287206266,collecTRI_weights
3334,,,,gsea_norm,mcauroc,0.6623632311820984,0.0013054830287206266,collecTRI_weights
3335,,,,gsea_norm,mcauroc,0.657520055770874,0.0013054830287206266,collecTRI_weights
3336,,,,gsea_norm,mcauroc,0.6568005681037903,0.0013054830287206266,collecTRI_weights
3337,,,,gsea_norm,mcauroc,0.6552847623825073,0.0013054830287206266,collecTRI_weights
3338,,,,gsea_norm,mcauroc,0.6700712442398071,0.0013054830287206266,collecTRI_weights
3339,,,,gsea_norm,mcauroc,0.6653051972389221,0.0013054830287206266,collecTRI_weights
3340,,,,gsea_norm,mcauroc,0.6589075922966003,0.0013054830287206266,collecTRI_weights
3341,,,,gsea_norm,mcauroc,0.6620162129402161,0.0013054830287206266,collecTRI_weights
3342,,,,gsea_norm,mcauroc,0.6631980538368225,0.0013054830287206266,collecTRI_weights
3343,,,,gsea_norm,mcauroc,0.6821600198745728,0.0013054830287206266,collecTRI_weights
3344,,,,gsea_norm,mcauroc,0.6552976965904236,0.0013054830287206266,collecTRI_weights
3345,,,,gsea_norm,mcauroc,0.6714714765548706,0.0013054830287206266,collecTRI_weights
3346,,,,gsea_norm,mcauroc,0.6660372018814087,0.0013054830287206266,collecTRI_weights
3347,,,,gsea_norm,mcauroc,0.6498119235038757,0.0013054830287206266,collecTRI_weights
3348,,,,gsea_norm,mcauroc,0.7007619738578796,0.0013054830287206266,collecTRI_weights
3349,,,,gsea_norm,mcauroc,0.6754926443099976,0.0013054830287206266,collecTRI_weights
3350,,,,gsea_norm,mcauroc,0.6338435411453247,0.0013054830287206266,collecTRI_weights
3351,,,,gsea_norm,mcauroc,0.6725633144378662,0.0013054830287206266,collecTRI_weights
3352,,,,gsea_norm,mcauroc,0.6881719827651978,0.0013054830287206266,collecTRI_weights
3353,,,,gsea_norm,mcauroc,0.6434271335601807,0.0013054830287206266,collecTRI_weights
3354,,,,gsea_norm,mcauroc,0.6764046549797058,0.0013054830287206266,collecTRI_weights
3355,,,,gsea_norm,mcauroc,0.6574044823646545,0.0013054830287206266,collecTRI_weights
3356,,,,gsea_norm,mcauroc,0.662067711353302,0.0013054830287206266,collecTRI_weights
3357,,,,gsea_norm,mcauroc,0.6458552479743958,0.0013054830287206266,collecTRI_weights
3358,,,,gsea_norm,mcauroc,0.6541411280632019,0.0013054830287206266,collecTRI_weights
3359,,,,gsea_norm,mcauroc,0.6396888494491577,0.0013054830287206266,collecTRI_weights
3360,,,,gsea_norm,mcauroc,0.6616693735122681,0.0013054830287206266,collecTRI_weights
3361,,,,gsea_norm,mcauroc,0.6444163918495178,0.0013054830287206266,collecTRI_weights
3362,,,,gsea_norm,mcauroc,0.6451485753059387,0.0013054830287206266,collecTRI_weights
3363,,,,gsea_norm,mcauroc,0.6594983339309692,0.0013054830287206266,collecTRI_weights
3364,,,,gsea_norm,mcauroc,0.6652924418449402,0.0013054830287206266,collecTRI_weights
3365,,,,gsea_norm,mcauroc,0.6809910535812378,0.0013054830287206266,collecTRI_weights
3366,,,,gsea_norm,mcauroc,0.674310564994812,0.0013054830287206266,collecTRI_weights
3367,,,,gsea_norm,mcauroc,0.6397657990455627,0.0013054830287206266,collecTRI_weights
3368,,,,gsea_norm,mcauroc,0.637556254863739,0.0013054830287206266,collecTRI_weights
3369,,,,gsea_norm,mcauroc,0.6925145387649536,0.0013054830287206266,collecTRI_weights
3370,,,,gsea_norm,mcauroc,0.6529849767684937,0.0013054830287206266,collecTRI_weights
3371,,,,gsea_norm,mcauroc,0.6929769515991211,0.0013054830287206266,collecTRI_weights
3372,,,,gsea_norm,mcauroc,0.6706749796867371,0.0013054830287206266,collecTRI_weights
3373,,,,gsea_norm,mcauroc,0.6912169456481934,0.0013054830287206266,collecTRI_weights
3374,,,,gsea_norm,mcauroc,0.6464073657989502,0.0013054830287206266,collecTRI_weights
3375,,,,gsea_norm,mcauroc,0.665497899055481,0.0013054830287206266,collecTRI_weights
3376,,,,gsea_norm,mcauroc,0.6358604431152344,0.0013054830287206266,collecTRI_weights
3377,,,,gsea_norm,mcauroc,0.6719855666160583,0.0013054830287206266,collecTRI_weights
3378,,,,gsea_norm,mcauroc,0.6825841069221497,0.0013054830287206266,collecTRI_weights
3379,,,,gsea_norm,mcauroc,0.7008389234542847,0.0013054830287206266,collecTRI_weights
3380,,,,gsea_norm,mcauroc,0.651572048664093,0.0013054830287206266,collecTRI_weights
3381,,,,gsea_norm,mcauroc,0.6719341278076172,0.0013054830287206266,collecTRI_weights
3382,,,,gsea_norm,mcauroc,0.6606802940368652,0.0013054830287206266,collecTRI_weights
3383,,,,gsea_norm,mcauroc,0.6708035469055176,0.0013054830287206266,collecTRI_weights
3384,,,,gsea_norm,mcauroc,0.6602818965911865,0.0013054830287206266,collecTRI_weights
3385,,,,gsea_norm,mcauroc,0.6611171364784241,0.0013054830287206266,collecTRI_weights
3386,,,,gsea_norm,mcauroc,0.6668210029602051,0.0013054830287206266,collecTRI_weights
3387,,,,gsea_norm,mcauroc,0.6983724236488342,0.0013054830287206266,collecTRI_weights
3388,,,,gsea_norm,mcauroc,0.6835731863975525,0.0013054830287206266,collecTRI_weights
3389,,,,gsea_norm,mcauroc,0.6768671274185181,0.0013054830287206266,collecTRI_weights
3390,,,,gsea_norm,mcauroc,0.6688891053199768,0.0013054830287206266,collecTRI_weights
3391,,,,gsea_norm,mcauroc,0.6593313813209534,0.0013054830287206266,collecTRI_weights
3392,,,,gsea_norm,mcauroc,0.6566207408905029,0.0013054830287206266,collecTRI_weights
3393,,,,gsea_norm,mcauroc,0.636528491973877,0.0013054830287206266,collecTRI_weights
3394,,,,gsea_norm,mcauroc,0.6671547889709473,0.0013054830287206266,collecTRI_weights
3395,,,,gsea_norm,mcauroc,0.6624402403831482,0.0013054830287206266,collecTRI_weights
3396,,,,gsea_norm,mcauroc,0.6677457690238953,0.0013054830287206266,collecTRI_weights
3397,,,,gsea_norm,mcauroc,0.652612566947937,0.0013054830287206266,collecTRI_weights
3398,,,,gsea_norm,mcauroc,0.6685938835144043,0.0013054830287206266,collecTRI_weights
3399,,,,gsea_norm,mcauroc,0.67106032371521,0.0013054830287206266,collecTRI_weights
3400,,,,gsea_norm,mcauroc,0.6725892424583435,0.0013054830287206266,collecTRI_weights
3401,,,,gsea_norm,mcauroc,0.6390078663825989,0.0013054830287206266,collecTRI_weights
3402,,,,gsea_norm,mcauroc,0.6527665257453918,0.0013054830287206266,collecTRI_weights
3403,,,,gsea_norm,mcauroc,0.6568519473075867,0.0013054830287206266,collecTRI_weights
3404,,,,gsea_norm,mcauroc,0.6718438863754272,0.0013054830287206266,collecTRI_weights
3405,,,,gsea_norm,mcauroc,0.6593827605247498,0.0013054830287206266,collecTRI_weights
3406,,,,gsea_norm,mcauroc,0.664970874786377,0.0013054830287206266,collecTRI_weights
3407,,,,gsea_norm,mcauroc,0.6410889625549316,0.0013054830287206266,collecTRI_weights
3408,,,,gsea_norm,mcauroc,0.6560812592506409,0.0013054830287206266,collecTRI_weights
3409,,,,gsea_norm,mcauroc,0.6567751169204712,0.0013054830287206266,collecTRI_weights
3410,,,,gsea_norm,mcauroc,0.6742203831672668,0.0013054830287206266,collecTRI_weights
3411,,,,gsea_norm,mcauroc,0.650119960308075,0.0013054830287206266,collecTRI_weights
3412,,,,gsea_norm,mcauroc,0.6835344433784485,0.0013054830287206266,collecTRI_weights
3413,,,,gsea_norm,mcauroc,0.6717286705970764,0.0013054830287206266,collecTRI_weights
3414,,,,gsea_norm,mcauroc,0.6619777679443359,0.0013054830287206266,collecTRI_weights
3415,,,,gsea_norm,mcauroc,0.6692746877670288,0.0013054830287206266,collecTRI_weights
3416,,,,gsea_norm,mcauroc,0.66561359167099,0.0013054830287206266,collecTRI_weights
3417,,,,gsea_norm,mcauroc,0.6676174998283386,0.0013054830287206266,collecTRI_weights
3418,,,,gsea_norm,mcauroc,0.6490541696548462,0.0013054830287206266,collecTRI_weights
3419,,,,gsea_norm,mcauroc,0.6839586496353149,0.0013054830287206266,collecTRI_weights
3420,,,,gsea_norm,mcauroc,0.6814018487930298,0.0013054830287206266,collecTRI_weights
3421,,,,gsea_norm,mcauroc,0.6838814616203308,0.0013054830287206266,collecTRI_weights
3422,,,,gsea_norm,mcauroc,0.6673348546028137,0.0013054830287206266,collecTRI_weights
3423,,,,gsea_norm,mcauroc,0.6593570709228516,0.0013054830287206266,collecTRI_weights
3424,,,,gsea_norm,mcauroc,0.671047568321228,0.0013054830287206266,collecTRI_weights
3425,,,,gsea_norm,mcauroc,0.6632751226425171,0.0013054830287206266,collecTRI_weights
3426,,,,gsea_norm,mcauroc,0.6361045241355896,0.0013054830287206266,collecTRI_weights
3427,,,,gsea_norm,mcauroc,0.6770727038383484,0.0013054830287206266,collecTRI_weights
3428,,,,gsea_norm,mcauroc,0.651674747467041,0.0013054830287206266,collecTRI_weights
3429,,,,gsea_norm,mcauroc,0.6583164930343628,0.0013054830287206266,collecTRI_weights
3430,,,,gsea_norm,mcauroc,0.6729230284690857,0.0013054830287206266,collecTRI_weights
3431,,,,gsea_norm,mcauroc,0.6583163142204285,0.0013054830287206266,collecTRI_weights
3432,,,,gsea_norm,mcauroc,0.6612969636917114,0.0013054830287206266,collecTRI_weights
3433,,,,gsea_norm,mcauroc,0.6644570827484131,0.0013054830287206266,collecTRI_weights
3434,,,,gsea_norm,mcauroc,0.6663201451301575,0.0013054830287206266,collecTRI_weights
3435,,,,gsea_norm,mcauroc,0.6896626353263855,0.0013054830287206266,collecTRI_weights
3436,,,,gsea_norm,mcauroc,0.6766613125801086,0.0013054830287206266,collecTRI_weights
3437,,,,gsea_norm,mcauroc,0.6654590368270874,0.0013054830287206266,collecTRI_weights
3438,,,,gsea_norm,mcauroc,0.6619906425476074,0.0013054830287206266,collecTRI_weights
3439,,,,gsea_norm,mcauroc,0.6592928171157837,0.0013054830287206266,collecTRI_weights
3440,,,,gsea_norm,mcauroc,0.6708802580833435,0.0013054830287206266,collecTRI_weights
3441,,,,gsea_norm,mcauroc,0.6590487957000732,0.0013054830287206266,collecTRI_weights
3442,,,,gsea_norm,mcauroc,0.6685680150985718,0.0013054830287206266,collecTRI_weights
3443,,,,gsea_norm,mcauroc,0.6381983757019043,0.0013054830287206266,collecTRI_weights
3444,,,,gsea_norm,mcauroc,0.6549251675605774,0.0013054830287206266,collecTRI_weights
3445,,,,gsea_norm,mcauroc,0.6619265675544739,0.0013054830287206266,collecTRI_weights
3446,,,,gsea_norm,mcauroc,0.6868231296539307,0.0013054830287206266,collecTRI_weights
3447,,,,gsea_norm,mcauroc,0.6832647323608398,0.0013054830287206266,collecTRI_weights
3448,,,,gsea_norm,mcauroc,0.6665640473365784,0.0013054830287206266,collecTRI_weights
3449,,,,gsea_norm,mcauroc,0.6770598888397217,0.0013054830287206266,collecTRI_weights
3450,,,,gsea_norm,mcauroc,0.6721908450126648,0.0013054830287206266,collecTRI_weights
3451,,,,gsea_norm,mcauroc,0.6755697131156921,0.0013054830287206266,collecTRI_weights
3452,,,,gsea_norm,mcauroc,0.6582009196281433,0.0013054830287206266,collecTRI_weights
3453,,,,gsea_norm,mcauroc,0.6476667523384094,0.0013054830287206266,collecTRI_weights
3454,,,,gsea_norm,mcauroc,0.6650223731994629,0.0013054830287206266,collecTRI_weights
3455,,,,gsea_norm,mcauroc,0.6451228260993958,0.0013054830287206266,collecTRI_weights
3456,,,,gsea_norm,mcauroc,0.6642518043518066,0.0013054830287206266,collecTRI_weights
3457,,,,gsea_norm,mcauroc,0.6513791680335999,0.0013054830287206266,collecTRI_weights
3458,,,,gsea_norm,mcauroc,0.687337338924408,0.0013054830287206266,collecTRI_weights
3459,,,,gsea_norm,mcauroc,0.6735396385192871,0.0013054830287206266,collecTRI_weights
3460,,,,gsea_norm,mcauroc,0.6689407825469971,0.0013054830287206266,collecTRI_weights
3461,,,,gsea_norm,mcauroc,0.6550534963607788,0.0013054830287206266,collecTRI_weights
3462,,,,gsea_norm,mcauroc,0.6784088611602783,0.0013054830287206266,collecTRI_weights
3463,,,,gsea_norm,mcauroc,0.6543599367141724,0.0013054830287206266,collecTRI_weights
3464,,,,gsea_norm,mcauroc,0.665317952632904,0.0013054830287206266,collecTRI_weights
3465,,,,gsea_norm,mcauroc,0.6459836363792419,0.0013054830287206266,collecTRI_weights
3466,,,,gsea_norm,mcauroc,0.6411274075508118,0.0013054830287206266,collecTRI_weights
3467,,,,gsea_norm,mcauroc,0.6606160998344421,0.0013054830287206266,collecTRI_weights
3468,,,,gsea_norm,mcauroc,0.670739471912384,0.0013054830287206266,collecTRI_weights
3469,,,,gsea_norm,mcauroc,0.6810807585716248,0.0013054830287206266,collecTRI_weights
3470,,,,gsea_norm,mcauroc,0.6598581671714783,0.0013054830287206266,collecTRI_weights
3471,,,,gsea_norm,mcauroc,0.6440437436103821,0.0013054830287206266,collecTRI_weights
3472,,,,gsea_norm,mcauroc,0.6654079556465149,0.0013054830287206266,collecTRI_weights
3473,,,,gsea_norm,mcauroc,0.6608985066413879,0.0013054830287206266,collecTRI_weights
3474,,,,gsea_norm,mcauroc,0.6695955395698547,0.0013054830287206266,collecTRI_weights
3475,,,,gsea_norm,mcauroc,0.6868491768836975,0.0013054830287206266,collecTRI_weights
3476,,,,gsea_norm,mcauroc,0.662286102771759,0.0013054830287206266,collecTRI_weights
3477,,,,gsea_norm,mcauroc,0.6742720603942871,0.0013054830287206266,collecTRI_weights
3478,,,,gsea_norm,mcauroc,0.6896498203277588,0.0013054830287206266,collecTRI_weights
3479,,,,gsea_norm,mcauroc,0.6559011936187744,0.0013054830287206266,collecTRI_weights
3480,,,,gsea_norm,mcauroc,0.6500688791275024,0.0013054830287206266,collecTRI_weights
3481,,,,gsea_norm,mcauroc,0.674336314201355,0.0013054830287206266,collecTRI_weights
3482,,,,gsea_norm,mcauroc,0.6637763977050781,0.0013054830287206266,collecTRI_weights
3483,,,,gsea_norm,mcauroc,0.6967537999153137,0.0013054830287206266,collecTRI_weights
3484,,,,gsea_norm,mcauroc,0.6621704697608948,0.0013054830287206266,collecTRI_weights
3485,,,,gsea_norm,mcauroc,0.656389594078064,0.0013054830287206266,collecTRI_weights
3486,,,,gsea_norm,mcauroc,0.6582651734352112,0.0013054830287206266,collecTRI_weights
3487,,,,gsea_norm,mcauroc,0.6761348843574524,0.0013054830287206266,collecTRI_weights
3488,,,,gsea_norm,mcauroc,0.6918594837188721,0.0013054830287206266,collecTRI_weights
3489,,,,gsea_norm,mcauroc,0.6803227663040161,0.0013054830287206266,collecTRI_weights
3490,,,,gsea_norm,mcauroc,0.6747732758522034,0.0013054830287206266,collecTRI_weights
3491,,,,gsea_norm,mcauroc,0.6612840294837952,0.0013054830287206266,collecTRI_weights
3492,,,,gsea_norm,mcauroc,0.6644957661628723,0.0013054830287206266,collecTRI_weights
3493,,,,gsea_norm,mcauroc,0.6791669130325317,0.0013054830287206266,collecTRI_weights
3494,,,,gsea_norm,mcauroc,0.6551434397697449,0.0013054830287206266,collecTRI_weights
3495,,,,gsea_norm,mcauroc,0.6533448100090027,0.0013054830287206266,collecTRI_weights
3496,,,,gsea_norm,mcauroc,0.6831108331680298,0.0013054830287206266,collecTRI_weights
3497,,,,gsea_norm,mcauroc,0.6496320962905884,0.0013054830287206266,collecTRI_weights
3498,,,,gsea_norm,mcauroc,0.6565435528755188,0.0013054830287206266,collecTRI_weights
3499,,,,gsea_norm,mcauroc,0.6853974461555481,0.0013054830287206266,collecTRI_weights
3500,,,,gsea_norm,mcauroc,0.65921550989151,0.0013054830287206266,collecTRI_weights
3501,,,,gsea_norm,mcauroc,0.6748890280723572,0.0013054830287206266,collecTRI_weights
3502,,,,gsea_norm,mcauroc,0.6486045122146606,0.0013054830287206266,collecTRI_weights
3503,,,,gsea_norm,mcauroc,0.6828667521476746,0.0013054830287206266,collecTRI_weights
3504,,,,gsea_norm,mcauroc,0.6604876518249512,0.0013054830287206266,collecTRI_weights
3505,,,,gsea_norm,mcauroc,0.6764559745788574,0.0013054830287206266,collecTRI_weights
3506,,,,gsea_norm,mcauroc,0.6788326501846313,0.0013054830287206266,collecTRI_weights
3507,,,,gsea_norm,mcauroc,0.6521117091178894,0.0013054830287206266,collecTRI_weights
3508,,,,gsea_norm,mcauroc,0.6593700051307678,0.0013054830287206266,collecTRI_weights
3509,,,,gsea_norm,mcauroc,0.6617079973220825,0.0013054830287206266,collecTRI_weights
3510,,,,gsea_norm,mcauroc,0.6519573330879211,0.0013054830287206266,collecTRI_weights
3511,,,,gsea_norm,mcauroc,0.6751713752746582,0.0013054830287206266,collecTRI_weights
3512,,,,gsea_norm,mcauroc,0.6654976606369019,0.0013054830287206266,collecTRI_weights
3513,,,,gsea_norm,mcauroc,0.6812093257904053,0.0013054830287206266,collecTRI_weights
3514,,,,gsea_norm,mcauroc,0.64943927526474,0.0013054830287206266,collecTRI_weights
3515,,,,gsea_norm,mcauroc,0.6713497042655945,0.0013054830287206266,collecTRI_weights
3516,,,,gsea_norm,mcauroc,0.6698787212371826,0.0013054830287206266,collecTRI_weights
3517,,,,gsea_norm,mcauroc,0.650274395942688,0.0013054830287206266,collecTRI_weights
3518,,,,gsea_norm,mcauroc,0.664598822593689,0.0013054830287206266,collecTRI_weights
3519,,,,gsea_norm,mcauroc,0.6538202166557312,0.0013054830287206266,collecTRI_weights
3520,,,,gsea_norm,mcauroc,0.6590615510940552,0.0013054830287206266,collecTRI_weights
3521,,,,gsea_norm,mcauroc,0.6635450720787048,0.0013054830287206266,collecTRI_weights
3522,,,,gsea_norm,mcauroc,0.6635066866874695,0.0013054830287206266,collecTRI_weights
3523,,,,gsea_norm,mcauroc,0.6472426056861877,0.0013054830287206266,collecTRI_weights
3524,,,,gsea_norm,mcauroc,0.6627742052078247,0.0013054830287206266,collecTRI_weights
3525,,,,gsea_norm,mcauroc,0.6634169220924377,0.0013054830287206266,collecTRI_weights
3526,,,,gsea_norm,mcauroc,0.6720625162124634,0.0013054830287206266,collecTRI_weights
3527,,,,gsea_norm,mcauroc,0.6714844703674316,0.0013054830287206266,collecTRI_weights
3528,,,,gsea_norm,mcauroc,0.6825453042984009,0.0013054830287206266,collecTRI_weights
3529,,,,gsea_norm,mcauroc,0.6745291352272034,0.0013054830287206266,collecTRI_weights
3530,,,,gsea_norm,mcauroc,0.6443907618522644,0.0013054830287206266,collecTRI_weights
3531,,,,gsea_norm,mcauroc,0.6758779883384705,0.0013054830287206266,collecTRI_weights
3532,,,,gsea_norm,mcauroc,0.6698272228240967,0.0013054830287206266,collecTRI_weights
3533,,,,gsea_norm,mcauroc,0.6602306962013245,0.0013054830287206266,collecTRI_weights
3534,,,,gsea_norm,mcauroc,0.6667824387550354,0.0013054830287206266,collecTRI_weights
3535,,,,gsea_norm,mcauroc,0.6883004903793335,0.0013054830287206266,collecTRI_weights
3536,,,,gsea_norm,mcauroc,0.6963300704956055,0.0013054830287206266,collecTRI_weights
3537,,,,gsea_norm,mcauroc,0.6718695163726807,0.0013054830287206266,collecTRI_weights
3538,,,,gsea_norm,mcauroc,0.6959962248802185,0.0013054830287206266,collecTRI_weights
3539,,,,gsea_norm,mcauroc,0.6425663232803345,0.0013054830287206266,collecTRI_weights
3540,,,,gsea_norm,mcauroc,0.6774581670761108,0.0013054830287206266,collecTRI_weights
3541,,,,gsea_norm,mcauroc,0.6855899691581726,0.0013054830287206266,collecTRI_weights
3542,,,,gsea_norm,mcauroc,0.6544366478919983,0.0013054830287206266,collecTRI_weights
3543,,,,gsea_norm,mcauroc,0.6456496119499207,0.0013054830287206266,collecTRI_weights
3544,,,,gsea_norm,mcauroc,0.6338692307472229,0.0013054830287206266,collecTRI_weights
3545,,,,gsea_norm,mcauroc,0.6881465315818787,0.0013054830287206266,collecTRI_weights
3546,,,,gsea_norm,mcauroc,0.6784088611602783,0.0013054830287206266,collecTRI_weights
3547,,,,gsea_norm,mcauroc,0.6617723107337952,0.0013054830287206266,collecTRI_weights
3548,,,,gsea_norm,mcauroc,0.6570062637329102,0.0013054830287206266,collecTRI_weights
3549,,,,gsea_norm,mcauroc,0.6710987687110901,0.0013054830287206266,collecTRI_weights
3550,,,,gsea_norm,mcauroc,0.6444420218467712,0.0013054830287206266,collecTRI_weights
3551,,,,gsea_norm,mcauroc,0.672011137008667,0.0013054830287206266,collecTRI_weights
3552,,,,gsea_norm,mcauroc,0.6524585485458374,0.0013054830287206266,collecTRI_weights
3553,,,,gsea_norm,mcauroc,0.6538200974464417,0.0013054830287206266,collecTRI_weights
3554,,,,gsea_norm,mcauroc,0.6568648815155029,0.0013054830287206266,collecTRI_weights
3555,,,,gsea_norm,mcauroc,0.6915379762649536,0.0013054830287206266,collecTRI_weights
3556,,,,gsea_norm,mcauroc,0.6552848219871521,0.0013054830287206266,collecTRI_weights
3557,,,,gsea_norm,mcauroc,0.6569031476974487,0.0013054830287206266,collecTRI_weights
3558,,,,gsea_norm,mcauroc,0.6790383458137512,0.0013054830287206266,collecTRI_weights
3559,,,,gsea_norm,mcauroc,0.6929382085800171,0.0013054830287206266,collecTRI_weights
3560,,,,gsea_norm,mcauroc,0.656222403049469,0.0013054830287206266,collecTRI_weights
3561,,,,gsea_norm,mcauroc,0.6864122152328491,0.0013054830287206266,collecTRI_weights
3562,,,,gsea_norm,mcauroc,0.6758907437324524,0.0013054830287206266,collecTRI_weights
3563,,,,gsea_norm,mcauprc,0.6924040913581848,0.0013054830287206266,collecTRI_weights
3564,,,,gsea_norm,mcauprc,0.6867944002151489,0.0013054830287206266,collecTRI_weights
3565,,,,gsea_norm,mcauprc,0.6728188395500183,0.0013054830287206266,collecTRI_weights
3566,,,,gsea_norm,mcauprc,0.6673107147216797,0.0013054830287206266,collecTRI_weights
3567,,,,gsea_norm,mcauprc,0.7086784839630127,0.0013054830287206266,collecTRI_weights
3568,,,,gsea_norm,mcauprc,0.6745994687080383,0.0013054830287206266,collecTRI_weights
3569,,,,gsea_norm,mcauprc,0.6943721771240234,0.0013054830287206266,collecTRI_weights
3570,,,,gsea_norm,mcauprc,0.6752986311912537,0.0013054830287206266,collecTRI_weights
3571,,,,gsea_norm,mcauprc,0.6927144527435303,0.0013054830287206266,collecTRI_weights
3572,,,,gsea_norm,mcauprc,0.6838570237159729,0.0013054830287206266,collecTRI_weights
3573,,,,gsea_norm,mcauprc,0.714352011680603,0.0013054830287206266,collecTRI_weights
3574,,,,gsea_norm,mcauprc,0.6725181341171265,0.0013054830287206266,collecTRI_weights
3575,,,,gsea_norm,mcauprc,0.6314606666564941,0.0013054830287206266,collecTRI_weights
3576,,,,gsea_norm,mcauprc,0.6731399297714233,0.0013054830287206266,collecTRI_weights
3577,,,,gsea_norm,mcauprc,0.6618839502334595,0.0013054830287206266,collecTRI_weights
3578,,,,gsea_norm,mcauprc,0.6590672731399536,0.0013054830287206266,collecTRI_weights
3579,,,,gsea_norm,mcauprc,0.6249791383743286,0.0013054830287206266,collecTRI_weights
3580,,,,gsea_norm,mcauprc,0.6716127395629883,0.0013054830287206266,collecTRI_weights
3581,,,,gsea_norm,mcauprc,0.6762599945068359,0.0013054830287206266,collecTRI_weights
3582,,,,gsea_norm,mcauprc,0.6758002042770386,0.0013054830287206266,collecTRI_weights
3583,,,,gsea_norm,mcauprc,0.6742947697639465,0.0013054830287206266,collecTRI_weights
3584,,,,gsea_norm,mcauprc,0.7000159621238708,0.0013054830287206266,collecTRI_weights
3585,,,,gsea_norm,mcauprc,0.6878436207771301,0.0013054830287206266,collecTRI_weights
3586,,,,gsea_norm,mcauprc,0.6832409501075745,0.0013054830287206266,collecTRI_weights
3587,,,,gsea_norm,mcauprc,0.6783632636070251,0.0013054830287206266,collecTRI_weights
3588,,,,gsea_norm,mcauprc,0.6387138366699219,0.0013054830287206266,collecTRI_weights
3589,,,,gsea_norm,mcauprc,0.6898465752601624,0.0013054830287206266,collecTRI_weights
3590,,,,gsea_norm,mcauprc,0.6281112432479858,0.0013054830287206266,collecTRI_weights
3591,,,,gsea_norm,mcauprc,0.6848541498184204,0.0013054830287206266,collecTRI_weights
3592,,,,gsea_norm,mcauprc,0.6690554022789001,0.0013054830287206266,collecTRI_weights
3593,,,,gsea_norm,mcauprc,0.6821999549865723,0.0013054830287206266,collecTRI_weights
3594,,,,gsea_norm,mcauprc,0.6627696752548218,0.0013054830287206266,collecTRI_weights
3595,,,,gsea_norm,mcauprc,0.6777053475379944,0.0013054830287206266,collecTRI_weights
3596,,,,gsea_norm,mcauprc,0.6498851180076599,0.0013054830287206266,collecTRI_weights
3597,,,,gsea_norm,mcauprc,0.7100634574890137,0.0013054830287206266,collecTRI_weights
3598,,,,gsea_norm,mcauprc,0.6790905594825745,0.0013054830287206266,collecTRI_weights
3599,,,,gsea_norm,mcauprc,0.6737470626831055,0.0013054830287206266,collecTRI_weights
3600,,,,gsea_norm,mcauprc,0.6952042579650879,0.0013054830287206266,collecTRI_weights
3601,,,,gsea_norm,mcauprc,0.7026979327201843,0.0013054830287206266,collecTRI_weights
3602,,,,gsea_norm,mcauprc,0.6808283925056458,0.0013054830287206266,collecTRI_weights
3603,,,,gsea_norm,mcauprc,0.6790205836296082,0.0013054830287206266,collecTRI_weights
3604,,,,gsea_norm,mcauprc,0.6827832460403442,0.0013054830287206266,collecTRI_weights
3605,,,,gsea_norm,mcauprc,0.6889375448226929,0.0013054830287206266,collecTRI_weights
3606,,,,gsea_norm,mcauprc,0.6509622931480408,0.0013054830287206266,collecTRI_weights
3607,,,,gsea_norm,mcauprc,0.6999039053916931,0.0013054830287206266,collecTRI_weights
3608,,,,gsea_norm,mcauprc,0.6376318335533142,0.0013054830287206266,collecTRI_weights
3609,,,,gsea_norm,mcauprc,0.6557022929191589,0.0013054830287206266,collecTRI_weights
3610,,,,gsea_norm,mcauprc,0.6708551645278931,0.0013054830287206266,collecTRI_weights
3611,,,,gsea_norm,mcauprc,0.6916199922561646,0.0013054830287206266,collecTRI_weights
3612,,,,gsea_norm,mcauprc,0.6973699927330017,0.0013054830287206266,collecTRI_weights
3613,,,,gsea_norm,mcauprc,0.700212299823761,0.0013054830287206266,collecTRI_weights
3614,,,,gsea_norm,mcauprc,0.6754063367843628,0.0013054830287206266,collecTRI_weights
3615,,,,gsea_norm,mcauprc,0.6417313814163208,0.0013054830287206266,collecTRI_weights
3616,,,,gsea_norm,mcauprc,0.6833373308181763,0.0013054830287206266,collecTRI_weights
3617,,,,gsea_norm,mcauprc,0.6873155236244202,0.0013054830287206266,collecTRI_weights
3618,,,,gsea_norm,mcauprc,0.657466471195221,0.0013054830287206266,collecTRI_weights
3619,,,,gsea_norm,mcauprc,0.6437204480171204,0.0013054830287206266,collecTRI_weights
3620,,,,gsea_norm,mcauprc,0.6619462966918945,0.0013054830287206266,collecTRI_weights
3621,,,,gsea_norm,mcauprc,0.6725380420684814,0.0013054830287206266,collecTRI_weights
3622,,,,gsea_norm,mcauprc,0.6572306156158447,0.0013054830287206266,collecTRI_weights
3623,,,,gsea_norm,mcauprc,0.6683403253555298,0.0013054830287206266,collecTRI_weights
3624,,,,gsea_norm,mcauprc,0.704271137714386,0.0013054830287206266,collecTRI_weights
3625,,,,gsea_norm,mcauprc,0.6804349422454834,0.0013054830287206266,collecTRI_weights
3626,,,,gsea_norm,mcauprc,0.649071455001831,0.0013054830287206266,collecTRI_weights
3627,,,,gsea_norm,mcauprc,0.6880048513412476,0.0013054830287206266,collecTRI_weights
3628,,,,gsea_norm,mcauprc,0.6480078101158142,0.0013054830287206266,collecTRI_weights
3629,,,,gsea_norm,mcauprc,0.6464138627052307,0.0013054830287206266,collecTRI_weights
3630,,,,gsea_norm,mcauprc,0.6894084811210632,0.0013054830287206266,collecTRI_weights
3631,,,,gsea_norm,mcauprc,0.6886948347091675,0.0013054830287206266,collecTRI_weights
3632,,,,gsea_norm,mcauprc,0.708554744720459,0.0013054830287206266,collecTRI_weights
3633,,,,gsea_norm,mcauprc,0.7256038188934326,0.0013054830287206266,collecTRI_weights
3634,,,,gsea_norm,mcauprc,0.6670036911964417,0.0013054830287206266,collecTRI_weights
3635,,,,gsea_norm,mcauprc,0.644381582736969,0.0013054830287206266,collecTRI_weights
3636,,,,gsea_norm,mcauprc,0.6486087441444397,0.0013054830287206266,collecTRI_weights
3637,,,,gsea_norm,mcauprc,0.6943622827529907,0.0013054830287206266,collecTRI_weights
3638,,,,gsea_norm,mcauprc,0.6431793570518494,0.0013054830287206266,collecTRI_weights
3639,,,,gsea_norm,mcauprc,0.6433936953544617,0.0013054830287206266,collecTRI_weights
3640,,,,gsea_norm,mcauprc,0.6883361339569092,0.0013054830287206266,collecTRI_weights
3641,,,,gsea_norm,mcauprc,0.7120876908302307,0.0013054830287206266,collecTRI_weights
3642,,,,gsea_norm,mcauprc,0.670923113822937,0.0013054830287206266,collecTRI_weights
3643,,,,gsea_norm,mcauprc,0.6642879247665405,0.0013054830287206266,collecTRI_weights
3644,,,,gsea_norm,mcauprc,0.6940733790397644,0.0013054830287206266,collecTRI_weights
3645,,,,gsea_norm,mcauprc,0.7007606625556946,0.0013054830287206266,collecTRI_weights
3646,,,,gsea_norm,mcauprc,0.7029610872268677,0.0013054830287206266,collecTRI_weights
3647,,,,gsea_norm,mcauprc,0.6844141483306885,0.0013054830287206266,collecTRI_weights
3648,,,,gsea_norm,mcauprc,0.6975555419921875,0.0013054830287206266,collecTRI_weights
3649,,,,gsea_norm,mcauprc,0.6648164987564087,0.0013054830287206266,collecTRI_weights
3650,,,,gsea_norm,mcauprc,0.6715192794799805,0.0013054830287206266,collecTRI_weights
3651,,,,gsea_norm,mcauprc,0.677789032459259,0.0013054830287206266,collecTRI_weights
3652,,,,gsea_norm,mcauprc,0.6798600554466248,0.0013054830287206266,collecTRI_weights
3653,,,,gsea_norm,mcauprc,0.65666264295578,0.0013054830287206266,collecTRI_weights
3654,,,,gsea_norm,mcauprc,0.6818534731864929,0.0013054830287206266,collecTRI_weights
3655,,,,gsea_norm,mcauprc,0.6197683811187744,0.0013054830287206266,collecTRI_weights
3656,,,,gsea_norm,mcauprc,0.6955685615539551,0.0013054830287206266,collecTRI_weights
3657,,,,gsea_norm,mcauprc,0.6610602140426636,0.0013054830287206266,collecTRI_weights
3658,,,,gsea_norm,mcauprc,0.6776843667030334,0.0013054830287206266,collecTRI_weights
3659,,,,gsea_norm,mcauprc,0.6301931142807007,0.0013054830287206266,collecTRI_weights
3660,,,,gsea_norm,mcauprc,0.6665782928466797,0.0013054830287206266,collecTRI_weights
3661,,,,gsea_norm,mcauprc,0.6851335167884827,0.0013054830287206266,collecTRI_weights
3662,,,,gsea_norm,mcauprc,0.6601445078849792,0.0013054830287206266,collecTRI_weights
3663,,,,gsea_norm,mcauprc,0.7037231922149658,0.0013054830287206266,collecTRI_weights
3664,,,,gsea_norm,mcauprc,0.6246782541275024,0.0013054830287206266,collecTRI_weights
3665,,,,gsea_norm,mcauprc,0.7274860143661499,0.0013054830287206266,collecTRI_weights
3666,,,,gsea_norm,mcauprc,0.6833189129829407,0.0013054830287206266,collecTRI_weights
3667,,,,gsea_norm,mcauprc,0.6932407021522522,0.0013054830287206266,collecTRI_weights
3668,,,,gsea_norm,mcauprc,0.623094916343689,0.0013054830287206266,collecTRI_weights
3669,,,,gsea_norm,mcauprc,0.693053662776947,0.0013054830287206266,collecTRI_weights
3670,,,,gsea_norm,mcauprc,0.7078341245651245,0.0013054830287206266,collecTRI_weights
3671,,,,gsea_norm,mcauprc,0.6848790049552917,0.0013054830287206266,collecTRI_weights
3672,,,,gsea_norm,mcauprc,0.6404700875282288,0.0013054830287206266,collecTRI_weights
3673,,,,gsea_norm,mcauprc,0.6592612862586975,0.0013054830287206266,collecTRI_weights
3674,,,,gsea_norm,mcauprc,0.6707656979560852,0.0013054830287206266,collecTRI_weights
3675,,,,gsea_norm,mcauprc,0.6824384331703186,0.0013054830287206266,collecTRI_weights
3676,,,,gsea_norm,mcauprc,0.6947218775749207,0.0013054830287206266,collecTRI_weights
3677,,,,gsea_norm,mcauprc,0.6843007206916809,0.0013054830287206266,collecTRI_weights
3678,,,,gsea_norm,mcauprc,0.6245132088661194,0.0013054830287206266,collecTRI_weights
3679,,,,gsea_norm,mcauprc,0.6494476795196533,0.0013054830287206266,collecTRI_weights
3680,,,,gsea_norm,mcauprc,0.6458555459976196,0.0013054830287206266,collecTRI_weights
3681,,,,gsea_norm,mcauprc,0.6649841070175171,0.0013054830287206266,collecTRI_weights
3682,,,,gsea_norm,mcauprc,0.6487341523170471,0.0013054830287206266,collecTRI_weights
3683,,,,gsea_norm,mcauprc,0.609301745891571,0.0013054830287206266,collecTRI_weights
3684,,,,gsea_norm,mcauprc,0.7099456787109375,0.0013054830287206266,collecTRI_weights
3685,,,,gsea_norm,mcauprc,0.6504659652709961,0.0013054830287206266,collecTRI_weights
3686,,,,gsea_norm,mcauprc,0.6747655272483826,0.0013054830287206266,collecTRI_weights
3687,,,,gsea_norm,mcauprc,0.6776155233383179,0.0013054830287206266,collecTRI_weights
3688,,,,gsea_norm,mcauprc,0.6785513162612915,0.0013054830287206266,collecTRI_weights
3689,,,,gsea_norm,mcauprc,0.6914145350456238,0.0013054830287206266,collecTRI_weights
3690,,,,gsea_norm,mcauprc,0.6718910932540894,0.0013054830287206266,collecTRI_weights
3691,,,,gsea_norm,mcauprc,0.6944531202316284,0.0013054830287206266,collecTRI_weights
3692,,,,gsea_norm,mcauprc,0.64035564661026,0.0013054830287206266,collecTRI_weights
3693,,,,gsea_norm,mcauprc,0.692021906375885,0.0013054830287206266,collecTRI_weights
3694,,,,gsea_norm,mcauprc,0.65021151304245,0.0013054830287206266,collecTRI_weights
3695,,,,gsea_norm,mcauprc,0.6707795262336731,0.0013054830287206266,collecTRI_weights
3696,,,,gsea_norm,mcauprc,0.6818170547485352,0.0013054830287206266,collecTRI_weights
3697,,,,gsea_norm,mcauprc,0.6861482858657837,0.0013054830287206266,collecTRI_weights
3698,,,,gsea_norm,mcauprc,0.6703932881355286,0.0013054830287206266,collecTRI_weights
3699,,,,gsea_norm,mcauprc,0.6836073398590088,0.0013054830287206266,collecTRI_weights
3700,,,,gsea_norm,mcauprc,0.6665434837341309,0.0013054830287206266,collecTRI_weights
3701,,,,gsea_norm,mcauprc,0.6999064683914185,0.0013054830287206266,collecTRI_weights
3702,,,,gsea_norm,mcauprc,0.6763707995414734,0.0013054830287206266,collecTRI_weights
3703,,,,gsea_norm,mcauprc,0.7194990515708923,0.0013054830287206266,collecTRI_weights
3704,,,,gsea_norm,mcauprc,0.6471914649009705,0.0013054830287206266,collecTRI_weights
3705,,,,gsea_norm,mcauprc,0.6684703826904297,0.0013054830287206266,collecTRI_weights
3706,,,,gsea_norm,mcauprc,0.6726438999176025,0.0013054830287206266,collecTRI_weights
3707,,,,gsea_norm,mcauprc,0.663912296295166,0.0013054830287206266,collecTRI_weights
3708,,,,gsea_norm,mcauprc,0.658786952495575,0.0013054830287206266,collecTRI_weights
3709,,,,gsea_norm,mcauprc,0.6927272081375122,0.0013054830287206266,collecTRI_weights
3710,,,,gsea_norm,mcauprc,0.7008250951766968,0.0013054830287206266,collecTRI_weights
3711,,,,gsea_norm,mcauprc,0.6701412200927734,0.0013054830287206266,collecTRI_weights
3712,,,,gsea_norm,mcauprc,0.6766598224639893,0.0013054830287206266,collecTRI_weights
3713,,,,gsea_norm,mcauprc,0.6844204664230347,0.0013054830287206266,collecTRI_weights
3714,,,,gsea_norm,mcauprc,0.6388391852378845,0.0013054830287206266,collecTRI_weights
3715,,,,gsea_norm,mcauprc,0.7050989866256714,0.0013054830287206266,collecTRI_weights
3716,,,,gsea_norm,mcauprc,0.6822990775108337,0.0013054830287206266,collecTRI_weights
3717,,,,gsea_norm,mcauprc,0.635026752948761,0.0013054830287206266,collecTRI_weights
3718,,,,gsea_norm,mcauprc,0.6250253319740295,0.0013054830287206266,collecTRI_weights
3719,,,,gsea_norm,mcauprc,0.6467745304107666,0.0013054830287206266,collecTRI_weights
3720,,,,gsea_norm,mcauprc,0.694894015789032,0.0013054830287206266,collecTRI_weights
3721,,,,gsea_norm,mcauprc,0.6362552642822266,0.0013054830287206266,collecTRI_weights
3722,,,,gsea_norm,mcauprc,0.6805686354637146,0.0013054830287206266,collecTRI_weights
3723,,,,gsea_norm,mcauprc,0.663180410861969,0.0013054830287206266,collecTRI_weights
3724,,,,gsea_norm,mcauprc,0.6631686091423035,0.0013054830287206266,collecTRI_weights
3725,,,,gsea_norm,mcauprc,0.6811567544937134,0.0013054830287206266,collecTRI_weights
3726,,,,gsea_norm,mcauprc,0.6763126254081726,0.0013054830287206266,collecTRI_weights
3727,,,,gsea_norm,mcauprc,0.6412048935890198,0.0013054830287206266,collecTRI_weights
3728,,,,gsea_norm,mcauprc,0.6185311675071716,0.0013054830287206266,collecTRI_weights
3729,,,,gsea_norm,mcauprc,0.6557736396789551,0.0013054830287206266,collecTRI_weights
3730,,,,gsea_norm,mcauprc,0.6680054068565369,0.0013054830287206266,collecTRI_weights
3731,,,,gsea_norm,mcauprc,0.692285418510437,0.0013054830287206266,collecTRI_weights
3732,,,,gsea_norm,mcauprc,0.691540002822876,0.0013054830287206266,collecTRI_weights
3733,,,,gsea_norm,mcauprc,0.6820569038391113,0.0013054830287206266,collecTRI_weights
3734,,,,gsea_norm,mcauprc,0.6250740885734558,0.0013054830287206266,collecTRI_weights
3735,,,,gsea_norm,mcauprc,0.6669330596923828,0.0013054830287206266,collecTRI_weights
3736,,,,gsea_norm,mcauprc,0.6672088503837585,0.0013054830287206266,collecTRI_weights
3737,,,,gsea_norm,mcauprc,0.7055163383483887,0.0013054830287206266,collecTRI_weights
3738,,,,gsea_norm,mcauprc,0.6935028433799744,0.0013054830287206266,collecTRI_weights
3739,,,,gsea_norm,mcauprc,0.6610283851623535,0.0013054830287206266,collecTRI_weights
3740,,,,gsea_norm,mcauprc,0.6518473029136658,0.0013054830287206266,collecTRI_weights
3741,,,,gsea_norm,mcauprc,0.671608030796051,0.0013054830287206266,collecTRI_weights
3742,,,,gsea_norm,mcauprc,0.6459999084472656,0.0013054830287206266,collecTRI_weights
3743,,,,gsea_norm,mcauprc,0.7014330625534058,0.0013054830287206266,collecTRI_weights
3744,,,,gsea_norm,mcauprc,0.6876921057701111,0.0013054830287206266,collecTRI_weights
3745,,,,gsea_norm,mcauprc,0.6882927417755127,0.0013054830287206266,collecTRI_weights
3746,,,,gsea_norm,mcauprc,0.66228187084198,0.0013054830287206266,collecTRI_weights
3747,,,,gsea_norm,mcauprc,0.6637343168258667,0.0013054830287206266,collecTRI_weights
3748,,,,gsea_norm,mcauprc,0.6825094223022461,0.0013054830287206266,collecTRI_weights
3749,,,,gsea_norm,mcauprc,0.7072747945785522,0.0013054830287206266,collecTRI_weights
3750,,,,gsea_norm,mcauprc,0.678299605846405,0.0013054830287206266,collecTRI_weights
3751,,,,gsea_norm,mcauprc,0.6743782758712769,0.0013054830287206266,collecTRI_weights
3752,,,,gsea_norm,mcauprc,0.6940733194351196,0.0013054830287206266,collecTRI_weights
3753,,,,gsea_norm,mcauprc,0.6720221042633057,0.0013054830287206266,collecTRI_weights
3754,,,,gsea_norm,mcauprc,0.6898605823516846,0.0013054830287206266,collecTRI_weights
3755,,,,gsea_norm,mcauprc,0.7139970064163208,0.0013054830287206266,collecTRI_weights
3756,,,,gsea_norm,mcauprc,0.6748267412185669,0.0013054830287206266,collecTRI_weights
3757,,,,gsea_norm,mcauprc,0.6932500004768372,0.0013054830287206266,collecTRI_weights
3758,,,,gsea_norm,mcauprc,0.653942883014679,0.0013054830287206266,collecTRI_weights
3759,,,,gsea_norm,mcauprc,0.6784336566925049,0.0013054830287206266,collecTRI_weights
3760,,,,gsea_norm,mcauprc,0.6754569411277771,0.0013054830287206266,collecTRI_weights
3761,,,,gsea_norm,mcauprc,0.6652992963790894,0.0013054830287206266,collecTRI_weights
3762,,,,gsea_norm,mcauprc,0.6927937269210815,0.0013054830287206266,collecTRI_weights
3763,,,,gsea_norm,mcauprc,0.6514750719070435,0.0013054830287206266,collecTRI_weights
3764,,,,gsea_norm,mcauprc,0.6553493142127991,0.0013054830287206266,collecTRI_weights
3765,,,,gsea_norm,mcauprc,0.6238627433776855,0.0013054830287206266,collecTRI_weights
3766,,,,gsea_norm,mcauprc,0.6800680756568909,0.0013054830287206266,collecTRI_weights
3767,,,,gsea_norm,mcauprc,0.6849947571754456,0.0013054830287206266,collecTRI_weights
3768,,,,gsea_norm,mcauprc,0.6950425505638123,0.0013054830287206266,collecTRI_weights
3769,,,,gsea_norm,mcauprc,0.6454405188560486,0.0013054830287206266,collecTRI_weights
3770,,,,gsea_norm,mcauprc,0.6831083297729492,0.0013054830287206266,collecTRI_weights
3771,,,,gsea_norm,mcauprc,0.6525892615318298,0.0013054830287206266,collecTRI_weights
3772,,,,gsea_norm,mcauprc,0.6814920902252197,0.0013054830287206266,collecTRI_weights
3773,,,,gsea_norm,mcauprc,0.6842638850212097,0.0013054830287206266,collecTRI_weights
3774,,,,gsea_norm,mcauprc,0.6549039483070374,0.0013054830287206266,collecTRI_weights
3775,,,,gsea_norm,mcauprc,0.6805717349052429,0.0013054830287206266,collecTRI_weights
3776,,,,gsea_norm,mcauprc,0.690022349357605,0.0013054830287206266,collecTRI_weights
3777,,,,gsea_norm,mcauprc,0.6350418925285339,0.0013054830287206266,collecTRI_weights
3778,,,,gsea_norm,mcauprc,0.6851401329040527,0.0013054830287206266,collecTRI_weights
3779,,,,gsea_norm,mcauprc,0.6465085744857788,0.0013054830287206266,collecTRI_weights
3780,,,,gsea_norm,mcauprc,0.6829636096954346,0.0013054830287206266,collecTRI_weights
3781,,,,gsea_norm,mcauprc,0.6468910574913025,0.0013054830287206266,collecTRI_weights
3782,,,,gsea_norm,mcauprc,0.6717112064361572,0.0013054830287206266,collecTRI_weights
3783,,,,gsea_norm,mcauprc,0.6864441633224487,0.0013054830287206266,collecTRI_weights
3784,,,,gsea_norm,mcauprc,0.6694246530532837,0.0013054830287206266,collecTRI_weights
3785,,,,gsea_norm,mcauprc,0.6662974953651428,0.0013054830287206266,collecTRI_weights
3786,,,,gsea_norm,mcauprc,0.6759504079818726,0.0013054830287206266,collecTRI_weights
3787,,,,gsea_norm,mcauprc,0.6732479929924011,0.0013054830287206266,collecTRI_weights
3788,,,,gsea_norm,mcauprc,0.7035362720489502,0.0013054830287206266,collecTRI_weights
3789,,,,gsea_norm,mcauprc,0.6685320138931274,0.0013054830287206266,collecTRI_weights
3790,,,,gsea_norm,mcauprc,0.662541389465332,0.0013054830287206266,collecTRI_weights
3791,,,,gsea_norm,mcauprc,0.6584774255752563,0.0013054830287206266,collecTRI_weights
3792,,,,gsea_norm,mcauprc,0.6684635281562805,0.0013054830287206266,collecTRI_weights
3793,,,,gsea_norm,mcauprc,0.6562002897262573,0.0013054830287206266,collecTRI_weights
3794,,,,gsea_norm,mcauprc,0.6442364454269409,0.0013054830287206266,collecTRI_weights
3795,,,,gsea_norm,mcauprc,0.6799684762954712,0.0013054830287206266,collecTRI_weights
3796,,,,gsea_norm,mcauprc,0.6247186064720154,0.0013054830287206266,collecTRI_weights
3797,,,,gsea_norm,mcauprc,0.6497615575790405,0.0013054830287206266,collecTRI_weights
3798,,,,gsea_norm,mcauprc,0.6452347040176392,0.0013054830287206266,collecTRI_weights
3799,,,,gsea_norm,mcauprc,0.6492282152175903,0.0013054830287206266,collecTRI_weights
3800,,,,gsea_norm,mcauprc,0.7190353870391846,0.0013054830287206266,collecTRI_weights
3801,,,,gsea_norm,mcauprc,0.6963269114494324,0.0013054830287206266,collecTRI_weights
3802,,,,gsea_norm,mcauprc,0.6722784638404846,0.0013054830287206266,collecTRI_weights
3803,,,,gsea_norm,mcauprc,0.7073511481285095,0.0013054830287206266,collecTRI_weights
3804,,,,gsea_norm,mcauprc,0.6655347347259521,0.0013054830287206266,collecTRI_weights
3805,,,,gsea_norm,mcauprc,0.662058413028717,0.0013054830287206266,collecTRI_weights
3806,,,,gsea_norm,mcauprc,0.6783855557441711,0.0013054830287206266,collecTRI_weights
3807,,,,gsea_norm,mcauprc,0.6621043682098389,0.0013054830287206266,collecTRI_weights
3808,,,,gsea_norm,mcauprc,0.6585964560508728,0.0013054830287206266,collecTRI_weights
3809,,,,gsea_norm,mcauprc,0.6793740391731262,0.0013054830287206266,collecTRI_weights
3810,,,,gsea_norm,mcauprc,0.6739512085914612,0.0013054830287206266,collecTRI_weights
3811,,,,gsea_norm,mcauprc,0.6836361885070801,0.0013054830287206266,collecTRI_weights
3812,,,,gsea_norm,mcauprc,0.6815657019615173,0.0013054830287206266,collecTRI_weights
3813,,,,gsea_norm,mcauprc,0.7075076699256897,0.0013054830287206266,collecTRI_weights
3814,,,,gsea_norm,mcauprc,0.6579786539077759,0.0013054830287206266,collecTRI_weights
3815,,,,gsea_norm,mcauprc,0.6305996775627136,0.0013054830287206266,collecTRI_weights
3816,,,,gsea_norm,mcauprc,0.6670154333114624,0.0013054830287206266,collecTRI_weights
3817,,,,gsea_norm,mcauprc,0.6523152589797974,0.0013054830287206266,collecTRI_weights
3818,,,,gsea_norm,mcauprc,0.6981149315834045,0.0013054830287206266,collecTRI_weights
3819,,,,gsea_norm,mcauprc,0.6843221187591553,0.0013054830287206266,collecTRI_weights
3820,,,,gsea_norm,mcauprc,0.6729252934455872,0.0013054830287206266,collecTRI_weights
3821,,,,gsea_norm,mcauprc,0.6515404582023621,0.0013054830287206266,collecTRI_weights
3822,,,,gsea_norm,mcauprc,0.6758541464805603,0.0013054830287206266,collecTRI_weights
3823,,,,gsea_norm,mcauprc,0.6848173141479492,0.0013054830287206266,collecTRI_weights
3824,,,,gsea_norm,mcauprc,0.6986127495765686,0.0013054830287206266,collecTRI_weights
3825,,,,gsea_norm,mcauprc,0.6869573593139648,0.0013054830287206266,collecTRI_weights
3826,,,,gsea_norm,mcauprc,0.6954056024551392,0.0013054830287206266,collecTRI_weights
3827,,,,gsea_norm,mcauprc,0.6497992873191833,0.0013054830287206266,collecTRI_weights
3828,,,,gsea_norm,mcauprc,0.6986230611801147,0.0013054830287206266,collecTRI_weights
3829,,,,gsea_norm,mcauprc,0.7130855917930603,0.0013054830287206266,collecTRI_weights
3830,,,,gsea_norm,mcauprc,0.640246570110321,0.0013054830287206266,collecTRI_weights
3831,,,,gsea_norm,mcauprc,0.6804556846618652,0.0013054830287206266,collecTRI_weights
3832,,,,gsea_norm,mcauprc,0.6636337637901306,0.0013054830287206266,collecTRI_weights
3833,,,,gsea_norm,mcauprc,0.7074848413467407,0.0013054830287206266,collecTRI_weights
3834,,,,gsea_norm,mcauprc,0.6451311111450195,0.0013054830287206266,collecTRI_weights
3835,,,,gsea_norm,mcauprc,0.6851908564567566,0.0013054830287206266,collecTRI_weights
3836,,,,gsea_norm,mcauprc,0.6489852070808411,0.0013054830287206266,collecTRI_weights
3837,,,,gsea_norm,mcauprc,0.6719805002212524,0.0013054830287206266,collecTRI_weights
3838,,,,gsea_norm,mcauprc,0.6620518565177917,0.0013054830287206266,collecTRI_weights
3839,,,,gsea_norm,mcauprc,0.6652976870536804,0.0013054830287206266,collecTRI_weights
3840,,,,gsea_norm,mcauprc,0.6329283118247986,0.0013054830287206266,collecTRI_weights
3841,,,,gsea_norm,mcauprc,0.6182618737220764,0.0013054830287206266,collecTRI_weights
3842,,,,gsea_norm,mcauprc,0.6584675312042236,0.0013054830287206266,collecTRI_weights
3843,,,,gsea_norm,mcauprc,0.6644773483276367,0.0013054830287206266,collecTRI_weights
3844,,,,gsea_norm,mcauprc,0.6508774161338806,0.0013054830287206266,collecTRI_weights
3845,,,,gsea_norm,mcauprc,0.699251115322113,0.0013054830287206266,collecTRI_weights
3846,,,,gsea_norm,mcauprc,0.6526033878326416,0.0013054830287206266,collecTRI_weights
3847,,,,gsea_norm,mcauprc,0.6567511558532715,0.0013054830287206266,collecTRI_weights
3848,,,,gsea_norm,mcauprc,0.6562017202377319,0.0013054830287206266,collecTRI_weights
3849,,,,gsea_norm,mcauprc,0.6639009118080139,0.0013054830287206266,collecTRI_weights
3850,,,,gsea_norm,mcauprc,0.6653032898902893,0.0013054830287206266,collecTRI_weights
3851,,,,gsea_norm,mcauprc,0.6829573512077332,0.0013054830287206266,collecTRI_weights
3852,,,,gsea_norm,mcauprc,0.6974838376045227,0.0013054830287206266,collecTRI_weights
3853,,,,gsea_norm,mcauprc,0.6344522833824158,0.0013054830287206266,collecTRI_weights
3854,,,,gsea_norm,mcauprc,0.6839154958724976,0.0013054830287206266,collecTRI_weights
3855,,,,gsea_norm,mcauprc,0.6778056025505066,0.0013054830287206266,collecTRI_weights
3856,,,,gsea_norm,mcauprc,0.6719236373901367,0.0013054830287206266,collecTRI_weights
3857,,,,gsea_norm,mcauprc,0.6662488579750061,0.0013054830287206266,collecTRI_weights
3858,,,,gsea_norm,mcauprc,0.6480540633201599,0.0013054830287206266,collecTRI_weights
3859,,,,gsea_norm,mcauprc,0.6524800658226013,0.0013054830287206266,collecTRI_weights
3860,,,,gsea_norm,mcauprc,0.6587286591529846,0.0013054830287206266,collecTRI_weights
3861,,,,gsea_norm,mcauprc,0.638395369052887,0.0013054830287206266,collecTRI_weights
3862,,,,gsea_norm,mcauprc,0.637455403804779,0.0013054830287206266,collecTRI_weights
3863,,,,gsea_norm,mcauprc,0.7061421871185303,0.0013054830287206266,collecTRI_weights
3864,,,,gsea_norm,mcauprc,0.6789063215255737,0.0013054830287206266,collecTRI_weights
3865,,,,gsea_norm,mcauprc,0.6926799416542053,0.0013054830287206266,collecTRI_weights
3866,,,,gsea_norm,mcauprc,0.6454646587371826,0.0013054830287206266,collecTRI_weights
3867,,,,gsea_norm,mcauprc,0.683624804019928,0.0013054830287206266,collecTRI_weights
3868,,,,gsea_norm,mcauprc,0.734192967414856,0.0013054830287206266,collecTRI_weights
3869,,,,gsea_norm,mcauprc,0.6750810742378235,0.0013054830287206266,collecTRI_weights
3870,,,,gsea_norm,mcauprc,0.65233314037323,0.0013054830287206266,collecTRI_weights
3871,,,,gsea_norm,mcauprc,0.6950862407684326,0.0013054830287206266,collecTRI_weights
3872,,,,gsea_norm,mcauprc,0.6710620522499084,0.0013054830287206266,collecTRI_weights
3873,,,,gsea_norm,mcauprc,0.6529351472854614,0.0013054830287206266,collecTRI_weights
3874,,,,gsea_norm,mcauprc,0.650243878364563,0.0013054830287206266,collecTRI_weights
3875,,,,gsea_norm,mcauprc,0.6848437786102295,0.0013054830287206266,collecTRI_weights
3876,,,,gsea_norm,mcauprc,0.672166109085083,0.0013054830287206266,collecTRI_weights
3877,,,,gsea_norm,mcauprc,0.6618387699127197,0.0013054830287206266,collecTRI_weights
3878,,,,gsea_norm,mcauprc,0.6631907224655151,0.0013054830287206266,collecTRI_weights
3879,,,,gsea_norm,mcauprc,0.6613742113113403,0.0013054830287206266,collecTRI_weights
3880,,,,gsea_norm,mcauprc,0.7042444348335266,0.0013054830287206266,collecTRI_weights
3881,,,,gsea_norm,mcauprc,0.6746695041656494,0.0013054830287206266,collecTRI_weights
3882,,,,gsea_norm,mcauprc,0.697155773639679,0.0013054830287206266,collecTRI_weights
3883,,,,gsea_norm,mcauprc,0.680646538734436,0.0013054830287206266,collecTRI_weights
3884,,,,gsea_norm,mcauprc,0.6762557029724121,0.0013054830287206266,collecTRI_weights
3885,,,,gsea_norm,mcauprc,0.6709252595901489,0.0013054830287206266,collecTRI_weights
3886,,,,gsea_norm,mcauprc,0.6837206482887268,0.0013054830287206266,collecTRI_weights
3887,,,,gsea_norm,mcauprc,0.6781405210494995,0.0013054830287206266,collecTRI_weights
3888,,,,gsea_norm,mcauprc,0.6463053226470947,0.0013054830287206266,collecTRI_weights
3889,,,,gsea_norm,mcauprc,0.6670337319374084,0.0013054830287206266,collecTRI_weights
3890,,,,gsea_norm,mcauprc,0.6765194535255432,0.0013054830287206266,collecTRI_weights
3891,,,,gsea_norm,mcauprc,0.6735358238220215,0.0013054830287206266,collecTRI_weights
3892,,,,gsea_norm,mcauprc,0.7154232263565063,0.0013054830287206266,collecTRI_weights
3893,,,,gsea_norm,mcauprc,0.665764331817627,0.0013054830287206266,collecTRI_weights
3894,,,,gsea_norm,mcauprc,0.689706027507782,0.0013054830287206266,collecTRI_weights
3895,,,,gsea_norm,mcauprc,0.6549510359764099,0.0013054830287206266,collecTRI_weights
3896,,,,gsea_norm,mcauprc,0.687326967716217,0.0013054830287206266,collecTRI_weights
3897,,,,gsea_norm,mcauprc,0.667621374130249,0.0013054830287206266,collecTRI_weights
3898,,,,gsea_norm,mcauprc,0.6935787796974182,0.0013054830287206266,collecTRI_weights
3899,,,,gsea_norm,mcauprc,0.6864292025566101,0.0013054830287206266,collecTRI_weights
3900,,,,gsea_norm,mcauprc,0.6991865038871765,0.0013054830287206266,collecTRI_weights
3901,,,,gsea_norm,mcauprc,0.6919075846672058,0.0013054830287206266,collecTRI_weights
3902,,,,gsea_norm,mcauprc,0.6631534099578857,0.0013054830287206266,collecTRI_weights
3903,,,,gsea_norm,mcauprc,0.6734430193901062,0.0013054830287206266,collecTRI_weights
3904,,,,gsea_norm,mcauprc,0.7136908173561096,0.0013054830287206266,collecTRI_weights
3905,,,,gsea_norm,mcauprc,0.6448984742164612,0.0013054830287206266,collecTRI_weights
3906,,,,gsea_norm,mcauprc,0.6550179123878479,0.0013054830287206266,collecTRI_weights
3907,,,,gsea_norm,mcauprc,0.6720069646835327,0.0013054830287206266,collecTRI_weights
3908,,,,gsea_norm,mcauprc,0.6802523732185364,0.0013054830287206266,collecTRI_weights
3909,,,,gsea_norm,mcauprc,0.6724160313606262,0.0013054830287206266,collecTRI_weights
3910,,,,gsea_norm,mcauprc,0.6276766657829285,0.0013054830287206266,collecTRI_weights
3911,,,,gsea_norm,mcauprc,0.6892023086547852,0.0013054830287206266,collecTRI_weights
3912,,,,gsea_norm,mcauprc,0.6368973255157471,0.0013054830287206266,collecTRI_weights
3913,,,,gsea_norm,mcauprc,0.6559591889381409,0.0013054830287206266,collecTRI_weights
3914,,,,gsea_norm,mcauprc,0.6766332387924194,0.0013054830287206266,collecTRI_weights
3915,,,,gsea_norm,mcauprc,0.6987622976303101,0.0013054830287206266,collecTRI_weights
3916,,,,gsea_norm,mcauprc,0.6703723669052124,0.0013054830287206266,collecTRI_weights
3917,,,,gsea_norm,mcauprc,0.6608054041862488,0.0013054830287206266,collecTRI_weights
3918,,,,gsea_norm,mcauprc,0.7136267423629761,0.0013054830287206266,collecTRI_weights
3919,,,,gsea_norm,mcauprc,0.633926510810852,0.0013054830287206266,collecTRI_weights
3920,,,,gsea_norm,mcauprc,0.6806612610816956,0.0013054830287206266,collecTRI_weights
3921,,,,gsea_norm,mcauprc,0.6701225638389587,0.0013054830287206266,collecTRI_weights
3922,,,,gsea_norm,mcauprc,0.671424925327301,0.0013054830287206266,collecTRI_weights
3923,,,,gsea_norm,mcauprc,0.6808173656463623,0.0013054830287206266,collecTRI_weights
3924,,,,gsea_norm,mcauprc,0.6756709218025208,0.0013054830287206266,collecTRI_weights
3925,,,,gsea_norm,mcauprc,0.6451449394226074,0.0013054830287206266,collecTRI_weights
3926,,,,gsea_norm,mcauprc,0.669951319694519,0.0013054830287206266,collecTRI_weights
3927,,,,gsea_norm,mcauprc,0.6705446243286133,0.0013054830287206266,collecTRI_weights
3928,,,,gsea_norm,mcauprc,0.6656023263931274,0.0013054830287206266,collecTRI_weights
3929,,,,gsea_norm,mcauprc,0.6865019798278809,0.0013054830287206266,collecTRI_weights
3930,,,,gsea_norm,mcauprc,0.6451838612556458,0.0013054830287206266,collecTRI_weights
3931,,,,gsea_norm,mcauprc,0.6908831000328064,0.0013054830287206266,collecTRI_weights
3932,,,,gsea_norm,mcauprc,0.6519790887832642,0.0013054830287206266,collecTRI_weights
3933,,,,gsea_norm,mcauprc,0.6808409094810486,0.0013054830287206266,collecTRI_weights
3934,,,,gsea_norm,mcauprc,0.6840689182281494,0.0013054830287206266,collecTRI_weights
3935,,,,gsea_norm,mcauprc,0.6701311469078064,0.0013054830287206266,collecTRI_weights
3936,,,,gsea_norm,mcauprc,0.6539495587348938,0.0013054830287206266,collecTRI_weights
3937,,,,gsea_norm,mcauprc,0.6750350594520569,0.0013054830287206266,collecTRI_weights
3938,,,,gsea_norm,mcauprc,0.6906711459159851,0.0013054830287206266,collecTRI_weights
3939,,,,gsea_norm,mcauprc,0.6604530215263367,0.0013054830287206266,collecTRI_weights
3940,,,,gsea_norm,mcauprc,0.6555956602096558,0.0013054830287206266,collecTRI_weights
3941,,,,gsea_norm,mcauprc,0.6476874351501465,0.0013054830287206266,collecTRI_weights
3942,,,,gsea_norm,mcauprc,0.6635636687278748,0.0013054830287206266,collecTRI_weights
3943,,,,gsea_norm,mcauprc,0.6809439659118652,0.0013054830287206266,collecTRI_weights
3944,,,,gsea_norm,mcauprc,0.6650855541229248,0.0013054830287206266,collecTRI_weights
3945,,,,gsea_norm,mcauprc,0.67138671875,0.0013054830287206266,collecTRI_weights
3946,,,,gsea_norm,mcauprc,0.6615957617759705,0.0013054830287206266,collecTRI_weights
3947,,,,gsea_norm,mcauprc,0.6597936749458313,0.0013054830287206266,collecTRI_weights
3948,,,,gsea_norm,mcauprc,0.6658624410629272,0.0013054830287206266,collecTRI_weights
3949,,,,gsea_norm,mcauprc,0.6793051958084106,0.0013054830287206266,collecTRI_weights
3950,,,,gsea_norm,mcauprc,0.6839426755905151,0.0013054830287206266,collecTRI_weights
3951,,,,gsea_norm,mcauprc,0.6329678893089294,0.0013054830287206266,collecTRI_weights
3952,,,,gsea_norm,mcauprc,0.6816849708557129,0.0013054830287206266,collecTRI_weights
3953,,,,gsea_norm,mcauprc,0.6998521089553833,0.0013054830287206266,collecTRI_weights
3954,,,,gsea_norm,mcauprc,0.6780534982681274,0.0013054830287206266,collecTRI_weights
3955,,,,gsea_norm,mcauprc,0.6688746809959412,0.0013054830287206266,collecTRI_weights
3956,,,,gsea_norm,mcauprc,0.6593373417854309,0.0013054830287206266,collecTRI_weights
3957,,,,gsea_norm,mcauprc,0.6885994076728821,0.0013054830287206266,collecTRI_weights
3958,,,,gsea_norm,mcauprc,0.680547833442688,0.0013054830287206266,collecTRI_weights
3959,,,,gsea_norm,mcauprc,0.6407272219657898,0.0013054830287206266,collecTRI_weights
3960,,,,gsea_norm,mcauprc,0.6503959894180298,0.0013054830287206266,collecTRI_weights
3961,,,,gsea_norm,mcauprc,0.6400591731071472,0.0013054830287206266,collecTRI_weights
3962,,,,gsea_norm,mcauprc,0.6804289221763611,0.0013054830287206266,collecTRI_weights
3963,,,,gsea_norm,mcauprc,0.6886705160140991,0.0013054830287206266,collecTRI_weights
3964,,,,gsea_norm,mcauprc,0.6694169044494629,0.0013054830287206266,collecTRI_weights
3965,,,,gsea_norm,mcauprc,0.7159883975982666,0.0013054830287206266,collecTRI_weights
3966,,,,gsea_norm,mcauprc,0.6437879800796509,0.0013054830287206266,collecTRI_weights
3967,,,,gsea_norm,mcauprc,0.6602813601493835,0.0013054830287206266,collecTRI_weights
3968,,,,gsea_norm,mcauprc,0.6381678581237793,0.0013054830287206266,collecTRI_weights
3969,,,,gsea_norm,mcauprc,0.6646906137466431,0.0013054830287206266,collecTRI_weights
3970,,,,gsea_norm,mcauprc,0.6775389313697815,0.0013054830287206266,collecTRI_weights
3971,,,,gsea_norm,mcauprc,0.6248248815536499,0.0013054830287206266,collecTRI_weights
3972,,,,gsea_norm,mcauprc,0.6760240197181702,0.0013054830287206266,collecTRI_weights
3973,,,,gsea_norm,mcauprc,0.6627733111381531,0.0013054830287206266,collecTRI_weights
3974,,,,gsea_norm,mcauprc,0.6862320303916931,0.0013054830287206266,collecTRI_weights
3975,,,,gsea_norm,mcauprc,0.7065024375915527,0.0013054830287206266,collecTRI_weights
3976,,,,gsea_norm,mcauprc,0.669797420501709,0.0013054830287206266,collecTRI_weights
3977,,,,gsea_norm,mcauprc,0.6911243796348572,0.0013054830287206266,collecTRI_weights
3978,,,,gsea_norm,mcauprc,0.6844393014907837,0.0013054830287206266,collecTRI_weights
3979,,,,gsea_norm,mcauprc,0.6810129880905151,0.0013054830287206266,collecTRI_weights
3980,,,,gsea_norm,mcauprc,0.6722230911254883,0.0013054830287206266,collecTRI_weights
3981,,,,gsea_norm,mcauprc,0.6776604652404785,0.0013054830287206266,collecTRI_weights
3982,,,,gsea_norm,mcauprc,0.6496866941452026,0.0013054830287206266,collecTRI_weights
3983,,,,gsea_norm,mcauprc,0.6739251613616943,0.0013054830287206266,collecTRI_weights
3984,,,,gsea_norm,mcauprc,0.6925762891769409,0.0013054830287206266,collecTRI_weights
3985,,,,gsea_norm,mcauprc,0.6945618391036987,0.0013054830287206266,collecTRI_weights
3986,,,,gsea_norm,mcauprc,0.6606996059417725,0.0013054830287206266,collecTRI_weights
3987,,,,gsea_norm,mcauprc,0.6747004389762878,0.0013054830287206266,collecTRI_weights
3988,,,,gsea_norm,mcauprc,0.6490272283554077,0.0013054830287206266,collecTRI_weights
3989,,,,gsea_norm,mcauprc,0.6270467042922974,0.0013054830287206266,collecTRI_weights
3990,,,,gsea_norm,mcauprc,0.6715303063392639,0.0013054830287206266,collecTRI_weights
3991,,,,gsea_norm,mcauprc,0.6550431251525879,0.0013054830287206266,collecTRI_weights
3992,,,,gsea_norm,mcauprc,0.6611475944519043,0.0013054830287206266,collecTRI_weights
3993,,,,gsea_norm,mcauprc,0.7187555432319641,0.0013054830287206266,collecTRI_weights
3994,,,,gsea_norm,mcauprc,0.6501008868217468,0.0013054830287206266,collecTRI_weights
3995,,,,gsea_norm,mcauprc,0.6384430527687073,0.0013054830287206266,collecTRI_weights
3996,,,,gsea_norm,mcauprc,0.6817301511764526,0.0013054830287206266,collecTRI_weights
3997,,,,gsea_norm,mcauprc,0.6708363890647888,0.0013054830287206266,collecTRI_weights
3998,,,,gsea_norm,mcauprc,0.6688163876533508,0.0013054830287206266,collecTRI_weights
3999,,,,gsea_norm,mcauprc,0.6745671033859253,0.0013054830287206266,collecTRI_weights
4000,,,,gsea_norm,mcauprc,0.6561974883079529,0.0013054830287206266,collecTRI_weights
4001,,,,gsea_norm,mcauprc,0.717713475227356,0.0013054830287206266,collecTRI_weights
4002,,,,gsea_norm,mcauprc,0.6701117157936096,0.0013054830287206266,collecTRI_weights
4003,,,,gsea_norm,mcauprc,0.6662097573280334,0.0013054830287206266,collecTRI_weights
4004,,,,gsea_norm,mcauprc,0.684454619884491,0.0013054830287206266,collecTRI_weights
4005,,,,gsea_norm,mcauprc,0.690159022808075,0.0013054830287206266,collecTRI_weights
4006,,,,gsea_norm,mcauprc,0.6964867115020752,0.0013054830287206266,collecTRI_weights
4007,,,,gsea_norm,mcauprc,0.6634549498558044,0.0013054830287206266,collecTRI_weights
4008,,,,gsea_norm,mcauprc,0.6783066391944885,0.0013054830287206266,collecTRI_weights
4009,,,,gsea_norm,mcauprc,0.6708795428276062,0.0013054830287206266,collecTRI_weights
4010,,,,gsea_norm,mcauprc,0.6756839752197266,0.0013054830287206266,collecTRI_weights
4011,,,,gsea_norm,mcauprc,0.6556336283683777,0.0013054830287206266,collecTRI_weights
4012,,,,gsea_norm,mcauprc,0.6879481673240662,0.0013054830287206266,collecTRI_weights
4013,,,,gsea_norm,mcauprc,0.6566092371940613,0.0013054830287206266,collecTRI_weights
4014,,,,gsea_norm,mcauprc,0.6729930639266968,0.0013054830287206266,collecTRI_weights
4015,,,,gsea_norm,mcauprc,0.6700683832168579,0.0013054830287206266,collecTRI_weights
4016,,,,gsea_norm,mcauprc,0.6797982454299927,0.0013054830287206266,collecTRI_weights
4017,,,,gsea_norm,mcauprc,0.6237771511077881,0.0013054830287206266,collecTRI_weights
4018,,,,gsea_norm,mcauprc,0.6857119202613831,0.0013054830287206266,collecTRI_weights
4019,,,,gsea_norm,mcauprc,0.6830159425735474,0.0013054830287206266,collecTRI_weights
4020,,,,gsea_norm,mcauprc,0.6749257445335388,0.0013054830287206266,collecTRI_weights
4021,,,,gsea_norm,mcauprc,0.6558264493942261,0.0013054830287206266,collecTRI_weights
4022,,,,gsea_norm,mcauprc,0.6633267998695374,0.0013054830287206266,collecTRI_weights
4023,,,,gsea_norm,mcauprc,0.6648340225219727,0.0013054830287206266,collecTRI_weights
4024,,,,gsea_norm,mcauprc,0.6524158120155334,0.0013054830287206266,collecTRI_weights
4025,,,,gsea_norm,mcauprc,0.657359778881073,0.0013054830287206266,collecTRI_weights
4026,,,,gsea_norm,mcauprc,0.7002742290496826,0.0013054830287206266,collecTRI_weights
4027,,,,gsea_norm,mcauprc,0.689183235168457,0.0013054830287206266,collecTRI_weights
4028,,,,gsea_norm,mcauprc,0.6815800666809082,0.0013054830287206266,collecTRI_weights
4029,,,,gsea_norm,mcauprc,0.673409104347229,0.0013054830287206266,collecTRI_weights
4030,,,,gsea_norm,mcauprc,0.6717829704284668,0.0013054830287206266,collecTRI_weights
4031,,,,gsea_norm,mcauprc,0.6654697060585022,0.0013054830287206266,collecTRI_weights
4032,,,,gsea_norm,mcauprc,0.661651074886322,0.0013054830287206266,collecTRI_weights
4033,,,,gsea_norm,mcauprc,0.6626350283622742,0.0013054830287206266,collecTRI_weights
4034,,,,gsea_norm,mcauprc,0.6664524674415588,0.0013054830287206266,collecTRI_weights
4035,,,,gsea_norm,mcauprc,0.6812804341316223,0.0013054830287206266,collecTRI_weights
4036,,,,gsea_norm,mcauprc,0.6764055490493774,0.0013054830287206266,collecTRI_weights
4037,,,,gsea_norm,mcauprc,0.6729767322540283,0.0013054830287206266,collecTRI_weights
4038,,,,gsea_norm,mcauprc,0.6918110847473145,0.0013054830287206266,collecTRI_weights
4039,,,,gsea_norm,mcauprc,0.6906499266624451,0.0013054830287206266,collecTRI_weights
4040,,,,gsea_norm,mcauprc,0.6714622378349304,0.0013054830287206266,collecTRI_weights
4041,,,,gsea_norm,mcauprc,0.6737721562385559,0.0013054830287206266,collecTRI_weights
4042,,,,gsea_norm,mcauprc,0.7022692561149597,0.0013054830287206266,collecTRI_weights
4043,,,,gsea_norm,mcauprc,0.6936448216438293,0.0013054830287206266,collecTRI_weights
4044,,,,gsea_norm,mcauprc,0.677081286907196,0.0013054830287206266,collecTRI_weights
4045,,,,gsea_norm,mcauprc,0.6565124988555908,0.0013054830287206266,collecTRI_weights
4046,,,,gsea_norm,mcauprc,0.6998046040534973,0.0013054830287206266,collecTRI_weights
4047,,,,gsea_norm,mcauprc,0.6680364608764648,0.0013054830287206266,collecTRI_weights
4048,,,,gsea_norm,mcauprc,0.6354807019233704,0.0013054830287206266,collecTRI_weights
4049,,,,gsea_norm,mcauprc,0.6738623380661011,0.0013054830287206266,collecTRI_weights
4050,,,,gsea_norm,mcauprc,0.6706312298774719,0.0013054830287206266,collecTRI_weights
4051,,,,gsea_norm,mcauprc,0.6273074150085449,0.0013054830287206266,collecTRI_weights
4052,,,,gsea_norm,mcauprc,0.6989716291427612,0.0013054830287206266,collecTRI_weights
4053,,,,gsea_norm,mcauprc,0.6507954597473145,0.0013054830287206266,collecTRI_weights
4054,,,,gsea_norm,mcauprc,0.6963619589805603,0.0013054830287206266,collecTRI_weights
4055,,,,gsea_norm,mcauprc,0.6689544916152954,0.0013054830287206266,collecTRI_weights
4056,,,,gsea_norm,mcauprc,0.6561459302902222,0.0013054830287206266,collecTRI_weights
4057,,,,gsea_norm,mcauprc,0.6780197024345398,0.0013054830287206266,collecTRI_weights
4058,,,,gsea_norm,mcauprc,0.6629666686058044,0.0013054830287206266,collecTRI_weights
4059,,,,gsea_norm,mcauprc,0.6685853600502014,0.0013054830287206266,collecTRI_weights
4060,,,,gsea_norm,mcauprc,0.6723888516426086,0.0013054830287206266,collecTRI_weights
4061,,,,gsea_norm,mcauprc,0.7000063061714172,0.0013054830287206266,collecTRI_weights
4062,,,,gsea_norm,mcauprc,0.6687938570976257,0.0013054830287206266,collecTRI_weights
4063,,,,gsea_norm,mcauprc,0.6473724842071533,0.0013054830287206266,collecTRI_weights
4064,,,,gsea_norm,mcauprc,0.6748383045196533,0.0013054830287206266,collecTRI_weights
4065,,,,gsea_norm,mcauprc,0.7109827399253845,0.0013054830287206266,collecTRI_weights
4066,,,,gsea_norm,mcauprc,0.6312216520309448,0.0013054830287206266,collecTRI_weights
4067,,,,gsea_norm,mcauprc,0.6765322089195251,0.0013054830287206266,collecTRI_weights
4068,,,,gsea_norm,mcauprc,0.6505933403968811,0.0013054830287206266,collecTRI_weights
4069,,,,gsea_norm,mcauprc,0.6671138405799866,0.0013054830287206266,collecTRI_weights
4070,,,,gsea_norm,mcauprc,0.7026559114456177,0.0013054830287206266,collecTRI_weights
4071,,,,gsea_norm,mcauprc,0.6624913215637207,0.0013054830287206266,collecTRI_weights
4072,,,,gsea_norm,mcauprc,0.6800251007080078,0.0013054830287206266,collecTRI_weights
4073,,,,gsea_norm,mcauprc,0.7085919976234436,0.0013054830287206266,collecTRI_weights
4074,,,,gsea_norm,mcauprc,0.6855869293212891,0.0013054830287206266,collecTRI_weights
4075,,,,gsea_norm,mcauprc,0.697211742401123,0.0013054830287206266,collecTRI_weights
4076,,,,gsea_norm,mcauprc,0.6698294281959534,0.0013054830287206266,collecTRI_weights
4077,,,,gsea_norm,mcauprc,0.6936235427856445,0.0013054830287206266,collecTRI_weights
4078,,,,gsea_norm,mcauprc,0.6688206195831299,0.0013054830287206266,collecTRI_weights
4079,,,,gsea_norm,mcauprc,0.6584659218788147,0.0013054830287206266,collecTRI_weights
4080,,,,gsea_norm,mcauprc,0.7115973234176636,0.0013054830287206266,collecTRI_weights
4081,,,,gsea_norm,mcauprc,0.6953715682029724,0.0013054830287206266,collecTRI_weights
4082,,,,gsea_norm,mcauprc,0.652282178401947,0.0013054830287206266,collecTRI_weights
4083,,,,gsea_norm,mcauprc,0.6605270504951477,0.0013054830287206266,collecTRI_weights
4084,,,,gsea_norm,mcauprc,0.6754361391067505,0.0013054830287206266,collecTRI_weights
4085,,,,gsea_norm,mcauprc,0.6780866980552673,0.0013054830287206266,collecTRI_weights
4086,,,,gsea_norm,mcauprc,0.6601746082305908,0.0013054830287206266,collecTRI_weights
4087,,,,gsea_norm,mcauprc,0.6841909289360046,0.0013054830287206266,collecTRI_weights
4088,,,,gsea_norm,mcauprc,0.7145930528640747,0.0013054830287206266,collecTRI_weights
4089,,,,gsea_norm,mcauprc,0.6849154233932495,0.0013054830287206266,collecTRI_weights
4090,,,,gsea_norm,mcauprc,0.7380443811416626,0.0013054830287206266,collecTRI_weights
4091,,,,gsea_norm,mcauprc,0.6685045957565308,0.0013054830287206266,collecTRI_weights
4092,,,,gsea_norm,mcauprc,0.6722912192344666,0.0013054830287206266,collecTRI_weights
4093,,,,gsea_norm,mcauprc,0.6603004336357117,0.0013054830287206266,collecTRI_weights
4094,,,,gsea_norm,mcauprc,0.6571446061134338,0.0013054830287206266,collecTRI_weights
4095,,,,gsea_norm,mcauprc,0.6561081409454346,0.0013054830287206266,collecTRI_weights
4096,,,,gsea_norm,mcauprc,0.6503386497497559,0.0013054830287206266,collecTRI_weights
4097,,,,gsea_norm,mcauprc,0.6745300889015198,0.0013054830287206266,collecTRI_weights
4098,,,,gsea_norm,mcauprc,0.6663105487823486,0.0013054830287206266,collecTRI_weights
4099,,,,gsea_norm,mcauprc,0.674696147441864,0.0013054830287206266,collecTRI_weights
4100,,,,gsea_norm,mcauprc,0.7011790871620178,0.0013054830287206266,collecTRI_weights
4101,,,,gsea_norm,mcauprc,0.6983925104141235,0.0013054830287206266,collecTRI_weights
4102,,,,gsea_norm,mcauprc,0.6760238409042358,0.0013054830287206266,collecTRI_weights
4103,,,,gsea_norm,mcauprc,0.6842743754386902,0.0013054830287206266,collecTRI_weights
4104,,,,gsea_norm,mcauprc,0.6808193922042847,0.0013054830287206266,collecTRI_weights
4105,,,,gsea_norm,mcauprc,0.6926860213279724,0.0013054830287206266,collecTRI_weights
4106,,,,gsea_norm,mcauprc,0.676696240901947,0.0013054830287206266,collecTRI_weights
4107,,,,gsea_norm,mcauprc,0.6808706521987915,0.0013054830287206266,collecTRI_weights
4108,,,,gsea_norm,mcauprc,0.6597235202789307,0.0013054830287206266,collecTRI_weights
4109,,,,gsea_norm,mcauprc,0.7032641768455505,0.0013054830287206266,collecTRI_weights
4110,,,,gsea_norm,mcauprc,0.6917281150817871,0.0013054830287206266,collecTRI_weights
4111,,,,gsea_norm,mcauprc,0.6648411750793457,0.0013054830287206266,collecTRI_weights
4112,,,,gsea_norm,mcauprc,0.6824679970741272,0.0013054830287206266,collecTRI_weights
4113,,,,gsea_norm,mcauprc,0.6867316365242004,0.0013054830287206266,collecTRI_weights
4114,,,,gsea_norm,mcauprc,0.7014691233634949,0.0013054830287206266,collecTRI_weights
4115,,,,gsea_norm,mcauprc,0.6796354651451111,0.0013054830287206266,collecTRI_weights
4116,,,,gsea_norm,mcauprc,0.655475378036499,0.0013054830287206266,collecTRI_weights
4117,,,,gsea_norm,mcauprc,0.6430390477180481,0.0013054830287206266,collecTRI_weights
4118,,,,gsea_norm,mcauprc,0.6668925881385803,0.0013054830287206266,collecTRI_weights
4119,,,,gsea_norm,mcauprc,0.6882792711257935,0.0013054830287206266,collecTRI_weights
4120,,,,gsea_norm,mcauprc,0.683192253112793,0.0013054830287206266,collecTRI_weights
4121,,,,gsea_norm,mcauprc,0.6920153498649597,0.0013054830287206266,collecTRI_weights
4122,,,,gsea_norm,mcauprc,0.6757911443710327,0.0013054830287206266,collecTRI_weights
4123,,,,gsea_norm,mcauprc,0.6631075739860535,0.0013054830287206266,collecTRI_weights
4124,,,,gsea_norm,mcauprc,0.6856751441955566,0.0013054830287206266,collecTRI_weights
4125,,,,gsea_norm,mcauprc,0.680919349193573,0.0013054830287206266,collecTRI_weights
4126,,,,gsea_norm,mcauprc,0.6399171948432922,0.0013054830287206266,collecTRI_weights
4127,,,,gsea_norm,mcauprc,0.680282711982727,0.0013054830287206266,collecTRI_weights
4128,,,,gsea_norm,mcauprc,0.6888408660888672,0.0013054830287206266,collecTRI_weights
4129,,,,gsea_norm,mcauprc,0.6642588376998901,0.0013054830287206266,collecTRI_weights
4130,,,,gsea_norm,mcauprc,0.7101162672042847,0.0013054830287206266,collecTRI_weights
4131,,,,gsea_norm,mcauprc,0.6991949677467346,0.0013054830287206266,collecTRI_weights
4132,,,,gsea_norm,mcauprc,0.6880978941917419,0.0013054830287206266,collecTRI_weights
4133,,,,gsea_norm,mcauprc,0.6456992626190186,0.0013054830287206266,collecTRI_weights
4134,,,,gsea_norm,mcauprc,0.6392086744308472,0.0013054830287206266,collecTRI_weights
4135,,,,gsea_norm,mcauprc,0.6540755033493042,0.0013054830287206266,collecTRI_weights
4136,,,,gsea_norm,mcauprc,0.6777342557907104,0.0013054830287206266,collecTRI_weights
4137,,,,gsea_norm,mcauprc,0.6591793298721313,0.0013054830287206266,collecTRI_weights
4138,,,,gsea_norm,mcauprc,0.6538583636283875,0.0013054830287206266,collecTRI_weights
4139,,,,gsea_norm,mcauprc,0.6510422229766846,0.0013054830287206266,collecTRI_weights
4140,,,,gsea_norm,mcauprc,0.6754572987556458,0.0013054830287206266,collecTRI_weights
4141,,,,gsea_norm,mcauprc,0.6802036166191101,0.0013054830287206266,collecTRI_weights
4142,,,,gsea_norm,mcauprc,0.6617982983589172,0.0013054830287206266,collecTRI_weights
4143,,,,gsea_norm,mcauprc,0.6476544141769409,0.0013054830287206266,collecTRI_weights
4144,,,,gsea_norm,mcauprc,0.7163793444633484,0.0013054830287206266,collecTRI_weights
4145,,,,gsea_norm,mcauprc,0.6660105586051941,0.0013054830287206266,collecTRI_weights
4146,,,,gsea_norm,mcauprc,0.6767908930778503,0.0013054830287206266,collecTRI_weights
4147,,,,gsea_norm,mcauprc,0.6841523051261902,0.0013054830287206266,collecTRI_weights
4148,,,,gsea_norm,mcauprc,0.6926050186157227,0.0013054830287206266,collecTRI_weights
4149,,,,gsea_norm,mcauprc,0.677028238773346,0.0013054830287206266,collecTRI_weights
4150,,,,gsea_norm,mcauprc,0.6664108037948608,0.0013054830287206266,collecTRI_weights
4151,,,,gsea_norm,mcauprc,0.6520610451698303,0.0013054830287206266,collecTRI_weights
4152,,,,gsea_norm,mcauprc,0.6822113394737244,0.0013054830287206266,collecTRI_weights
4153,,,,gsea_norm,mcauprc,0.6639264225959778,0.0013054830287206266,collecTRI_weights
4154,,,,gsea_norm,mcauprc,0.6547877192497253,0.0013054830287206266,collecTRI_weights
4155,,,,gsea_norm,mcauprc,0.6661117672920227,0.0013054830287206266,collecTRI_weights
4156,,,,gsea_norm,mcauprc,0.6649065613746643,0.0013054830287206266,collecTRI_weights
4157,,,,gsea_norm,mcauprc,0.6571877002716064,0.0013054830287206266,collecTRI_weights
4158,,,,gsea_norm,mcauprc,0.6687890887260437,0.0013054830287206266,collecTRI_weights
4159,,,,gsea_norm,mcauprc,0.6835870742797852,0.0013054830287206266,collecTRI_weights
4160,,,,gsea_norm,mcauprc,0.6596466302871704,0.0013054830287206266,collecTRI_weights
4161,,,,gsea_norm,mcauprc,0.6399281620979309,0.0013054830287206266,collecTRI_weights
4162,,,,gsea_norm,mcauprc,0.6908276677131653,0.0013054830287206266,collecTRI_weights
4163,,,,gsea_norm,mcauprc,0.6406425833702087,0.0013054830287206266,collecTRI_weights
4164,,,,gsea_norm,mcauprc,0.6564627289772034,0.0013054830287206266,collecTRI_weights
4165,,,,gsea_norm,mcauprc,0.6663088202476501,0.0013054830287206266,collecTRI_weights
4166,,,,gsea_norm,mcauprc,0.6764777302742004,0.0013054830287206266,collecTRI_weights
4167,,,,gsea_norm,mcauprc,0.6522875428199768,0.0013054830287206266,collecTRI_weights
4168,,,,gsea_norm,mcauprc,0.6658363342285156,0.0013054830287206266,collecTRI_weights
4169,,,,gsea_norm,mcauprc,0.6713961958885193,0.0013054830287206266,collecTRI_weights
4170,,,,gsea_norm,mcauprc,0.6557177901268005,0.0013054830287206266,collecTRI_weights
4171,,,,gsea_norm,mcauprc,0.6632161140441895,0.0013054830287206266,collecTRI_weights
4172,,,,gsea_norm,mcauprc,0.6455180644989014,0.0013054830287206266,collecTRI_weights
4173,,,,gsea_norm,mcauprc,0.6701209545135498,0.0013054830287206266,collecTRI_weights
4174,,,,gsea_norm,mcauprc,0.6998791694641113,0.0013054830287206266,collecTRI_weights
4175,,,,gsea_norm,mcauprc,0.6720389723777771,0.0013054830287206266,collecTRI_weights
4176,,,,gsea_norm,mcauprc,0.6653634309768677,0.0013054830287206266,collecTRI_weights
4177,,,,gsea_norm,mcauprc,0.6576798558235168,0.0013054830287206266,collecTRI_weights
4178,,,,gsea_norm,mcauprc,0.7040547132492065,0.0013054830287206266,collecTRI_weights
4179,,,,gsea_norm,mcauprc,0.6832431554794312,0.0013054830287206266,collecTRI_weights
4180,,,,gsea_norm,mcauprc,0.6993585824966431,0.0013054830287206266,collecTRI_weights
4181,,,,gsea_norm,mcauprc,0.6688856482505798,0.0013054830287206266,collecTRI_weights
4182,,,,gsea_norm,mcauprc,0.6938841938972473,0.0013054830287206266,collecTRI_weights
4183,,,,gsea_norm,mcauprc,0.677419900894165,0.0013054830287206266,collecTRI_weights
4184,,,,gsea_norm,mcauprc,0.6852530241012573,0.0013054830287206266,collecTRI_weights
4185,,,,gsea_norm,mcauprc,0.6493700742721558,0.0013054830287206266,collecTRI_weights
4186,,,,gsea_norm,mcauprc,0.7124432921409607,0.0013054830287206266,collecTRI_weights
4187,,,,gsea_norm,mcauprc,0.6574010848999023,0.0013054830287206266,collecTRI_weights
4188,,,,gsea_norm,mcauprc,0.6489711999893188,0.0013054830287206266,collecTRI_weights
4189,,,,gsea_norm,mcauprc,0.6874701380729675,0.0013054830287206266,collecTRI_weights
4190,,,,gsea_norm,mcauprc,0.6669450402259827,0.0013054830287206266,collecTRI_weights
4191,,,,gsea_norm,mcauprc,0.6539262533187866,0.0013054830287206266,collecTRI_weights
4192,,,,gsea_norm,mcauprc,0.7097485065460205,0.0013054830287206266,collecTRI_weights
4193,,,,gsea_norm,mcauprc,0.6557087898254395,0.0013054830287206266,collecTRI_weights
4194,,,,gsea_norm,mcauprc,0.6509335041046143,0.0013054830287206266,collecTRI_weights
4195,,,,gsea_norm,mcauprc,0.6891329288482666,0.0013054830287206266,collecTRI_weights
4196,,,,gsea_norm,mcauprc,0.671833336353302,0.0013054830287206266,collecTRI_weights
4197,,,,gsea_norm,mcauprc,0.6605127453804016,0.0013054830287206266,collecTRI_weights
4198,,,,gsea_norm,mcauprc,0.6659637689590454,0.0013054830287206266,collecTRI_weights
4199,,,,gsea_norm,mcauprc,0.6227916479110718,0.0013054830287206266,collecTRI_weights
4200,,,,gsea_norm,mcauprc,0.6695850491523743,0.0013054830287206266,collecTRI_weights
4201,,,,gsea_norm,mcauprc,0.6850987672805786,0.0013054830287206266,collecTRI_weights
4202,,,,gsea_norm,mcauprc,0.6853188872337341,0.0013054830287206266,collecTRI_weights
4203,,,,gsea_norm,mcauprc,0.663974404335022,0.0013054830287206266,collecTRI_weights
4204,,,,gsea_norm,mcauprc,0.6711570620536804,0.0013054830287206266,collecTRI_weights
4205,,,,gsea_norm,mcauprc,0.6681609749794006,0.0013054830287206266,collecTRI_weights
4206,,,,gsea_norm,mcauprc,0.6991430521011353,0.0013054830287206266,collecTRI_weights
4207,,,,gsea_norm,mcauprc,0.6961951851844788,0.0013054830287206266,collecTRI_weights
4208,,,,gsea_norm,mcauprc,0.7016118168830872,0.0013054830287206266,collecTRI_weights
4209,,,,gsea_norm,mcauprc,0.6711767315864563,0.0013054830287206266,collecTRI_weights
4210,,,,gsea_norm,mcauprc,0.6598925590515137,0.0013054830287206266,collecTRI_weights
4211,,,,gsea_norm,mcauprc,0.6799083352088928,0.0013054830287206266,collecTRI_weights
4212,,,,gsea_norm,mcauprc,0.6886013150215149,0.0013054830287206266,collecTRI_weights
4213,,,,gsea_norm,mcauprc,0.6799218058586121,0.0013054830287206266,collecTRI_weights
4214,,,,gsea_norm,mcauprc,0.6559641361236572,0.0013054830287206266,collecTRI_weights
4215,,,,gsea_norm,mcauprc,0.6656773686408997,0.0013054830287206266,collecTRI_weights
4216,,,,gsea_norm,mcauprc,0.6316894292831421,0.0013054830287206266,collecTRI_weights
4217,,,,gsea_norm,mcauprc,0.698005735874176,0.0013054830287206266,collecTRI_weights
4218,,,,gsea_norm,mcauprc,0.7007438540458679,0.0013054830287206266,collecTRI_weights
4219,,,,gsea_norm,mcauprc,0.6743297576904297,0.0013054830287206266,collecTRI_weights
4220,,,,gsea_norm,mcauprc,0.6601402163505554,0.0013054830287206266,collecTRI_weights
4221,,,,gsea_norm,mcauprc,0.6751898527145386,0.0013054830287206266,collecTRI_weights
4222,,,,gsea_norm,mcauprc,0.670481264591217,0.0013054830287206266,collecTRI_weights
4223,,,,gsea_norm,mcauprc,0.6905615329742432,0.0013054830287206266,collecTRI_weights
4224,,,,gsea_norm,mcauprc,0.6963103413581848,0.0013054830287206266,collecTRI_weights
4225,,,,gsea_norm,mcauprc,0.6536417007446289,0.0013054830287206266,collecTRI_weights
4226,,,,gsea_norm,mcauprc,0.7090474963188171,0.0013054830287206266,collecTRI_weights
4227,,,,gsea_norm,mcauprc,0.6495645642280579,0.0013054830287206266,collecTRI_weights
4228,,,,gsea_norm,mcauprc,0.7086923718452454,0.0013054830287206266,collecTRI_weights
4229,,,,gsea_norm,mcauprc,0.6860191822052002,0.0013054830287206266,collecTRI_weights
4230,,,,gsea_norm,mcauprc,0.6349989771842957,0.0013054830287206266,collecTRI_weights
4231,,,,gsea_norm,mcauprc,0.6822001338005066,0.0013054830287206266,collecTRI_weights
4232,,,,gsea_norm,mcauprc,0.688828706741333,0.0013054830287206266,collecTRI_weights
4233,,,,gsea_norm,mcauprc,0.6753973364830017,0.0013054830287206266,collecTRI_weights
4234,,,,gsea_norm,mcauprc,0.6858934760093689,0.0013054830287206266,collecTRI_weights
4235,,,,gsea_norm,mcauprc,0.6704936027526855,0.0013054830287206266,collecTRI_weights
4236,,,,gsea_norm,mcauprc,0.729977011680603,0.0013054830287206266,collecTRI_weights
4237,,,,gsea_norm,mcauprc,0.6857045888900757,0.0013054830287206266,collecTRI_weights
4238,,,,gsea_norm,mcauprc,0.7074676752090454,0.0013054830287206266,collecTRI_weights
4239,,,,gsea_norm,mcauprc,0.6435011029243469,0.0013054830287206266,collecTRI_weights
4240,,,,gsea_norm,mcauprc,0.6468991637229919,0.0013054830287206266,collecTRI_weights
4241,,,,gsea_norm,mcauprc,0.6864920258522034,0.0013054830287206266,collecTRI_weights
4242,,,,gsea_norm,mcauprc,0.6996751427650452,0.0013054830287206266,collecTRI_weights
4243,,,,gsea_norm,mcauprc,0.6969690322875977,0.0013054830287206266,collecTRI_weights
4244,,,,gsea_norm,mcauprc,0.6607998013496399,0.0013054830287206266,collecTRI_weights
4245,,,,gsea_norm,mcauprc,0.6703369617462158,0.0013054830287206266,collecTRI_weights
4246,,,,gsea_norm,mcauprc,0.6683937311172485,0.0013054830287206266,collecTRI_weights
4247,,,,gsea_norm,mcauprc,0.6520729064941406,0.0013054830287206266,collecTRI_weights
4248,,,,gsea_norm,mcauprc,0.6746609210968018,0.0013054830287206266,collecTRI_weights
4249,,,,gsea_norm,mcauprc,0.6920365691184998,0.0013054830287206266,collecTRI_weights
4250,,,,gsea_norm,mcauprc,0.6687800288200378,0.0013054830287206266,collecTRI_weights
4251,,,,gsea_norm,mcauprc,0.684837818145752,0.0013054830287206266,collecTRI_weights
4252,,,,gsea_norm,mcauprc,0.6659377217292786,0.0013054830287206266,collecTRI_weights
4253,,,,gsea_norm,mcauprc,0.6595330238342285,0.0013054830287206266,collecTRI_weights
4254,,,,gsea_norm,mcauprc,0.698352575302124,0.0013054830287206266,collecTRI_weights
4255,,,,gsea_norm,mcauprc,0.6598048210144043,0.0013054830287206266,collecTRI_weights
4256,,,,gsea_norm,mcauprc,0.6499688029289246,0.0013054830287206266,collecTRI_weights
4257,,,,gsea_norm,mcauprc,0.6619217395782471,0.0013054830287206266,collecTRI_weights
4258,,,,gsea_norm,mcauprc,0.6503736972808838,0.0013054830287206266,collecTRI_weights
4259,,,,gsea_norm,mcauprc,0.6921831369400024,0.0013054830287206266,collecTRI_weights
4260,,,,gsea_norm,mcauprc,0.6589003801345825,0.0013054830287206266,collecTRI_weights
4261,,,,gsea_norm,mcauprc,0.6850481629371643,0.0013054830287206266,collecTRI_weights
4262,,,,gsea_norm,mcauprc,0.6382182836532593,0.0013054830287206266,collecTRI_weights
4263,,,,gsea_norm,mcauprc,0.702136218547821,0.0013054830287206266,collecTRI_weights
4264,,,,gsea_norm,mcauprc,0.6355859041213989,0.0013054830287206266,collecTRI_weights
4265,,,,gsea_norm,mcauprc,0.6772026419639587,0.0013054830287206266,collecTRI_weights
4266,,,,gsea_norm,mcauprc,0.6775841116905212,0.0013054830287206266,collecTRI_weights
4267,,,,gsea_norm,mcauprc,0.6741408109664917,0.0013054830287206266,collecTRI_weights
4268,,,,gsea_norm,mcauprc,0.6954477429389954,0.0013054830287206266,collecTRI_weights
4269,,,,gsea_norm,mcauprc,0.6852952837944031,0.0013054830287206266,collecTRI_weights
4270,,,,gsea_norm,mcauprc,0.6462591290473938,0.0013054830287206266,collecTRI_weights
4271,,,,gsea_norm,mcauprc,0.6767916083335876,0.0013054830287206266,collecTRI_weights
4272,,,,gsea_norm,mcauprc,0.6815783381462097,0.0013054830287206266,collecTRI_weights
4273,,,,gsea_norm,mcauprc,0.6588789820671082,0.0013054830287206266,collecTRI_weights
4274,,,,gsea_norm,mcauprc,0.6821561455726624,0.0013054830287206266,collecTRI_weights
4275,,,,gsea_norm,mcauprc,0.6549890637397766,0.0013054830287206266,collecTRI_weights
4276,,,,gsea_norm,mcauprc,0.6781912446022034,0.0013054830287206266,collecTRI_weights
4277,,,,gsea_norm,mcauprc,0.6990401744842529,0.0013054830287206266,collecTRI_weights
4278,,,,gsea_norm,mcauprc,0.6812431812286377,0.0013054830287206266,collecTRI_weights
4279,,,,gsea_norm,mcauprc,0.6428656578063965,0.0013054830287206266,collecTRI_weights
4280,,,,gsea_norm,mcauprc,0.6521536111831665,0.0013054830287206266,collecTRI_weights
4281,,,,gsea_norm,mcauprc,0.674292266368866,0.0013054830287206266,collecTRI_weights
4282,,,,gsea_norm,mcauprc,0.6629560589790344,0.0013054830287206266,collecTRI_weights
4283,,,,gsea_norm,mcauprc,0.6651762127876282,0.0013054830287206266,collecTRI_weights
4284,,,,gsea_norm,mcauprc,0.6913899183273315,0.0013054830287206266,collecTRI_weights
4285,,,,gsea_norm,mcauprc,0.6711447238922119,0.0013054830287206266,collecTRI_weights
4286,,,,gsea_norm,mcauprc,0.6551306843757629,0.0013054830287206266,collecTRI_weights
4287,,,,gsea_norm,mcauprc,0.6954863667488098,0.0013054830287206266,collecTRI_weights
4288,,,,gsea_norm,mcauprc,0.6582607626914978,0.0013054830287206266,collecTRI_weights
4289,,,,gsea_norm,mcauprc,0.7014472484588623,0.0013054830287206266,collecTRI_weights
4290,,,,gsea_norm,mcauprc,0.6350780725479126,0.0013054830287206266,collecTRI_weights
4291,,,,gsea_norm,mcauprc,0.6837832927703857,0.0013054830287206266,collecTRI_weights
4292,,,,gsea_norm,mcauprc,0.6511024832725525,0.0013054830287206266,collecTRI_weights
4293,,,,gsea_norm,mcauprc,0.6877473592758179,0.0013054830287206266,collecTRI_weights
4294,,,,gsea_norm,mcauprc,0.70661461353302,0.0013054830287206266,collecTRI_weights
4295,,,,gsea_norm,mcauprc,0.6443103551864624,0.0013054830287206266,collecTRI_weights
4296,,,,gsea_norm,mcauprc,0.6739401817321777,0.0013054830287206266,collecTRI_weights
4297,,,,gsea_norm,mcauprc,0.6699827313423157,0.0013054830287206266,collecTRI_weights
4298,,,,gsea_norm,mcauprc,0.6600760221481323,0.0013054830287206266,collecTRI_weights
4299,,,,gsea_norm,mcauprc,0.7039067149162292,0.0013054830287206266,collecTRI_weights
4300,,,,gsea_norm,mcauprc,0.7000533938407898,0.0013054830287206266,collecTRI_weights
4301,,,,gsea_norm,mcauprc,0.7030554413795471,0.0013054830287206266,collecTRI_weights
4302,,,,gsea_norm,mcauprc,0.6440831422805786,0.0013054830287206266,collecTRI_weights
4303,,,,gsea_norm,mcauprc,0.6338821053504944,0.0013054830287206266,collecTRI_weights
4304,,,,gsea_norm,mcauprc,0.6608014106750488,0.0013054830287206266,collecTRI_weights
4305,,,,gsea_norm,mcauprc,0.6645283699035645,0.0013054830287206266,collecTRI_weights
4306,,,,gsea_norm,mcauprc,0.6807478666305542,0.0013054830287206266,collecTRI_weights
4307,,,,gsea_norm,mcauprc,0.6807273626327515,0.0013054830287206266,collecTRI_weights
4308,,,,gsea_norm,mcauprc,0.7313775420188904,0.0013054830287206266,collecTRI_weights
4309,,,,gsea_norm,mcauprc,0.6983643770217896,0.0013054830287206266,collecTRI_weights
4310,,,,gsea_norm,mcauprc,0.6500881910324097,0.0013054830287206266,collecTRI_weights
4311,,,,gsea_norm,mcauprc,0.6848349571228027,0.0013054830287206266,collecTRI_weights
4312,,,,gsea_norm,mcauprc,0.6962737441062927,0.0013054830287206266,collecTRI_weights
4313,,,,gsea_norm,mcauprc,0.6881030797958374,0.0013054830287206266,collecTRI_weights
4314,,,,gsea_norm,mcauprc,0.6973150372505188,0.0013054830287206266,collecTRI_weights
4315,,,,gsea_norm,mcauprc,0.6802304983139038,0.0013054830287206266,collecTRI_weights
4316,,,,gsea_norm,mcauprc,0.6918940544128418,0.0013054830287206266,collecTRI_weights
4317,,,,gsea_norm,mcauprc,0.6452526450157166,0.0013054830287206266,collecTRI_weights
4318,,,,gsea_norm,mcauprc,0.682944655418396,0.0013054830287206266,collecTRI_weights
4319,,,,gsea_norm,mcauprc,0.6745339632034302,0.0013054830287206266,collecTRI_weights
4320,,,,gsea_norm,mcauprc,0.7233603000640869,0.0013054830287206266,collecTRI_weights
4321,,,,gsea_norm,mcauprc,0.6771831512451172,0.0013054830287206266,collecTRI_weights
4322,,,,gsea_norm,mcauprc,0.6998704671859741,0.0013054830287206266,collecTRI_weights
4323,,,,gsea_norm,mcauprc,0.6603849530220032,0.0013054830287206266,collecTRI_weights
4324,,,,gsea_norm,mcauprc,0.6516100764274597,0.0013054830287206266,collecTRI_weights
4325,,,,gsea_norm,mcauprc,0.664732813835144,0.0013054830287206266,collecTRI_weights
4326,,,,gsea_norm,mcauprc,0.6806535124778748,0.0013054830287206266,collecTRI_weights
4327,,,,gsea_norm,mcauprc,0.6997299194335938,0.0013054830287206266,collecTRI_weights
4328,,,,gsea_norm,mcauprc,0.6861914992332458,0.0013054830287206266,collecTRI_weights
4329,,,,gsea_norm,mcauprc,0.6498666405677795,0.0013054830287206266,collecTRI_weights
4330,,,,gsea_norm,mcauprc,0.7014855742454529,0.0013054830287206266,collecTRI_weights
4331,,,,gsea_norm,mcauprc,0.6687153577804565,0.0013054830287206266,collecTRI_weights
4332,,,,gsea_norm,mcauprc,0.6878110766410828,0.0013054830287206266,collecTRI_weights
4333,,,,gsea_norm,mcauprc,0.6689362525939941,0.0013054830287206266,collecTRI_weights
4334,,,,gsea_norm,mcauprc,0.6669595837593079,0.0013054830287206266,collecTRI_weights
4335,,,,gsea_norm,mcauprc,0.6703377962112427,0.0013054830287206266,collecTRI_weights
4336,,,,gsea_norm,mcauprc,0.6658298969268799,0.0013054830287206266,collecTRI_weights
4337,,,,gsea_norm,mcauprc,0.6586455702781677,0.0013054830287206266,collecTRI_weights
4338,,,,gsea_norm,mcauprc,0.6854248642921448,0.0013054830287206266,collecTRI_weights
4339,,,,gsea_norm,mcauprc,0.6666561961174011,0.0013054830287206266,collecTRI_weights
4340,,,,gsea_norm,mcauprc,0.6556850075721741,0.0013054830287206266,collecTRI_weights
4341,,,,gsea_norm,mcauprc,0.6589251756668091,0.0013054830287206266,collecTRI_weights
4342,,,,gsea_norm,mcauprc,0.688064694404602,0.0013054830287206266,collecTRI_weights
4343,,,,gsea_norm,mcauprc,0.706795871257782,0.0013054830287206266,collecTRI_weights
4344,,,,gsea_norm,mcauprc,0.6610754728317261,0.0013054830287206266,collecTRI_weights
4345,,,,gsea_norm,mcauprc,0.6826377511024475,0.0013054830287206266,collecTRI_weights
4346,,,,gsea_norm,mcauprc,0.6801324486732483,0.0013054830287206266,collecTRI_weights
4347,,,,gsea_norm,mcauprc,0.6555115580558777,0.0013054830287206266,collecTRI_weights
4348,,,,gsea_norm,mcauprc,0.7353845238685608,0.0013054830287206266,collecTRI_weights
4349,,,,gsea_norm,mcauprc,0.681648313999176,0.0013054830287206266,collecTRI_weights
4350,,,,gsea_norm,mcauprc,0.6508979797363281,0.0013054830287206266,collecTRI_weights
4351,,,,gsea_norm,mcauprc,0.6965078711509705,0.0013054830287206266,collecTRI_weights
4352,,,,gsea_norm,mcauprc,0.7069034576416016,0.0013054830287206266,collecTRI_weights
4353,,,,gsea_norm,mcauprc,0.6509497761726379,0.0013054830287206266,collecTRI_weights
4354,,,,gsea_norm,mcauprc,0.7038998007774353,0.0013054830287206266,collecTRI_weights
4355,,,,gsea_norm,mcauprc,0.6416516900062561,0.0013054830287206266,collecTRI_weights
4356,,,,gsea_norm,mcauprc,0.6581830382347107,0.0013054830287206266,collecTRI_weights
4357,,,,gsea_norm,mcauprc,0.6591622829437256,0.0013054830287206266,collecTRI_weights
4358,,,,gsea_norm,mcauprc,0.6593259572982788,0.0013054830287206266,collecTRI_weights
4359,,,,gsea_norm,mcauprc,0.6420554518699646,0.0013054830287206266,collecTRI_weights
4360,,,,gsea_norm,mcauprc,0.6741586327552795,0.0013054830287206266,collecTRI_weights
4361,,,,gsea_norm,mcauprc,0.6404886841773987,0.0013054830287206266,collecTRI_weights
4362,,,,gsea_norm,mcauprc,0.6585415601730347,0.0013054830287206266,collecTRI_weights
4363,,,,gsea_norm,mcauprc,0.6582316160202026,0.0013054830287206266,collecTRI_weights
4364,,,,gsea_norm,mcauprc,0.692328929901123,0.0013054830287206266,collecTRI_weights
4365,,,,gsea_norm,mcauprc,0.6964218616485596,0.0013054830287206266,collecTRI_weights
4366,,,,gsea_norm,mcauprc,0.6811782121658325,0.0013054830287206266,collecTRI_weights
4367,,,,gsea_norm,mcauprc,0.6206307411193848,0.0013054830287206266,collecTRI_weights
4368,,,,gsea_norm,mcauprc,0.6189180612564087,0.0013054830287206266,collecTRI_weights
4369,,,,gsea_norm,mcauprc,0.7212627530097961,0.0013054830287206266,collecTRI_weights
4370,,,,gsea_norm,mcauprc,0.6662294268608093,0.0013054830287206266,collecTRI_weights
4371,,,,gsea_norm,mcauprc,0.7044675946235657,0.0013054830287206266,collecTRI_weights
4372,,,,gsea_norm,mcauprc,0.6836394667625427,0.0013054830287206266,collecTRI_weights
4373,,,,gsea_norm,mcauprc,0.7057639956474304,0.0013054830287206266,collecTRI_weights
4374,,,,gsea_norm,mcauprc,0.6582180261611938,0.0013054830287206266,collecTRI_weights
4375,,,,gsea_norm,mcauprc,0.6854309439659119,0.0013054830287206266,collecTRI_weights
4376,,,,gsea_norm,mcauprc,0.6497134566307068,0.0013054830287206266,collecTRI_weights
4377,,,,gsea_norm,mcauprc,0.6995754837989807,0.0013054830287206266,collecTRI_weights
4378,,,,gsea_norm,mcauprc,0.6944680213928223,0.0013054830287206266,collecTRI_weights
4379,,,,gsea_norm,mcauprc,0.7395748496055603,0.0013054830287206266,collecTRI_weights
4380,,,,gsea_norm,mcauprc,0.6690306663513184,0.0013054830287206266,collecTRI_weights
4381,,,,gsea_norm,mcauprc,0.6953476667404175,0.0013054830287206266,collecTRI_weights
4382,,,,gsea_norm,mcauprc,0.6776666045188904,0.0013054830287206266,collecTRI_weights
4383,,,,gsea_norm,mcauprc,0.6537606716156006,0.0013054830287206266,collecTRI_weights
4384,,,,gsea_norm,mcauprc,0.6651521325111389,0.0013054830287206266,collecTRI_weights
4385,,,,gsea_norm,mcauprc,0.6654641628265381,0.0013054830287206266,collecTRI_weights
4386,,,,gsea_norm,mcauprc,0.6514291763305664,0.0013054830287206266,collecTRI_weights
4387,,,,gsea_norm,mcauprc,0.7004087567329407,0.0013054830287206266,collecTRI_weights
4388,,,,gsea_norm,mcauprc,0.6996517181396484,0.0013054830287206266,collecTRI_weights
4389,,,,gsea_norm,mcauprc,0.6797131299972534,0.0013054830287206266,collecTRI_weights
4390,,,,gsea_norm,mcauprc,0.6517370939254761,0.0013054830287206266,collecTRI_weights
4391,,,,gsea_norm,mcauprc,0.6677990555763245,0.0013054830287206266,collecTRI_weights
4392,,,,gsea_norm,mcauprc,0.6614379286766052,0.0013054830287206266,collecTRI_weights
4393,,,,gsea_norm,mcauprc,0.6385301351547241,0.0013054830287206266,collecTRI_weights
4394,,,,gsea_norm,mcauprc,0.6801910996437073,0.0013054830287206266,collecTRI_weights
4395,,,,gsea_norm,mcauprc,0.6482755541801453,0.0013054830287206266,collecTRI_weights
4396,,,,gsea_norm,mcauprc,0.6887362599372864,0.0013054830287206266,collecTRI_weights
4397,,,,gsea_norm,mcauprc,0.6604675054550171,0.0013054830287206266,collecTRI_weights
4398,,,,gsea_norm,mcauprc,0.6931502223014832,0.0013054830287206266,collecTRI_weights
4399,,,,gsea_norm,mcauprc,0.6697198748588562,0.0013054830287206266,collecTRI_weights
4400,,,,gsea_norm,mcauprc,0.6795687079429626,0.0013054830287206266,collecTRI_weights
4401,,,,gsea_norm,mcauprc,0.6466999650001526,0.0013054830287206266,collecTRI_weights
4402,,,,gsea_norm,mcauprc,0.6674410104751587,0.0013054830287206266,collecTRI_weights
4403,,,,gsea_norm,mcauprc,0.6923454999923706,0.0013054830287206266,collecTRI_weights
4404,,,,gsea_norm,mcauprc,0.6684385538101196,0.0013054830287206266,collecTRI_weights
4405,,,,gsea_norm,mcauprc,0.6751174926757812,0.0013054830287206266,collecTRI_weights
4406,,,,gsea_norm,mcauprc,0.6780483722686768,0.0013054830287206266,collecTRI_weights
4407,,,,gsea_norm,mcauprc,0.6279652714729309,0.0013054830287206266,collecTRI_weights
4408,,,,gsea_norm,mcauprc,0.6614643931388855,0.0013054830287206266,collecTRI_weights
4409,,,,gsea_norm,mcauprc,0.6802394986152649,0.0013054830287206266,collecTRI_weights
4410,,,,gsea_norm,mcauprc,0.6824489831924438,0.0013054830287206266,collecTRI_weights
4411,,,,gsea_norm,mcauprc,0.6512830853462219,0.0013054830287206266,collecTRI_weights
4412,,,,gsea_norm,mcauprc,0.6851165890693665,0.0013054830287206266,collecTRI_weights
4413,,,,gsea_norm,mcauprc,0.6761784553527832,0.0013054830287206266,collecTRI_weights
4414,,,,gsea_norm,mcauprc,0.6823334097862244,0.0013054830287206266,collecTRI_weights
4415,,,,gsea_norm,mcauprc,0.6841359734535217,0.0013054830287206266,collecTRI_weights
4416,,,,gsea_norm,mcauprc,0.6759871244430542,0.0013054830287206266,collecTRI_weights
4417,,,,gsea_norm,mcauprc,0.6638150215148926,0.0013054830287206266,collecTRI_weights
4418,,,,gsea_norm,mcauprc,0.6696845889091492,0.0013054830287206266,collecTRI_weights
4419,,,,gsea_norm,mcauprc,0.7035797834396362,0.0013054830287206266,collecTRI_weights
4420,,,,gsea_norm,mcauprc,0.6942444443702698,0.0013054830287206266,collecTRI_weights
4421,,,,gsea_norm,mcauprc,0.7044991254806519,0.0013054830287206266,collecTRI_weights
4422,,,,gsea_norm,mcauprc,0.6787207722663879,0.0013054830287206266,collecTRI_weights
4423,,,,gsea_norm,mcauprc,0.6615728735923767,0.0013054830287206266,collecTRI_weights
4424,,,,gsea_norm,mcauprc,0.6576745510101318,0.0013054830287206266,collecTRI_weights
4425,,,,gsea_norm,mcauprc,0.6845642924308777,0.0013054830287206266,collecTRI_weights
4426,,,,gsea_norm,mcauprc,0.6289610862731934,0.0013054830287206266,collecTRI_weights
4427,,,,gsea_norm,mcauprc,0.6930036544799805,0.0013054830287206266,collecTRI_weights
4428,,,,gsea_norm,mcauprc,0.6518862843513489,0.0013054830287206266,collecTRI_weights
4429,,,,gsea_norm,mcauprc,0.6748650670051575,0.0013054830287206266,collecTRI_weights
4430,,,,gsea_norm,mcauprc,0.6756577491760254,0.0013054830287206266,collecTRI_weights
4431,,,,gsea_norm,mcauprc,0.6723610162734985,0.0013054830287206266,collecTRI_weights
4432,,,,gsea_norm,mcauprc,0.6836087107658386,0.0013054830287206266,collecTRI_weights
4433,,,,gsea_norm,mcauprc,0.6689980626106262,0.0013054830287206266,collecTRI_weights
4434,,,,gsea_norm,mcauprc,0.672022819519043,0.0013054830287206266,collecTRI_weights
4435,,,,gsea_norm,mcauprc,0.7052924036979675,0.0013054830287206266,collecTRI_weights
4436,,,,gsea_norm,mcauprc,0.6831144690513611,0.0013054830287206266,collecTRI_weights
4437,,,,gsea_norm,mcauprc,0.6769707798957825,0.0013054830287206266,collecTRI_weights
4438,,,,gsea_norm,mcauprc,0.6674678921699524,0.0013054830287206266,collecTRI_weights
4439,,,,gsea_norm,mcauprc,0.6634923219680786,0.0013054830287206266,collecTRI_weights
4440,,,,gsea_norm,mcauprc,0.6999481320381165,0.0013054830287206266,collecTRI_weights
4441,,,,gsea_norm,mcauprc,0.6479875445365906,0.0013054830287206266,collecTRI_weights
4442,,,,gsea_norm,mcauprc,0.6627705097198486,0.0013054830287206266,collecTRI_weights
4443,,,,gsea_norm,mcauprc,0.64642333984375,0.0013054830287206266,collecTRI_weights
4444,,,,gsea_norm,mcauprc,0.6413288712501526,0.0013054830287206266,collecTRI_weights
4445,,,,gsea_norm,mcauprc,0.6701284050941467,0.0013054830287206266,collecTRI_weights
4446,,,,gsea_norm,mcauprc,0.6798003315925598,0.0013054830287206266,collecTRI_weights
4447,,,,gsea_norm,mcauprc,0.6961043477058411,0.0013054830287206266,collecTRI_weights
4448,,,,gsea_norm,mcauprc,0.647763192653656,0.0013054830287206266,collecTRI_weights
4449,,,,gsea_norm,mcauprc,0.6774973273277283,0.0013054830287206266,collecTRI_weights
4450,,,,gsea_norm,mcauprc,0.6819279789924622,0.0013054830287206266,collecTRI_weights
4451,,,,gsea_norm,mcauprc,0.7057012319564819,0.0013054830287206266,collecTRI_weights
4452,,,,gsea_norm,mcauprc,0.6665558218955994,0.0013054830287206266,collecTRI_weights
4453,,,,gsea_norm,mcauprc,0.6459296345710754,0.0013054830287206266,collecTRI_weights
4454,,,,gsea_norm,mcauprc,0.6687367558479309,0.0013054830287206266,collecTRI_weights
4455,,,,gsea_norm,mcauprc,0.6573886275291443,0.0013054830287206266,collecTRI_weights
4456,,,,gsea_norm,mcauprc,0.6663419008255005,0.0013054830287206266,collecTRI_weights
4457,,,,gsea_norm,mcauprc,0.6488900184631348,0.0013054830287206266,collecTRI_weights
4458,,,,gsea_norm,mcauprc,0.6916139125823975,0.0013054830287206266,collecTRI_weights
4459,,,,gsea_norm,mcauprc,0.6803662776947021,0.0013054830287206266,collecTRI_weights
4460,,,,gsea_norm,mcauprc,0.665600061416626,0.0013054830287206266,collecTRI_weights
4461,,,,gsea_norm,mcauprc,0.6655539870262146,0.0013054830287206266,collecTRI_weights
4462,,,,gsea_norm,mcauprc,0.7171550393104553,0.0013054830287206266,collecTRI_weights
4463,,,,gsea_norm,mcauprc,0.6410792469978333,0.0013054830287206266,collecTRI_weights
4464,,,,gsea_norm,mcauprc,0.6663132905960083,0.0013054830287206266,collecTRI_weights
4465,,,,gsea_norm,mcauprc,0.6631374359130859,0.0013054830287206266,collecTRI_weights
4466,,,,gsea_norm,mcauprc,0.6478549242019653,0.0013054830287206266,collecTRI_weights
4467,,,,gsea_norm,mcauprc,0.6684075593948364,0.0013054830287206266,collecTRI_weights
4468,,,,gsea_norm,mcauprc,0.694847583770752,0.0013054830287206266,collecTRI_weights
4469,,,,gsea_norm,mcauprc,0.6802831888198853,0.0013054830287206266,collecTRI_weights
4470,,,,gsea_norm,mcauprc,0.6691898107528687,0.0013054830287206266,collecTRI_weights
4471,,,,gsea_norm,mcauprc,0.6431033611297607,0.0013054830287206266,collecTRI_weights
4472,,,,gsea_norm,mcauprc,0.6703393459320068,0.0013054830287206266,collecTRI_weights
4473,,,,gsea_norm,mcauprc,0.682141125202179,0.0013054830287206266,collecTRI_weights
4474,,,,gsea_norm,mcauprc,0.6662594676017761,0.0013054830287206266,collecTRI_weights
4475,,,,gsea_norm,mcauprc,0.6995449662208557,0.0013054830287206266,collecTRI_weights
4476,,,,gsea_norm,mcauprc,0.6650083661079407,0.0013054830287206266,collecTRI_weights
4477,,,,gsea_norm,mcauprc,0.6915252804756165,0.0013054830287206266,collecTRI_weights
4478,,,,gsea_norm,mcauprc,0.7099362015724182,0.0013054830287206266,collecTRI_weights
4479,,,,gsea_norm,mcauprc,0.6375256180763245,0.0013054830287206266,collecTRI_weights
4480,,,,gsea_norm,mcauprc,0.664033830165863,0.0013054830287206266,collecTRI_weights
4481,,,,gsea_norm,mcauprc,0.6586496233940125,0.0013054830287206266,collecTRI_weights
4482,,,,gsea_norm,mcauprc,0.680216908454895,0.0013054830287206266,collecTRI_weights
4483,,,,gsea_norm,mcauprc,0.7241582274436951,0.0013054830287206266,collecTRI_weights
4484,,,,gsea_norm,mcauprc,0.6744956374168396,0.0013054830287206266,collecTRI_weights
4485,,,,gsea_norm,mcauprc,0.6559547781944275,0.0013054830287206266,collecTRI_weights
4486,,,,gsea_norm,mcauprc,0.6585969924926758,0.0013054830287206266,collecTRI_weights
4487,,,,gsea_norm,mcauprc,0.6765090227127075,0.0013054830287206266,collecTRI_weights
4488,,,,gsea_norm,mcauprc,0.7223690152168274,0.0013054830287206266,collecTRI_weights
4489,,,,gsea_norm,mcauprc,0.7155076265335083,0.0013054830287206266,collecTRI_weights
4490,,,,gsea_norm,mcauprc,0.6741929054260254,0.0013054830287206266,collecTRI_weights
4491,,,,gsea_norm,mcauprc,0.672947347164154,0.0013054830287206266,collecTRI_weights
4492,,,,gsea_norm,mcauprc,0.6722858548164368,0.0013054830287206266,collecTRI_weights
4493,,,,gsea_norm,mcauprc,0.6883750557899475,0.0013054830287206266,collecTRI_weights
4494,,,,gsea_norm,mcauprc,0.664967954158783,0.0013054830287206266,collecTRI_weights
4495,,,,gsea_norm,mcauprc,0.6398642063140869,0.0013054830287206266,collecTRI_weights
4496,,,,gsea_norm,mcauprc,0.6902901530265808,0.0013054830287206266,collecTRI_weights
4497,,,,gsea_norm,mcauprc,0.6487513780593872,0.0013054830287206266,collecTRI_weights
4498,,,,gsea_norm,mcauprc,0.6584895253181458,0.0013054830287206266,collecTRI_weights
4499,,,,gsea_norm,mcauprc,0.7232675552368164,0.0013054830287206266,collecTRI_weights
4500,,,,gsea_norm,mcauprc,0.667295515537262,0.0013054830287206266,collecTRI_weights
4501,,,,gsea_norm,mcauprc,0.6800263524055481,0.0013054830287206266,collecTRI_weights
4502,,,,gsea_norm,mcauprc,0.6401751041412354,0.0013054830287206266,collecTRI_weights
4503,,,,gsea_norm,mcauprc,0.6800428628921509,0.0013054830287206266,collecTRI_weights
4504,,,,gsea_norm,mcauprc,0.6665403842926025,0.0013054830287206266,collecTRI_weights
4505,,,,gsea_norm,mcauprc,0.680799126625061,0.0013054830287206266,collecTRI_weights
4506,,,,gsea_norm,mcauprc,0.6901032328605652,0.0013054830287206266,collecTRI_weights
4507,,,,gsea_norm,mcauprc,0.6566573977470398,0.0013054830287206266,collecTRI_weights
4508,,,,gsea_norm,mcauprc,0.6528934836387634,0.0013054830287206266,collecTRI_weights
4509,,,,gsea_norm,mcauprc,0.691139280796051,0.0013054830287206266,collecTRI_weights
4510,,,,gsea_norm,mcauprc,0.6733293533325195,0.0013054830287206266,collecTRI_weights
4511,,,,gsea_norm,mcauprc,0.6866233348846436,0.0013054830287206266,collecTRI_weights
4512,,,,gsea_norm,mcauprc,0.6544278860092163,0.0013054830287206266,collecTRI_weights
4513,,,,gsea_norm,mcauprc,0.6895557045936584,0.0013054830287206266,collecTRI_weights
4514,,,,gsea_norm,mcauprc,0.6433563828468323,0.0013054830287206266,collecTRI_weights
4515,,,,gsea_norm,mcauprc,0.6796672940254211,0.0013054830287206266,collecTRI_weights
4516,,,,gsea_norm,mcauprc,0.689426064491272,0.0013054830287206266,collecTRI_weights
4517,,,,gsea_norm,mcauprc,0.6695759296417236,0.0013054830287206266,collecTRI_weights
4518,,,,gsea_norm,mcauprc,0.6952651143074036,0.0013054830287206266,collecTRI_weights
4519,,,,gsea_norm,mcauprc,0.657067060470581,0.0013054830287206266,collecTRI_weights
4520,,,,gsea_norm,mcauprc,0.6590693593025208,0.0013054830287206266,collecTRI_weights
4521,,,,gsea_norm,mcauprc,0.6703933477401733,0.0013054830287206266,collecTRI_weights
4522,,,,gsea_norm,mcauprc,0.6705642938613892,0.0013054830287206266,collecTRI_weights
4523,,,,gsea_norm,mcauprc,0.66339111328125,0.0013054830287206266,collecTRI_weights
4524,,,,gsea_norm,mcauprc,0.6648647785186768,0.0013054830287206266,collecTRI_weights
4525,,,,gsea_norm,mcauprc,0.6603643298149109,0.0013054830287206266,collecTRI_weights
4526,,,,gsea_norm,mcauprc,0.6811103224754333,0.0013054830287206266,collecTRI_weights
4527,,,,gsea_norm,mcauprc,0.6704515814781189,0.0013054830287206266,collecTRI_weights
4528,,,,gsea_norm,mcauprc,0.6862702369689941,0.0013054830287206266,collecTRI_weights
4529,,,,gsea_norm,mcauprc,0.6913431882858276,0.0013054830287206266,collecTRI_weights
4530,,,,gsea_norm,mcauprc,0.6597915887832642,0.0013054830287206266,collecTRI_weights
4531,,,,gsea_norm,mcauprc,0.6894329786300659,0.0013054830287206266,collecTRI_weights
4532,,,,gsea_norm,mcauprc,0.673516035079956,0.0013054830287206266,collecTRI_weights
4533,,,,gsea_norm,mcauprc,0.6802482604980469,0.0013054830287206266,collecTRI_weights
4534,,,,gsea_norm,mcauprc,0.6694740056991577,0.0013054830287206266,collecTRI_weights
4535,,,,gsea_norm,mcauprc,0.6931376457214355,0.0013054830287206266,collecTRI_weights
4536,,,,gsea_norm,mcauprc,0.7131951451301575,0.0013054830287206266,collecTRI_weights
4537,,,,gsea_norm,mcauprc,0.6693801879882812,0.0013054830287206266,collecTRI_weights
4538,,,,gsea_norm,mcauprc,0.7064658403396606,0.0013054830287206266,collecTRI_weights
4539,,,,gsea_norm,mcauprc,0.6333431005477905,0.0013054830287206266,collecTRI_weights
4540,,,,gsea_norm,mcauprc,0.7100574970245361,0.0013054830287206266,collecTRI_weights
4541,,,,gsea_norm,mcauprc,0.6974263191223145,0.0013054830287206266,collecTRI_weights
4542,,,,gsea_norm,mcauprc,0.6656016111373901,0.0013054830287206266,collecTRI_weights
4543,,,,gsea_norm,mcauprc,0.6549083590507507,0.0013054830287206266,collecTRI_weights
4544,,,,gsea_norm,mcauprc,0.6300163865089417,0.0013054830287206266,collecTRI_weights
4545,,,,gsea_norm,mcauprc,0.7000916004180908,0.0013054830287206266,collecTRI_weights
4546,,,,gsea_norm,mcauprc,0.685303270816803,0.0013054830287206266,collecTRI_weights
4547,,,,gsea_norm,mcauprc,0.6855471134185791,0.0013054830287206266,collecTRI_weights
4548,,,,gsea_norm,mcauprc,0.6550255417823792,0.0013054830287206266,collecTRI_weights
4549,,,,gsea_norm,mcauprc,0.6779245138168335,0.0013054830287206266,collecTRI_weights
4550,,,,gsea_norm,mcauprc,0.6464163064956665,0.0013054830287206266,collecTRI_weights
4551,,,,gsea_norm,mcauprc,0.6785269975662231,0.0013054830287206266,collecTRI_weights
4552,,,,gsea_norm,mcauprc,0.6471217274665833,0.0013054830287206266,collecTRI_weights
4553,,,,gsea_norm,mcauprc,0.6555954813957214,0.0013054830287206266,collecTRI_weights
4554,,,,gsea_norm,mcauprc,0.6711530685424805,0.0013054830287206266,collecTRI_weights
4555,,,,gsea_norm,mcauprc,0.7100028395652771,0.0013054830287206266,collecTRI_weights
4556,,,,gsea_norm,mcauprc,0.6534441709518433,0.0013054830287206266,collecTRI_weights
4557,,,,gsea_norm,mcauprc,0.6598176956176758,0.0013054830287206266,collecTRI_weights
4558,,,,gsea_norm,mcauprc,0.701397180557251,0.0013054830287206266,collecTRI_weights
4559,,,,gsea_norm,mcauprc,0.688121497631073,0.0013054830287206266,collecTRI_weights
4560,,,,gsea_norm,mcauprc,0.6521927714347839,0.0013054830287206266,collecTRI_weights
4561,,,,gsea_norm,mcauprc,0.7058151960372925,0.0013054830287206266,collecTRI_weights
4562,,,,gsea_norm,mcauprc,0.6946085691452026,0.0013054830287206266,collecTRI_weights
4563,,,,gsea_norm,rank,558.0,,collecTRI_weights
4564,,,,gsea_norm,rank,506.0,,collecTRI_weights
4565,,,,gsea_norm,rank,304.0,,collecTRI_weights
4566,,,,gsea_norm,rank,520.0,,collecTRI_weights
4567,,,,gsea_norm,rank,621.0,,collecTRI_weights
4568,,,,gsea_norm,rank,468.0,,collecTRI_weights
4569,,,,gsea_norm,rank,179.0,,collecTRI_weights
4570,,,,gsea_norm,rank,450.0,,collecTRI_weights
4571,,,,gsea_norm,rank,584.0,,collecTRI_weights
4572,,,,gsea_norm,rank,203.0,,collecTRI_weights
4573,,,,gsea_norm,rank,333.0,,collecTRI_weights
4574,,,,gsea_norm,rank,454.0,,collecTRI_weights
4575,,,,gsea_norm,rank,33.0,,collecTRI_weights
4576,,,,gsea_norm,rank,8.0,,collecTRI_weights
4577,,,,gsea_norm,rank,108.0,,collecTRI_weights
4578,,,,gsea_norm,rank,161.0,,collecTRI_weights
4579,,,,gsea_norm,rank,38.0,,collecTRI_weights
4580,,,,gsea_norm,rank,144.0,,collecTRI_weights
4581,,,,gsea_norm,rank,91.0,,collecTRI_weights
4582,,,,gsea_norm,rank,55.0,,collecTRI_weights
4583,,,,gsea_norm,rank,754.0,,collecTRI_weights
4584,,,,gsea_norm,rank,370.0,,collecTRI_weights
4585,,,,gsea_norm,rank,571.0,,collecTRI_weights
4586,,,,gsea_norm,rank,452.0,,collecTRI_weights
4587,,,,gsea_norm,rank,115.0,,collecTRI_weights
4588,,,,gsea_norm,rank,297.0,,collecTRI_weights
4589,,,,gsea_norm,rank,613.0,,collecTRI_weights
4590,,,,gsea_norm,rank,6.0,,collecTRI_weights
4591,,,,gsea_norm,rank,631.0,,collecTRI_weights
4592,,,,gsea_norm,rank,286.0,,collecTRI_weights
4593,,,,gsea_norm,rank,13.0,,collecTRI_weights
4594,,,,gsea_norm,rank,77.0,,collecTRI_weights
4595,,,,gsea_norm,rank,326.0,,collecTRI_weights
4596,,,,gsea_norm,rank,540.0,,collecTRI_weights
4597,,,,gsea_norm,rank,87.0,,collecTRI_weights
4598,,,,gsea_norm,rank,556.0,,collecTRI_weights
4599,,,,gsea_norm,rank,291.0,,collecTRI_weights
4600,,,,gsea_norm,rank,136.0,,collecTRI_weights
4601,,,,gsea_norm,rank,36.0,,collecTRI_weights
4602,,,,gsea_norm,rank,25.0,,collecTRI_weights
4603,,,,gsea_norm,rank,27.0,,collecTRI_weights
4604,,,,gsea_norm,rank,114.0,,collecTRI_weights
4605,,,,gsea_norm,rank,353.0,,collecTRI_weights
4606,,,,gsea_norm,rank,223.0,,collecTRI_weights
4607,,,,gsea_norm,rank,364.0,,collecTRI_weights
4608,,,,gsea_norm,rank,2.0,,collecTRI_weights
4609,,,,gsea_norm,rank,510.0,,collecTRI_weights
4610,,,,gsea_norm,rank,697.0,,collecTRI_weights
4611,,,,gsea_norm,rank,690.0,,collecTRI_weights
4612,,,,gsea_norm,rank,588.0,,collecTRI_weights
4613,,,,gsea_norm,rank,72.0,,collecTRI_weights
4614,,,,gsea_norm,rank,56.0,,collecTRI_weights
4615,,,,gsea_norm,rank,21.0,,collecTRI_weights
4616,,,,gsea_norm,rank,176.0,,collecTRI_weights
4617,,,,gsea_norm,rank,626.0,,collecTRI_weights
4618,,,,gsea_norm,rank,85.0,,collecTRI_weights
4619,,,,gsea_norm,rank,18.0,,collecTRI_weights
4620,,,,gsea_norm,rank,296.0,,collecTRI_weights
4621,,,,gsea_norm,rank,85.0,,collecTRI_weights
4622,,,,gsea_norm,rank,646.0,,collecTRI_weights
4623,,,,gsea_norm,rank,528.0,,collecTRI_weights
4624,,,,gsea_norm,rank,221.0,,collecTRI_weights
4625,,,,gsea_norm,rank,27.0,,collecTRI_weights
4626,,,,gsea_norm,rank,285.0,,collecTRI_weights
4627,,,,gsea_norm,rank,27.0,,collecTRI_weights
4628,,,,gsea_norm,rank,59.0,,collecTRI_weights
4629,,,,gsea_norm,rank,766.0,,collecTRI_weights
4630,,,,gsea_norm,rank,761.0,,collecTRI_weights
4631,,,,gsea_norm,rank,34.0,,collecTRI_weights
4632,,,,gsea_norm,rank,766.0,,collecTRI_weights
4633,,,,gsea_norm,rank,30.0,,collecTRI_weights
4634,,,,gsea_norm,rank,126.0,,collecTRI_weights
4635,,,,gsea_norm,rank,558.0,,collecTRI_weights
4636,,,,gsea_norm,rank,19.0,,collecTRI_weights
4637,,,,gsea_norm,rank,38.0,,collecTRI_weights
4638,,,,gsea_norm,rank,161.0,,collecTRI_weights
4639,,,,gsea_norm,rank,2.0,,collecTRI_weights
4640,,,,gsea_norm,rank,22.0,,collecTRI_weights
4641,,,,gsea_norm,rank,120.0,,collecTRI_weights
4642,,,,gsea_norm,rank,109.0,,collecTRI_weights
4643,,,,gsea_norm,rank,21.0,,collecTRI_weights
4644,,,,gsea_norm,rank,319.0,,collecTRI_weights
4645,,,,gsea_norm,rank,149.0,,collecTRI_weights
4646,,,,gsea_norm,rank,82.0,,collecTRI_weights
4647,,,,gsea_norm,rank,742.0,,collecTRI_weights
4648,,,,gsea_norm,rank,628.0,,collecTRI_weights
4649,,,,gsea_norm,rank,63.0,,collecTRI_weights
4650,,,,gsea_norm,rank,195.0,,collecTRI_weights
4651,,,,gsea_norm,rank,8.0,,collecTRI_weights
4652,,,,gsea_norm,rank,44.0,,collecTRI_weights
4653,,,,gsea_norm,rank,691.0,,collecTRI_weights
4654,,,,gsea_norm,rank,94.0,,collecTRI_weights
4655,,,,gsea_norm,rank,20.0,,collecTRI_weights
4656,,,,gsea_norm,rank,506.0,,collecTRI_weights
4657,,,,gsea_norm,rank,22.0,,collecTRI_weights
4658,,,,gsea_norm,rank,105.0,,collecTRI_weights
4659,,,,gsea_norm,rank,78.0,,collecTRI_weights
4660,,,,gsea_norm,rank,136.0,,collecTRI_weights
4661,,,,gsea_norm,rank,190.0,,collecTRI_weights
4662,,,,gsea_norm,rank,148.0,,collecTRI_weights
4663,,,,gsea_norm,rank,32.0,,collecTRI_weights
4664,,,,gsea_norm,rank,766.0,,collecTRI_weights
4665,,,,gsea_norm,rank,2.0,,collecTRI_weights
4666,,,,gsea_norm,rank,22.0,,collecTRI_weights
4667,,,,gsea_norm,rank,85.0,,collecTRI_weights
4668,,,,gsea_norm,rank,42.0,,collecTRI_weights
4669,,,,gsea_norm,rank,251.0,,collecTRI_weights
4670,,,,gsea_norm,rank,18.0,,collecTRI_weights
4671,,,,gsea_norm,rank,21.0,,collecTRI_weights
4672,,,,gsea_norm,rank,231.0,,collecTRI_weights
4673,,,,gsea_norm,rank,30.0,,collecTRI_weights
4674,,,,gsea_norm,rank,164.0,,collecTRI_weights
4675,,,,gsea_norm,rank,89.0,,collecTRI_weights
4676,,,,gsea_norm,rank,45.0,,collecTRI_weights
4677,,,,gsea_norm,rank,112.0,,collecTRI_weights
4678,,,,gsea_norm,rank,56.0,,collecTRI_weights
4679,,,,gsea_norm,rank,704.0,,collecTRI_weights
4680,,,,gsea_norm,rank,350.0,,collecTRI_weights
4681,,,,gsea_norm,rank,47.0,,collecTRI_weights
4682,,,,gsea_norm,rank,87.0,,collecTRI_weights
4683,,,,gsea_norm,rank,201.0,,collecTRI_weights
4684,,,,gsea_norm,rank,5.0,,collecTRI_weights
4685,,,,gsea_norm,rank,19.0,,collecTRI_weights
4686,,,,gsea_norm,rank,64.0,,collecTRI_weights
4687,,,,gsea_norm,rank,283.0,,collecTRI_weights
4688,,,,gsea_norm,rank,386.0,,collecTRI_weights
4689,,,,gsea_norm,rank,171.0,,collecTRI_weights
4690,,,,gsea_norm,rank,34.0,,collecTRI_weights
4691,,,,gsea_norm,rank,36.0,,collecTRI_weights
4692,,,,gsea_norm,rank,99.0,,collecTRI_weights
4693,,,,gsea_norm,rank,166.0,,collecTRI_weights
4694,,,,gsea_norm,rank,36.0,,collecTRI_weights
4695,,,,gsea_norm,rank,208.0,,collecTRI_weights
4696,,,,gsea_norm,rank,757.0,,collecTRI_weights
4697,,,,gsea_norm,rank,27.0,,collecTRI_weights
4698,,,,gsea_norm,rank,232.0,,collecTRI_weights
4699,,,,gsea_norm,rank,333.0,,collecTRI_weights
4700,,,,gsea_norm,rank,333.0,,collecTRI_weights
4701,,,,gsea_norm,rank,42.0,,collecTRI_weights
4702,,,,gsea_norm,rank,125.0,,collecTRI_weights
4703,,,,gsea_norm,rank,1.0,,collecTRI_weights
4704,,,,gsea_norm,rank,22.0,,collecTRI_weights
4705,,,,gsea_norm,rank,22.0,,collecTRI_weights
4706,,,,gsea_norm,rank,17.0,,collecTRI_weights
4707,,,,gsea_norm,rank,633.0,,collecTRI_weights
4708,,,,gsea_norm,rank,223.0,,collecTRI_weights
4709,,,,gsea_norm,rank,766.0,,collecTRI_weights
4710,,,,gsea_norm,rank,766.0,,collecTRI_weights
4711,,,,gsea_norm,rank,418.0,,collecTRI_weights
4712,,,,gsea_norm,rank,546.0,,collecTRI_weights
4713,,,,gsea_norm,rank,54.0,,collecTRI_weights
4714,,,,gsea_norm,rank,462.0,,collecTRI_weights
4715,,,,gsea_norm,rank,2.0,,collecTRI_weights
4716,,,,gsea_norm,rank,82.0,,collecTRI_weights
4717,,,,gsea_norm,rank,269.0,,collecTRI_weights
4718,,,,gsea_norm,rank,578.0,,collecTRI_weights
4719,,,,gsea_norm,rank,531.0,,collecTRI_weights
4720,,,,gsea_norm,rank,115.0,,collecTRI_weights
4721,,,,gsea_norm,rank,367.0,,collecTRI_weights
4722,,,,gsea_norm,rank,17.0,,collecTRI_weights
4723,,,,gsea_norm,rank,41.0,,collecTRI_weights
4724,,,,gsea_norm,rank,508.0,,collecTRI_weights
4725,,,,gsea_norm,rank,421.0,,collecTRI_weights
4726,,,,gsea_norm,rank,341.0,,collecTRI_weights
4727,,,,gsea_norm,rank,10.0,,collecTRI_weights
4728,,,,gsea_norm,rank,710.0,,collecTRI_weights
4729,,,,gsea_norm,rank,39.0,,collecTRI_weights
4730,,,,gsea_norm,rank,621.0,,collecTRI_weights
4731,,,,gsea_norm,rank,671.0,,collecTRI_weights
4732,,,,gsea_norm,rank,9.0,,collecTRI_weights
4733,,,,gsea_norm,rank,86.0,,collecTRI_weights
4734,,,,gsea_norm,rank,130.0,,collecTRI_weights
4735,,,,gsea_norm,rank,238.0,,collecTRI_weights
4736,,,,gsea_norm,rank,543.0,,collecTRI_weights
4737,,,,gsea_norm,rank,562.0,,collecTRI_weights
4738,,,,gsea_norm,rank,577.0,,collecTRI_weights
4739,,,,gsea_norm,rank,74.0,,collecTRI_weights
4740,,,,gsea_norm,rank,210.0,,collecTRI_weights
4741,,,,gsea_norm,rank,64.0,,collecTRI_weights
4742,,,,gsea_norm,rank,699.0,,collecTRI_weights
4743,,,,gsea_norm,rank,116.0,,collecTRI_weights
4744,,,,gsea_norm,rank,295.0,,collecTRI_weights
4745,,,,gsea_norm,rank,589.0,,collecTRI_weights
4746,,,,gsea_norm,rank,564.0,,collecTRI_weights
4747,,,,gsea_norm,rank,127.0,,collecTRI_weights
4748,,,,gsea_norm,rank,592.0,,collecTRI_weights
4749,,,,gsea_norm,rank,28.0,,collecTRI_weights
4750,,,,gsea_norm,rank,124.0,,collecTRI_weights
4751,,,,gsea_norm,rank,52.0,,collecTRI_weights
4752,,,,gsea_norm,rank,10.0,,collecTRI_weights
4753,,,,gsea_norm,rank,42.0,,collecTRI_weights
4754,,,,gsea_norm,rank,443.0,,collecTRI_weights
4755,,,,gsea_norm,rank,115.0,,collecTRI_weights
4756,,,,gsea_norm,rank,425.0,,collecTRI_weights
4757,,,,gsea_norm,rank,593.0,,collecTRI_weights
4758,,,,gsea_norm,rank,94.0,,collecTRI_weights
4759,,,,gsea_norm,rank,153.0,,collecTRI_weights
4760,,,,gsea_norm,rank,167.0,,collecTRI_weights
4761,,,,gsea_norm,rank,743.0,,collecTRI_weights
4762,,,,gsea_norm,rank,114.0,,collecTRI_weights
4763,,,,gsea_norm,rank,376.0,,collecTRI_weights
4764,,,,gsea_norm,rank,568.0,,collecTRI_weights
4765,,,,gsea_norm,rank,64.0,,collecTRI_weights
4766,,,,gsea_norm,rank,92.0,,collecTRI_weights
4767,,,,gsea_norm,rank,12.0,,collecTRI_weights
4768,,,,gsea_norm,rank,162.0,,collecTRI_weights
4769,,,,gsea_norm,rank,42.0,,collecTRI_weights
4770,,,,gsea_norm,rank,86.0,,collecTRI_weights
4771,,,,gsea_norm,rank,13.0,,collecTRI_weights
4772,,,,gsea_norm,rank,219.0,,collecTRI_weights
4773,,,,gsea_norm,rank,114.0,,collecTRI_weights
4774,,,,gsea_norm,rank,407.0,,collecTRI_weights
4775,,,,gsea_norm,rank,649.0,,collecTRI_weights
4776,,,,gsea_norm,rank,119.0,,collecTRI_weights
4777,,,,gsea_norm,rank,243.0,,collecTRI_weights
4778,,,,gsea_norm,rank,37.0,,collecTRI_weights
4779,,,,gsea_norm,rank,36.0,,collecTRI_weights
4780,,,,gsea_norm,rank,441.0,,collecTRI_weights
4781,,,,gsea_norm,rank,5.0,,collecTRI_weights
4782,,,,gsea_norm,rank,120.0,,collecTRI_weights
4783,,,,gsea_norm,rank,3.0,,collecTRI_weights
4784,,,,gsea_norm,rank,44.0,,collecTRI_weights
4785,,,,gsea_norm,rank,150.0,,collecTRI_weights
4786,,,,gsea_norm,rank,202.0,,collecTRI_weights
4787,,,,gsea_norm,rank,91.0,,collecTRI_weights
4788,,,,gsea_norm,rank,7.0,,collecTRI_weights
4789,,,,gsea_norm,rank,56.0,,collecTRI_weights
4790,,,,gsea_norm,rank,55.0,,collecTRI_weights
4791,,,,gsea_norm,rank,18.0,,collecTRI_weights
4792,,,,gsea_norm,rank,433.0,,collecTRI_weights
4793,,,,gsea_norm,rank,372.0,,collecTRI_weights
4794,,,,gsea_norm,rank,212.0,,collecTRI_weights
4795,,,,gsea_norm,rank,36.0,,collecTRI_weights
4796,,,,gsea_norm,rank,51.0,,collecTRI_weights
4797,,,,gsea_norm,rank,51.0,,collecTRI_weights
4798,,,,gsea_norm,rank,187.0,,collecTRI_weights
4799,,,,gsea_norm,rank,195.0,,collecTRI_weights
4800,,,,gsea_norm,rank,355.0,,collecTRI_weights
4801,,,,gsea_norm,rank,492.0,,collecTRI_weights
4802,,,,gsea_norm,rank,410.0,,collecTRI_weights
4803,,,,gsea_norm,rank,26.0,,collecTRI_weights
4804,,,,gsea_norm,rank,21.0,,collecTRI_weights
4805,,,,gsea_norm,rank,218.0,,collecTRI_weights
4806,,,,gsea_norm,rank,766.0,,collecTRI_weights
4807,,,,gsea_norm,rank,42.0,,collecTRI_weights
4808,,,,gsea_norm,rank,650.0,,collecTRI_weights
4809,,,,gsea_norm,rank,73.0,,collecTRI_weights
4810,,,,gsea_norm,rank,221.0,,collecTRI_weights
4811,,,,gsea_norm,rank,140.0,,collecTRI_weights
4812,,,,gsea_norm,rank,1.0,,collecTRI_weights
4813,,,,gsea_norm,rank,551.0,,collecTRI_weights
4814,,,,gsea_norm,rank,342.0,,collecTRI_weights
4815,,,,gsea_norm,rank,21.0,,collecTRI_weights
4816,,,,gsea_norm,rank,515.0,,collecTRI_weights
4817,,,,gsea_norm,rank,652.0,,collecTRI_weights
4818,,,,gsea_norm,rank,108.0,,collecTRI_weights
4819,,,,gsea_norm,rank,75.0,,collecTRI_weights
4820,,,,gsea_norm,rank,564.0,,collecTRI_weights
4821,,,,gsea_norm,rank,117.0,,collecTRI_weights
4822,,,,gsea_norm,rank,63.0,,collecTRI_weights
4823,,,,gsea_norm,rank,256.0,,collecTRI_weights
4824,,,,gsea_norm,rank,151.0,,collecTRI_weights
4825,,,,gsea_norm,rank,82.0,,collecTRI_weights
4826,,,,gsea_norm,rank,119.0,,collecTRI_weights
4827,,,,gsea_norm,rank,233.0,,collecTRI_weights
4828,,,,gsea_norm,rank,502.0,,collecTRI_weights
4829,,,,gsea_norm,rank,38.0,,collecTRI_weights
4830,,,,gsea_norm,rank,34.0,,collecTRI_weights
4831,,,,gsea_norm,rank,643.0,,collecTRI_weights
4832,,,,gsea_norm,rank,14.0,,collecTRI_weights
4833,,,,gsea_norm,rank,391.0,,collecTRI_weights
4834,,,,gsea_norm,rank,16.0,,collecTRI_weights
4835,,,,gsea_norm,rank,588.0,,collecTRI_weights
4836,,,,gsea_norm,rank,167.0,,collecTRI_weights
4837,,,,gsea_norm,rank,513.0,,collecTRI_weights
4838,,,,gsea_norm,rank,255.0,,collecTRI_weights
4839,,,,gsea_norm,rank,653.0,,collecTRI_weights
4840,,,,gsea_norm,rank,432.0,,collecTRI_weights
4841,,,,gsea_norm,rank,320.0,,collecTRI_weights
4842,,,,gsea_norm,nrank,0.7281045751633987,,collecTRI_weights
4843,,,,gsea_norm,nrank,0.6601307189542484,,collecTRI_weights
4844,,,,gsea_norm,nrank,0.396078431372549,,collecTRI_weights
4845,,,,gsea_norm,nrank,0.6784313725490196,,collecTRI_weights
4846,,,,gsea_norm,nrank,0.8104575163398693,,collecTRI_weights
4847,,,,gsea_norm,nrank,0.6104575163398693,,collecTRI_weights
4848,,,,gsea_norm,nrank,0.2326797385620915,,collecTRI_weights
4849,,,,gsea_norm,nrank,0.5869281045751634,,collecTRI_weights
4850,,,,gsea_norm,nrank,0.7620915032679738,,collecTRI_weights
4851,,,,gsea_norm,nrank,0.26405228758169935,,collecTRI_weights
4852,,,,gsea_norm,nrank,0.4339869281045752,,collecTRI_weights
4853,,,,gsea_norm,nrank,0.592156862745098,,collecTRI_weights
4854,,,,gsea_norm,nrank,0.04183006535947712,,collecTRI_weights
4855,,,,gsea_norm,nrank,0.009150326797385621,,collecTRI_weights
4856,,,,gsea_norm,nrank,0.13986928104575164,,collecTRI_weights
4857,,,,gsea_norm,nrank,0.20915032679738563,,collecTRI_weights
4858,,,,gsea_norm,nrank,0.048366013071895426,,collecTRI_weights
4859,,,,gsea_norm,nrank,0.1869281045751634,,collecTRI_weights
4860,,,,gsea_norm,nrank,0.11764705882352941,,collecTRI_weights
4861,,,,gsea_norm,nrank,0.07058823529411765,,collecTRI_weights
4862,,,,gsea_norm,nrank,0.984313725490196,,collecTRI_weights
4863,,,,gsea_norm,nrank,0.4823529411764706,,collecTRI_weights
4864,,,,gsea_norm,nrank,0.7450980392156863,,collecTRI_weights
4865,,,,gsea_norm,nrank,0.5895424836601307,,collecTRI_weights
4866,,,,gsea_norm,nrank,0.14901960784313725,,collecTRI_weights
4867,,,,gsea_norm,nrank,0.3869281045751634,,collecTRI_weights
4868,,,,gsea_norm,nrank,0.8,,collecTRI_weights
4869,,,,gsea_norm,nrank,0.006535947712418301,,collecTRI_weights
4870,,,,gsea_norm,nrank,0.8235294117647058,,collecTRI_weights
4871,,,,gsea_norm,nrank,0.37254901960784315,,collecTRI_weights
4872,,,,gsea_norm,nrank,0.014397905759162303,,collecTRI_weights
4873,,,,gsea_norm,nrank,0.09934640522875816,,collecTRI_weights
4874,,,,gsea_norm,nrank,0.42483660130718953,,collecTRI_weights
4875,,,,gsea_norm,nrank,0.7045751633986929,,collecTRI_weights
4876,,,,gsea_norm,nrank,0.11241830065359477,,collecTRI_weights
4877,,,,gsea_norm,nrank,0.7254901960784313,,collecTRI_weights
4878,,,,gsea_norm,nrank,0.3790849673202614,,collecTRI_weights
4879,,,,gsea_norm,nrank,0.17647058823529413,,collecTRI_weights
4880,,,,gsea_norm,nrank,0.0457516339869281,,collecTRI_weights
4881,,,,gsea_norm,nrank,0.03137254901960784,,collecTRI_weights
4882,,,,gsea_norm,nrank,0.03398692810457516,,collecTRI_weights
4883,,,,gsea_norm,nrank,0.1477124183006536,,collecTRI_weights
4884,,,,gsea_norm,nrank,0.46013071895424834,,collecTRI_weights
4885,,,,gsea_norm,nrank,0.2901960784313726,,collecTRI_weights
4886,,,,gsea_norm,nrank,0.4745098039215686,,collecTRI_weights
4887,,,,gsea_norm,nrank,0.00130718954248366,,collecTRI_weights
4888,,,,gsea_norm,nrank,0.665359477124183,,collecTRI_weights
4889,,,,gsea_norm,nrank,0.9098039215686274,,collecTRI_weights
4890,,,,gsea_norm,nrank,0.9006535947712418,,collecTRI_weights
4891,,,,gsea_norm,nrank,0.7673202614379085,,collecTRI_weights
4892,,,,gsea_norm,nrank,0.09221713538260301,,collecTRI_weights
4893,,,,gsea_norm,nrank,0.0718954248366013,,collecTRI_weights
4894,,,,gsea_norm,nrank,0.026143790849673203,,collecTRI_weights
4895,,,,gsea_norm,nrank,0.22875816993464052,,collecTRI_weights
4896,,,,gsea_norm,nrank,0.8169934640522876,,collecTRI_weights
4897,,,,gsea_norm,nrank,0.10980392156862745,,collecTRI_weights
4898,,,,gsea_norm,nrank,0.022222222222222223,,collecTRI_weights
4899,,,,gsea_norm,nrank,0.38562091503267976,,collecTRI_weights
4900,,,,gsea_norm,nrank,0.10980392156862745,,collecTRI_weights
4901,,,,gsea_norm,nrank,0.8431372549019608,,collecTRI_weights
4902,,,,gsea_norm,nrank,0.6888888888888889,,collecTRI_weights
4903,,,,gsea_norm,nrank,0.2875816993464052,,collecTRI_weights
4904,,,,gsea_norm,nrank,0.03398692810457516,,collecTRI_weights
4905,,,,gsea_norm,nrank,0.3712418300653595,,collecTRI_weights
4906,,,,gsea_norm,nrank,0.03398692810457516,,collecTRI_weights
4907,,,,gsea_norm,nrank,0.07581699346405228,,collecTRI_weights
4908,,,,gsea_norm,nrank,1.0,,collecTRI_weights
4909,,,,gsea_norm,nrank,0.9934640522875817,,collecTRI_weights
4910,,,,gsea_norm,nrank,0.043137254901960784,,collecTRI_weights
4911,,,,gsea_norm,nrank,1.0,,collecTRI_weights
4912,,,,gsea_norm,nrank,0.03790849673202614,,collecTRI_weights
4913,,,,gsea_norm,nrank,0.16339869281045752,,collecTRI_weights
4914,,,,gsea_norm,nrank,0.7281045751633987,,collecTRI_weights
4915,,,,gsea_norm,nrank,0.023529411764705882,,collecTRI_weights
4916,,,,gsea_norm,nrank,0.048366013071895426,,collecTRI_weights
4917,,,,gsea_norm,nrank,0.20915032679738563,,collecTRI_weights
4918,,,,gsea_norm,nrank,0.00130718954248366,,collecTRI_weights
4919,,,,gsea_norm,nrank,0.027450980392156862,,collecTRI_weights
4920,,,,gsea_norm,nrank,0.15555555555555556,,collecTRI_weights
4921,,,,gsea_norm,nrank,0.1411764705882353,,collecTRI_weights
4922,,,,gsea_norm,nrank,0.026143790849673203,,collecTRI_weights
4923,,,,gsea_norm,nrank,0.41568627450980394,,collecTRI_weights
4924,,,,gsea_norm,nrank,0.1934640522875817,,collecTRI_weights
4925,,,,gsea_norm,nrank,0.10588235294117647,,collecTRI_weights
4926,,,,gsea_norm,nrank,0.9686274509803922,,collecTRI_weights
4927,,,,gsea_norm,nrank,0.8196078431372549,,collecTRI_weights
4928,,,,gsea_norm,nrank,0.08104575163398693,,collecTRI_weights
4929,,,,gsea_norm,nrank,0.25359477124183005,,collecTRI_weights
4930,,,,gsea_norm,nrank,0.009150326797385621,,collecTRI_weights
4931,,,,gsea_norm,nrank,0.05620915032679739,,collecTRI_weights
4932,,,,gsea_norm,nrank,0.9019607843137255,,collecTRI_weights
4933,,,,gsea_norm,nrank,0.12156862745098039,,collecTRI_weights
4934,,,,gsea_norm,nrank,0.02483660130718954,,collecTRI_weights
4935,,,,gsea_norm,nrank,0.6601307189542484,,collecTRI_weights
4936,,,,gsea_norm,nrank,0.027450980392156862,,collecTRI_weights
4937,,,,gsea_norm,nrank,0.13594771241830064,,collecTRI_weights
4938,,,,gsea_norm,nrank,0.10065359477124183,,collecTRI_weights
4939,,,,gsea_norm,nrank,0.17647058823529413,,collecTRI_weights
4940,,,,gsea_norm,nrank,0.24705882352941178,,collecTRI_weights
4941,,,,gsea_norm,nrank,0.19215686274509805,,collecTRI_weights
4942,,,,gsea_norm,nrank,0.040522875816993466,,collecTRI_weights
4943,,,,gsea_norm,nrank,1.0,,collecTRI_weights
4944,,,,gsea_norm,nrank,0.00130718954248366,,collecTRI_weights
4945,,,,gsea_norm,nrank,0.027450980392156862,,collecTRI_weights
4946,,,,gsea_norm,nrank,0.10980392156862745,,collecTRI_weights
4947,,,,gsea_norm,nrank,0.05359477124183006,,collecTRI_weights
4948,,,,gsea_norm,nrank,0.32679738562091504,,collecTRI_weights
4949,,,,gsea_norm,nrank,0.022222222222222223,,collecTRI_weights
4950,,,,gsea_norm,nrank,0.026143790849673203,,collecTRI_weights
4951,,,,gsea_norm,nrank,0.3006535947712418,,collecTRI_weights
4952,,,,gsea_norm,nrank,0.03790849673202614,,collecTRI_weights
4953,,,,gsea_norm,nrank,0.2130718954248366,,collecTRI_weights
4954,,,,gsea_norm,nrank,0.11503267973856209,,collecTRI_weights
4955,,,,gsea_norm,nrank,0.05751633986928104,,collecTRI_weights
4956,,,,gsea_norm,nrank,0.1450980392156863,,collecTRI_weights
4957,,,,gsea_norm,nrank,0.0718954248366013,,collecTRI_weights
4958,,,,gsea_norm,nrank,0.918954248366013,,collecTRI_weights
4959,,,,gsea_norm,nrank,0.4562091503267974,,collecTRI_weights
4960,,,,gsea_norm,nrank,0.06013071895424837,,collecTRI_weights
4961,,,,gsea_norm,nrank,0.11241830065359477,,collecTRI_weights
4962,,,,gsea_norm,nrank,0.26143790849673204,,collecTRI_weights
4963,,,,gsea_norm,nrank,0.00522875816993464,,collecTRI_weights
4964,,,,gsea_norm,nrank,0.023529411764705882,,collecTRI_weights
4965,,,,gsea_norm,nrank,0.08235294117647059,,collecTRI_weights
4966,,,,gsea_norm,nrank,0.3686274509803922,,collecTRI_weights
4967,,,,gsea_norm,nrank,0.5032679738562091,,collecTRI_weights
4968,,,,gsea_norm,nrank,0.2222222222222222,,collecTRI_weights
4969,,,,gsea_norm,nrank,0.043137254901960784,,collecTRI_weights
4970,,,,gsea_norm,nrank,0.0457516339869281,,collecTRI_weights
4971,,,,gsea_norm,nrank,0.12810457516339868,,collecTRI_weights
4972,,,,gsea_norm,nrank,0.21568627450980393,,collecTRI_weights
4973,,,,gsea_norm,nrank,0.0457516339869281,,collecTRI_weights
4974,,,,gsea_norm,nrank,0.27058823529411763,,collecTRI_weights
4975,,,,gsea_norm,nrank,0.9882352941176471,,collecTRI_weights
4976,,,,gsea_norm,nrank,0.03398692810457516,,collecTRI_weights
4977,,,,gsea_norm,nrank,0.30196078431372547,,collecTRI_weights
4978,,,,gsea_norm,nrank,0.4339869281045752,,collecTRI_weights
4979,,,,gsea_norm,nrank,0.4339869281045752,,collecTRI_weights
4980,,,,gsea_norm,nrank,0.05359477124183006,,collecTRI_weights
4981,,,,gsea_norm,nrank,0.16209150326797386,,collecTRI_weights
4982,,,,gsea_norm,nrank,0.0,,collecTRI_weights
4983,,,,gsea_norm,nrank,0.027450980392156862,,collecTRI_weights
4984,,,,gsea_norm,nrank,0.027450980392156862,,collecTRI_weights
4985,,,,gsea_norm,nrank,0.02091503267973856,,collecTRI_weights
4986,,,,gsea_norm,nrank,0.8261437908496732,,collecTRI_weights
4987,,,,gsea_norm,nrank,0.2901960784313726,,collecTRI_weights
4988,,,,gsea_norm,nrank,1.0,,collecTRI_weights
4989,,,,gsea_norm,nrank,1.0,,collecTRI_weights
4990,,,,gsea_norm,nrank,0.5450980392156862,,collecTRI_weights
4991,,,,gsea_norm,nrank,0.7124183006535948,,collecTRI_weights
4992,,,,gsea_norm,nrank,0.06928104575163399,,collecTRI_weights
4993,,,,gsea_norm,nrank,0.6026143790849673,,collecTRI_weights
4994,,,,gsea_norm,nrank,0.00130718954248366,,collecTRI_weights
4995,,,,gsea_norm,nrank,0.10588235294117647,,collecTRI_weights
4996,,,,gsea_norm,nrank,0.3503267973856209,,collecTRI_weights
4997,,,,gsea_norm,nrank,0.7542483660130719,,collecTRI_weights
4998,,,,gsea_norm,nrank,0.6928104575163399,,collecTRI_weights
4999,,,,gsea_norm,nrank,0.14901960784313725,,collecTRI_weights
5000,,,,gsea_norm,nrank,0.47843137254901963,,collecTRI_weights
5001,,,,gsea_norm,nrank,0.02091503267973856,,collecTRI_weights
5002,,,,gsea_norm,nrank,0.05228758169934641,,collecTRI_weights
5003,,,,gsea_norm,nrank,0.6627450980392157,,collecTRI_weights
5004,,,,gsea_norm,nrank,0.5490196078431373,,collecTRI_weights
5005,,,,gsea_norm,nrank,0.4444444444444444,,collecTRI_weights
5006,,,,gsea_norm,nrank,0.011764705882352941,,collecTRI_weights
5007,,,,gsea_norm,nrank,0.9267973856209151,,collecTRI_weights
5008,,,,gsea_norm,nrank,0.04967320261437908,,collecTRI_weights
5009,,,,gsea_norm,nrank,0.8104575163398693,,collecTRI_weights
5010,,,,gsea_norm,nrank,0.8758169934640523,,collecTRI_weights
5011,,,,gsea_norm,nrank,0.01045751633986928,,collecTRI_weights
5012,,,,gsea_norm,nrank,0.1111111111111111,,collecTRI_weights
5013,,,,gsea_norm,nrank,0.16862745098039217,,collecTRI_weights
5014,,,,gsea_norm,nrank,0.30980392156862746,,collecTRI_weights
5015,,,,gsea_norm,nrank,0.7084967320261438,,collecTRI_weights
5016,,,,gsea_norm,nrank,0.7333333333333333,,collecTRI_weights
5017,,,,gsea_norm,nrank,0.7529411764705882,,collecTRI_weights
5018,,,,gsea_norm,nrank,0.09542483660130718,,collecTRI_weights
5019,,,,gsea_norm,nrank,0.27320261437908494,,collecTRI_weights
5020,,,,gsea_norm,nrank,0.08235294117647059,,collecTRI_weights
5021,,,,gsea_norm,nrank,0.9124183006535947,,collecTRI_weights
5022,,,,gsea_norm,nrank,0.1503267973856209,,collecTRI_weights
5023,,,,gsea_norm,nrank,0.3843137254901961,,collecTRI_weights
5024,,,,gsea_norm,nrank,0.7686274509803922,,collecTRI_weights
5025,,,,gsea_norm,nrank,0.7359477124183007,,collecTRI_weights
5026,,,,gsea_norm,nrank,0.16470588235294117,,collecTRI_weights
5027,,,,gsea_norm,nrank,0.7725490196078432,,collecTRI_weights
5028,,,,gsea_norm,nrank,0.03529411764705882,,collecTRI_weights
5029,,,,gsea_norm,nrank,0.1607843137254902,,collecTRI_weights
5030,,,,gsea_norm,nrank,0.06666666666666667,,collecTRI_weights
5031,,,,gsea_norm,nrank,0.011764705882352941,,collecTRI_weights
5032,,,,gsea_norm,nrank,0.05359477124183006,,collecTRI_weights
5033,,,,gsea_norm,nrank,0.5777777777777777,,collecTRI_weights
5034,,,,gsea_norm,nrank,0.14901960784313725,,collecTRI_weights
5035,,,,gsea_norm,nrank,0.5542483660130719,,collecTRI_weights
5036,,,,gsea_norm,nrank,0.7738562091503268,,collecTRI_weights
5037,,,,gsea_norm,nrank,0.12156862745098039,,collecTRI_weights
5038,,,,gsea_norm,nrank,0.19869281045751633,,collecTRI_weights
5039,,,,gsea_norm,nrank,0.2169934640522876,,collecTRI_weights
5040,,,,gsea_norm,nrank,0.9699346405228758,,collecTRI_weights
5041,,,,gsea_norm,nrank,0.1477124183006536,,collecTRI_weights
5042,,,,gsea_norm,nrank,0.49019607843137253,,collecTRI_weights
5043,,,,gsea_norm,nrank,0.7411764705882353,,collecTRI_weights
5044,,,,gsea_norm,nrank,0.08235294117647059,,collecTRI_weights
5045,,,,gsea_norm,nrank,0.11895424836601307,,collecTRI_weights
5046,,,,gsea_norm,nrank,0.01437908496732026,,collecTRI_weights
5047,,,,gsea_norm,nrank,0.21045751633986928,,collecTRI_weights
5048,,,,gsea_norm,nrank,0.05359477124183006,,collecTRI_weights
5049,,,,gsea_norm,nrank,0.1111111111111111,,collecTRI_weights
5050,,,,gsea_norm,nrank,0.01568627450980392,,collecTRI_weights
5051,,,,gsea_norm,nrank,0.2849673202614379,,collecTRI_weights
5052,,,,gsea_norm,nrank,0.1477124183006536,,collecTRI_weights
5053,,,,gsea_norm,nrank,0.530718954248366,,collecTRI_weights
5054,,,,gsea_norm,nrank,0.8468586387434555,,collecTRI_weights
5055,,,,gsea_norm,nrank,0.1542483660130719,,collecTRI_weights
5056,,,,gsea_norm,nrank,0.31633986928104574,,collecTRI_weights
5057,,,,gsea_norm,nrank,0.047058823529411764,,collecTRI_weights
5058,,,,gsea_norm,nrank,0.0457516339869281,,collecTRI_weights
5059,,,,gsea_norm,nrank,0.5751633986928104,,collecTRI_weights
5060,,,,gsea_norm,nrank,0.00522875816993464,,collecTRI_weights
5061,,,,gsea_norm,nrank,0.15555555555555556,,collecTRI_weights
5062,,,,gsea_norm,nrank,0.00261437908496732,,collecTRI_weights
5063,,,,gsea_norm,nrank,0.05620915032679739,,collecTRI_weights
5064,,,,gsea_norm,nrank,0.19477124183006536,,collecTRI_weights
5065,,,,gsea_norm,nrank,0.2627450980392157,,collecTRI_weights
5066,,,,gsea_norm,nrank,0.11764705882352941,,collecTRI_weights
5067,,,,gsea_norm,nrank,0.00784313725490196,,collecTRI_weights
5068,,,,gsea_norm,nrank,0.0718954248366013,,collecTRI_weights
5069,,,,gsea_norm,nrank,0.07058823529411765,,collecTRI_weights
5070,,,,gsea_norm,nrank,0.022222222222222223,,collecTRI_weights
5071,,,,gsea_norm,nrank,0.5647058823529412,,collecTRI_weights
5072,,,,gsea_norm,nrank,0.4849673202614379,,collecTRI_weights
5073,,,,gsea_norm,nrank,0.2758169934640523,,collecTRI_weights
5074,,,,gsea_norm,nrank,0.0457516339869281,,collecTRI_weights
5075,,,,gsea_norm,nrank,0.06535947712418301,,collecTRI_weights
5076,,,,gsea_norm,nrank,0.06535947712418301,,collecTRI_weights
5077,,,,gsea_norm,nrank,0.24313725490196078,,collecTRI_weights
5078,,,,gsea_norm,nrank,0.25359477124183005,,collecTRI_weights
5079,,,,gsea_norm,nrank,0.4627450980392157,,collecTRI_weights
5080,,,,gsea_norm,nrank,0.6418300653594772,,collecTRI_weights
5081,,,,gsea_norm,nrank,0.534640522875817,,collecTRI_weights
5082,,,,gsea_norm,nrank,0.032679738562091505,,collecTRI_weights
5083,,,,gsea_norm,nrank,0.026143790849673203,,collecTRI_weights
5084,,,,gsea_norm,nrank,0.28366013071895424,,collecTRI_weights
5085,,,,gsea_norm,nrank,1.0,,collecTRI_weights
5086,,,,gsea_norm,nrank,0.05359477124183006,,collecTRI_weights
5087,,,,gsea_norm,nrank,0.8483660130718954,,collecTRI_weights
5088,,,,gsea_norm,nrank,0.09411764705882353,,collecTRI_weights
5089,,,,gsea_norm,nrank,0.2875816993464052,,collecTRI_weights
5090,,,,gsea_norm,nrank,0.18169934640522875,,collecTRI_weights
5091,,,,gsea_norm,nrank,0.0,,collecTRI_weights
5092,,,,gsea_norm,nrank,0.7189542483660131,,collecTRI_weights
5093,,,,gsea_norm,nrank,0.44575163398692813,,collecTRI_weights
5094,,,,gsea_norm,nrank,0.025506867233485938,,collecTRI_weights
5095,,,,gsea_norm,nrank,0.6718954248366014,,collecTRI_weights
5096,,,,gsea_norm,nrank,0.8509803921568627,,collecTRI_weights
5097,,,,gsea_norm,nrank,0.13986928104575164,,collecTRI_weights
5098,,,,gsea_norm,nrank,0.09673202614379085,,collecTRI_weights
5099,,,,gsea_norm,nrank,0.7359477124183007,,collecTRI_weights
5100,,,,gsea_norm,nrank,0.15163398692810456,,collecTRI_weights
5101,,,,gsea_norm,nrank,0.08104575163398693,,collecTRI_weights
5102,,,,gsea_norm,nrank,0.3333333333333333,,collecTRI_weights
5103,,,,gsea_norm,nrank,0.19607843137254902,,collecTRI_weights
5104,,,,gsea_norm,nrank,0.10588235294117647,,collecTRI_weights
5105,,,,gsea_norm,nrank,0.1542483660130719,,collecTRI_weights
5106,,,,gsea_norm,nrank,0.3032679738562091,,collecTRI_weights
5107,,,,gsea_norm,nrank,0.6549019607843137,,collecTRI_weights
5108,,,,gsea_norm,nrank,0.048366013071895426,,collecTRI_weights
5109,,,,gsea_norm,nrank,0.043137254901960784,,collecTRI_weights
5110,,,,gsea_norm,nrank,0.8392156862745098,,collecTRI_weights
5111,,,,gsea_norm,nrank,0.016350555918901243,,collecTRI_weights
5112,,,,gsea_norm,nrank,0.5098039215686274,,collecTRI_weights
5113,,,,gsea_norm,nrank,0.0196078431372549,,collecTRI_weights
5114,,,,gsea_norm,nrank,0.7673202614379085,,collecTRI_weights
5115,,,,gsea_norm,nrank,0.2169934640522876,,collecTRI_weights
5116,,,,gsea_norm,nrank,0.6692810457516339,,collecTRI_weights
5117,,,,gsea_norm,nrank,0.33202614379084966,,collecTRI_weights
5118,,,,gsea_norm,nrank,0.8522875816993464,,collecTRI_weights
5119,,,,gsea_norm,nrank,0.5633986928104575,,collecTRI_weights
5120,,,,gsea_norm,nrank,0.4169934640522876,,collecTRI_weights
5121,,,,gsea_norm,recall,1.0,0.0013054830287206266,collecTRI_weights
