,groupby,group,source,method,metric,score,ci,net
0,,,,gsea_estimate,auroc,0.5946072936058044,0.0013054830287206266,collecTRI
1,,,,gsea_estimate,auprc,0.5489088296890259,0.0013054830287206266,collecTRI
2,,,,gsea_estimate,mcauroc,0.5834840536117554,0.0013054830287206266,collecTRI
3,,,,gsea_estimate,mcauroc,0.6377230286598206,0.0013054830287206266,collecTRI
4,,,,gsea_estimate,mcauroc,0.6035250425338745,0.0013054830287206266,collecTRI
5,,,,gsea_estimate,mcauroc,0.5894835591316223,0.0013054830287206266,collecTRI
6,,,,gsea_estimate,mcauroc,0.616988480091095,0.0013054830287206266,collecTRI
7,,,,gsea_estimate,mcauroc,0.5898945331573486,0.0013054830287206266,collecTRI
8,,,,gsea_estimate,mcauroc,0.6138668060302734,0.0013054830287206266,collecTRI
9,,,,gsea_estimate,mcauroc,0.5875178575515747,0.0013054830287206266,collecTRI
10,,,,gsea_estimate,mcauroc,0.5636488199234009,0.0013054830287206266,collecTRI
11,,,,gsea_estimate,mcauroc,0.5875052213668823,0.0013054830287206266,collecTRI
12,,,,gsea_estimate,mcauroc,0.6231421232223511,0.0013054830287206266,collecTRI
13,,,,gsea_estimate,mcauroc,0.582173764705658,0.0013054830287206266,collecTRI
14,,,,gsea_estimate,mcauroc,0.5393942594528198,0.0013054830287206266,collecTRI
15,,,,gsea_estimate,mcauroc,0.5986432433128357,0.0013054830287206266,collecTRI
16,,,,gsea_estimate,mcauroc,0.57899409532547,0.0013054830287206266,collecTRI
17,,,,gsea_estimate,mcauroc,0.5942624807357788,0.0013054830287206266,collecTRI
18,,,,gsea_estimate,mcauroc,0.5761358141899109,0.0013054830287206266,collecTRI
19,,,,gsea_estimate,mcauroc,0.5766753554344177,0.0013054830287206266,collecTRI
20,,,,gsea_estimate,mcauroc,0.6159219145774841,0.0013054830287206266,collecTRI
21,,,,gsea_estimate,mcauroc,0.5955085158348083,0.0013054830287206266,collecTRI
22,,,,gsea_estimate,mcauroc,0.5759814977645874,0.0013054830287206266,collecTRI
23,,,,gsea_estimate,mcauroc,0.6122220754623413,0.0013054830287206266,collecTRI
24,,,,gsea_estimate,mcauroc,0.6069936156272888,0.0013054830287206266,collecTRI
25,,,,gsea_estimate,mcauroc,0.6084455251693726,0.0013054830287206266,collecTRI
26,,,,gsea_estimate,mcauroc,0.6153699159622192,0.0013054830287206266,collecTRI
27,,,,gsea_estimate,mcauroc,0.5857835412025452,0.0013054830287206266,collecTRI
28,,,,gsea_estimate,mcauroc,0.6316978335380554,0.0013054830287206266,collecTRI
29,,,,gsea_estimate,mcauroc,0.5752881765365601,0.0013054830287206266,collecTRI
30,,,,gsea_estimate,mcauroc,0.6144576072692871,0.0013054830287206266,collecTRI
31,,,,gsea_estimate,mcauroc,0.5993754267692566,0.0013054830287206266,collecTRI
32,,,,gsea_estimate,mcauroc,0.6139049530029297,0.0013054830287206266,collecTRI
33,,,,gsea_estimate,mcauroc,0.592798113822937,0.0013054830287206266,collecTRI
34,,,,gsea_estimate,mcauroc,0.6011995077133179,0.0013054830287206266,collecTRI
35,,,,gsea_estimate,mcauroc,0.6120296120643616,0.0013054830287206266,collecTRI
36,,,,gsea_estimate,mcauroc,0.6132370233535767,0.0013054830287206266,collecTRI
37,,,,gsea_estimate,mcauroc,0.6147146224975586,0.0013054830287206266,collecTRI
38,,,,gsea_estimate,mcauroc,0.6096658110618591,0.0013054830287206266,collecTRI
39,,,,gsea_estimate,mcauroc,0.6467285752296448,0.0013054830287206266,collecTRI
40,,,,gsea_estimate,mcauroc,0.6047069430351257,0.0013054830287206266,collecTRI
41,,,,gsea_estimate,mcauroc,0.583844006061554,0.0013054830287206266,collecTRI
42,,,,gsea_estimate,mcauroc,0.6008657813072205,0.0013054830287206266,collecTRI
43,,,,gsea_estimate,mcauroc,0.5928234457969666,0.0013054830287206266,collecTRI
44,,,,gsea_estimate,mcauroc,0.6080469489097595,0.0013054830287206266,collecTRI
45,,,,gsea_estimate,mcauroc,0.5749410390853882,0.0013054830287206266,collecTRI
46,,,,gsea_estimate,mcauroc,0.5982449054718018,0.0013054830287206266,collecTRI
47,,,,gsea_estimate,mcauroc,0.5656785368919373,0.0013054830287206266,collecTRI
48,,,,gsea_estimate,mcauroc,0.5922326445579529,0.0013054830287206266,collecTRI
49,,,,gsea_estimate,mcauroc,0.5764569044113159,0.0013054830287206266,collecTRI
50,,,,gsea_estimate,mcauroc,0.6198147535324097,0.0013054830287206266,collecTRI
51,,,,gsea_estimate,mcauroc,0.6183371543884277,0.0013054830287206266,collecTRI
52,,,,gsea_estimate,mcauroc,0.5970377922058105,0.0013054830287206266,collecTRI
53,,,,gsea_estimate,mcauroc,0.5724359750747681,0.0013054830287206266,collecTRI
54,,,,gsea_estimate,mcauroc,0.5779470801353455,0.0013054830287206266,collecTRI
55,,,,gsea_estimate,mcauroc,0.6031524538993835,0.0013054830287206266,collecTRI
56,,,,gsea_estimate,mcauroc,0.6104236841201782,0.0013054830287206266,collecTRI
57,,,,gsea_estimate,mcauroc,0.587081253528595,0.0013054830287206266,collecTRI
58,,,,gsea_estimate,mcauroc,0.5956500768661499,0.0013054830287206266,collecTRI
59,,,,gsea_estimate,mcauroc,0.5757631659507751,0.0013054830287206266,collecTRI
60,,,,gsea_estimate,mcauroc,0.5860792994499207,0.0013054830287206266,collecTRI
61,,,,gsea_estimate,mcauroc,0.5865415930747986,0.0013054830287206266,collecTRI
62,,,,gsea_estimate,mcauroc,0.5909737944602966,0.0013054830287206266,collecTRI
63,,,,gsea_estimate,mcauroc,0.6123378276824951,0.0013054830287206266,collecTRI
64,,,,gsea_estimate,mcauroc,0.6154083013534546,0.0013054830287206266,collecTRI
65,,,,gsea_estimate,mcauroc,0.6097557544708252,0.0013054830287206266,collecTRI
66,,,,gsea_estimate,mcauroc,0.5942627787590027,0.0013054830287206266,collecTRI
67,,,,gsea_estimate,mcauroc,0.6048224568367004,0.0013054830287206266,collecTRI
68,,,,gsea_estimate,mcauroc,0.590781033039093,0.0013054830287206266,collecTRI
69,,,,gsea_estimate,mcauroc,0.5679525136947632,0.0013054830287206266,collecTRI
70,,,,gsea_estimate,mcauroc,0.6080725789070129,0.0013054830287206266,collecTRI
71,,,,gsea_estimate,mcauroc,0.6259297132492065,0.0013054830287206266,collecTRI
72,,,,gsea_estimate,mcauroc,0.6149198412895203,0.0013054830287206266,collecTRI
73,,,,gsea_estimate,mcauroc,0.58109450340271,0.0013054830287206266,collecTRI
74,,,,gsea_estimate,mcauroc,0.5785382390022278,0.0013054830287206266,collecTRI
75,,,,gsea_estimate,mcauroc,0.6001847982406616,0.0013054830287206266,collecTRI
76,,,,gsea_estimate,mcauroc,0.6229363679885864,0.0013054830287206266,collecTRI
77,,,,gsea_estimate,mcauroc,0.588327169418335,0.0013054830287206266,collecTRI
78,,,,gsea_estimate,mcauroc,0.596163809299469,0.0013054830287206266,collecTRI
79,,,,gsea_estimate,mcauroc,0.6081115007400513,0.0013054830287206266,collecTRI
80,,,,gsea_estimate,mcauroc,0.6233862638473511,0.0013054830287206266,collecTRI
81,,,,gsea_estimate,mcauroc,0.588828444480896,0.0013054830287206266,collecTRI
82,,,,gsea_estimate,mcauroc,0.5902799963951111,0.0013054830287206266,collecTRI
83,,,,gsea_estimate,mcauroc,0.6029981970787048,0.0013054830287206266,collecTRI
84,,,,gsea_estimate,mcauroc,0.6064153909683228,0.0013054830287206266,collecTRI
85,,,,gsea_estimate,mcauroc,0.6048098206520081,0.0013054830287206266,collecTRI
86,,,,gsea_estimate,mcauroc,0.5811076164245605,0.0013054830287206266,collecTRI
87,,,,gsea_estimate,mcauroc,0.5915261507034302,0.0013054830287206266,collecTRI
88,,,,gsea_estimate,mcauroc,0.5616319179534912,0.0013054830287206266,collecTRI
89,,,,gsea_estimate,mcauroc,0.5871326923370361,0.0013054830287206266,collecTRI
90,,,,gsea_estimate,mcauroc,0.5918601751327515,0.0013054830287206266,collecTRI
91,,,,gsea_estimate,mcauroc,0.5913334488868713,0.0013054830287206266,collecTRI
92,,,,gsea_estimate,mcauroc,0.5719477534294128,0.0013054830287206266,collecTRI
93,,,,gsea_estimate,mcauroc,0.5958682894706726,0.0013054830287206266,collecTRI
94,,,,gsea_estimate,mcauroc,0.5618888735771179,0.0013054830287206266,collecTRI
95,,,,gsea_estimate,mcauroc,0.6197888851165771,0.0013054830287206266,collecTRI
96,,,,gsea_estimate,mcauroc,0.5520870089530945,0.0013054830287206266,collecTRI
97,,,,gsea_estimate,mcauroc,0.5960099697113037,0.0013054830287206266,collecTRI
98,,,,gsea_estimate,mcauroc,0.5838309526443481,0.0013054830287206266,collecTRI
99,,,,gsea_estimate,mcauroc,0.6032167673110962,0.0013054830287206266,collecTRI
100,,,,gsea_estimate,mcauroc,0.6104109883308411,0.0013054830287206266,collecTRI
101,,,,gsea_estimate,mcauroc,0.5779858827590942,0.0013054830287206266,collecTRI
102,,,,gsea_estimate,mcauroc,0.6080471873283386,0.0013054830287206266,collecTRI
103,,,,gsea_estimate,mcauroc,0.5509177446365356,0.0013054830287206266,collecTRI
104,,,,gsea_estimate,mcauroc,0.5999922752380371,0.0013054830287206266,collecTRI
105,,,,gsea_estimate,mcauroc,0.618465781211853,0.0013054830287206266,collecTRI
106,,,,gsea_estimate,mcauroc,0.6262894868850708,0.0013054830287206266,collecTRI
107,,,,gsea_estimate,mcauroc,0.5495304465293884,0.0013054830287206266,collecTRI
108,,,,gsea_estimate,mcauroc,0.6050922870635986,0.0013054830287206266,collecTRI
109,,,,gsea_estimate,mcauroc,0.6023685932159424,0.0013054830287206266,collecTRI
110,,,,gsea_estimate,mcauroc,0.6110146641731262,0.0013054830287206266,collecTRI
111,,,,gsea_estimate,mcauroc,0.5719607472419739,0.0013054830287206266,collecTRI
112,,,,gsea_estimate,mcauroc,0.5990417003631592,0.0013054830287206266,collecTRI
113,,,,gsea_estimate,mcauroc,0.6031783223152161,0.0013054830287206266,collecTRI
114,,,,gsea_estimate,mcauroc,0.6160120964050293,0.0013054830287206266,collecTRI
115,,,,gsea_estimate,mcauroc,0.6179774403572083,0.0013054830287206266,collecTRI
116,,,,gsea_estimate,mcauroc,0.585295557975769,0.0013054830287206266,collecTRI
117,,,,gsea_estimate,mcauroc,0.5794890522956848,0.0013054830287206266,collecTRI
118,,,,gsea_estimate,mcauroc,0.6005958914756775,0.0013054830287206266,collecTRI
119,,,,gsea_estimate,mcauroc,0.5888412594795227,0.0013054830287206266,collecTRI
120,,,,gsea_estimate,mcauroc,0.6097170114517212,0.0013054830287206266,collecTRI
121,,,,gsea_estimate,mcauroc,0.5981935262680054,0.0013054830287206266,collecTRI
122,,,,gsea_estimate,mcauroc,0.5742346048355103,0.0013054830287206266,collecTRI
123,,,,gsea_estimate,mcauroc,0.6154597401618958,0.0013054830287206266,collecTRI
124,,,,gsea_estimate,mcauroc,0.5721150040626526,0.0013054830287206266,collecTRI
125,,,,gsea_estimate,mcauroc,0.593568742275238,0.0013054830287206266,collecTRI
126,,,,gsea_estimate,mcauroc,0.6000179052352905,0.0013054830287206266,collecTRI
127,,,,gsea_estimate,mcauroc,0.595919668674469,0.0013054830287206266,collecTRI
128,,,,gsea_estimate,mcauroc,0.6122093796730042,0.0013054830287206266,collecTRI
129,,,,gsea_estimate,mcauroc,0.6111174821853638,0.0013054830287206266,collecTRI
130,,,,gsea_estimate,mcauroc,0.5709586143493652,0.0013054830287206266,collecTRI
131,,,,gsea_estimate,mcauroc,0.5446999073028564,0.0013054830287206266,collecTRI
132,,,,gsea_estimate,mcauroc,0.6323400139808655,0.0013054830287206266,collecTRI
133,,,,gsea_estimate,mcauroc,0.5519455671310425,0.0013054830287206266,collecTRI
134,,,,gsea_estimate,mcauroc,0.5928621888160706,0.0013054830287206266,collecTRI
135,,,,gsea_estimate,mcauroc,0.6188510656356812,0.0013054830287206266,collecTRI
136,,,,gsea_estimate,mcauroc,0.6130314469337463,0.0013054830287206266,collecTRI
137,,,,gsea_estimate,mcauroc,0.6024332046508789,0.0013054830287206266,collecTRI
138,,,,gsea_estimate,mcauroc,0.6046169996261597,0.0013054830287206266,collecTRI
139,,,,gsea_estimate,mcauroc,0.5690957903862,0.0013054830287206266,collecTRI
140,,,,gsea_estimate,mcauroc,0.6237587332725525,0.0013054830287206266,collecTRI
141,,,,gsea_estimate,mcauroc,0.5993370413780212,0.0013054830287206266,collecTRI
142,,,,gsea_estimate,mcauroc,0.6411146521568298,0.0013054830287206266,collecTRI
143,,,,gsea_estimate,mcauroc,0.5778444409370422,0.0013054830287206266,collecTRI
144,,,,gsea_estimate,mcauroc,0.5873382687568665,0.0013054830287206266,collecTRI
145,,,,gsea_estimate,mcauroc,0.5767141580581665,0.0013054830287206266,collecTRI
146,,,,gsea_estimate,mcauroc,0.5961509943008423,0.0013054830287206266,collecTRI
147,,,,gsea_estimate,mcauroc,0.5822122693061829,0.0013054830287206266,collecTRI
148,,,,gsea_estimate,mcauroc,0.6027541160583496,0.0013054830287206266,collecTRI
149,,,,gsea_estimate,mcauroc,0.6025870442390442,0.0013054830287206266,collecTRI
150,,,,gsea_estimate,mcauroc,0.5505838394165039,0.0013054830287206266,collecTRI
151,,,,gsea_estimate,mcauroc,0.6248377561569214,0.0013054830287206266,collecTRI
152,,,,gsea_estimate,mcauroc,0.6167314648628235,0.0013054830287206266,collecTRI
153,,,,gsea_estimate,mcauroc,0.5980265140533447,0.0013054830287206266,collecTRI
154,,,,gsea_estimate,mcauroc,0.6122351288795471,0.0013054830287206266,collecTRI
155,,,,gsea_estimate,mcauroc,0.5936585664749146,0.0013054830287206266,collecTRI
156,,,,gsea_estimate,mcauroc,0.597396969795227,0.0013054830287206266,collecTRI
157,,,,gsea_estimate,mcauroc,0.576880931854248,0.0013054830287206266,collecTRI
158,,,,gsea_estimate,mcauroc,0.6046937108039856,0.0013054830287206266,collecTRI
159,,,,gsea_estimate,mcauroc,0.5958298444747925,0.0013054830287206266,collecTRI
160,,,,gsea_estimate,mcauroc,0.5883273482322693,0.0013054830287206266,collecTRI
161,,,,gsea_estimate,mcauroc,0.5910766124725342,0.0013054830287206266,collecTRI
162,,,,gsea_estimate,mcauroc,0.5886998176574707,0.0013054830287206266,collecTRI
163,,,,gsea_estimate,mcauroc,0.5860148668289185,0.0013054830287206266,collecTRI
164,,,,gsea_estimate,mcauroc,0.6124407052993774,0.0013054830287206266,collecTRI
165,,,,gsea_estimate,mcauroc,0.5710614919662476,0.0013054830287206266,collecTRI
166,,,,gsea_estimate,mcauroc,0.5950527191162109,0.0013054830287206266,collecTRI
167,,,,gsea_estimate,mcauroc,0.5593965649604797,0.0013054830287206266,collecTRI
168,,,,gsea_estimate,mcauroc,0.6086122989654541,0.0013054830287206266,collecTRI
169,,,,gsea_estimate,mcauroc,0.582263708114624,0.0013054830287206266,collecTRI
170,,,,gsea_estimate,mcauroc,0.5788721442222595,0.0013054830287206266,collecTRI
171,,,,gsea_estimate,mcauroc,0.6055033206939697,0.0013054830287206266,collecTRI
172,,,,gsea_estimate,mcauroc,0.6213691234588623,0.0013054830287206266,collecTRI
173,,,,gsea_estimate,mcauroc,0.5893163681030273,0.0013054830287206266,collecTRI
174,,,,gsea_estimate,mcauroc,0.5857706665992737,0.0013054830287206266,collecTRI
175,,,,gsea_estimate,mcauroc,0.5751467347145081,0.0013054830287206266,collecTRI
176,,,,gsea_estimate,mcauroc,0.6218826770782471,0.0013054830287206266,collecTRI
177,,,,gsea_estimate,mcauroc,0.6046813130378723,0.0013054830287206266,collecTRI
178,,,,gsea_estimate,mcauroc,0.5639957785606384,0.0013054830287206266,collecTRI
179,,,,gsea_estimate,mcauroc,0.5534997582435608,0.0013054830287206266,collecTRI
180,,,,gsea_estimate,mcauroc,0.5914362668991089,0.0013054830287206266,collecTRI
181,,,,gsea_estimate,mcauroc,0.5870169997215271,0.0013054830287206266,collecTRI
182,,,,gsea_estimate,mcauroc,0.5979881286621094,0.0013054830287206266,collecTRI
183,,,,gsea_estimate,mcauroc,0.6231675744056702,0.0013054830287206266,collecTRI
184,,,,gsea_estimate,mcauroc,0.6149844527244568,0.0013054830287206266,collecTRI
185,,,,gsea_estimate,mcauroc,0.5814671516418457,0.0013054830287206266,collecTRI
186,,,,gsea_estimate,mcauroc,0.5945578217506409,0.0013054830287206266,collecTRI
187,,,,gsea_estimate,mcauroc,0.620097279548645,0.0013054830287206266,collecTRI
188,,,,gsea_estimate,mcauroc,0.6179646253585815,0.0013054830287206266,collecTRI
189,,,,gsea_estimate,mcauroc,0.5841649174690247,0.0013054830287206266,collecTRI
190,,,,gsea_estimate,mcauroc,0.5902672410011292,0.0013054830287206266,collecTRI
191,,,,gsea_estimate,mcauroc,0.6103208661079407,0.0013054830287206266,collecTRI
192,,,,gsea_estimate,mcauroc,0.5979881882667542,0.0013054830287206266,collecTRI
193,,,,gsea_estimate,mcauroc,0.5902798771858215,0.0013054830287206266,collecTRI
194,,,,gsea_estimate,mcauroc,0.6272271871566772,0.0013054830287206266,collecTRI
195,,,,gsea_estimate,mcauroc,0.5882760882377625,0.0013054830287206266,collecTRI
196,,,,gsea_estimate,mcauroc,0.6236428022384644,0.0013054830287206266,collecTRI
197,,,,gsea_estimate,mcauroc,0.5870554447174072,0.0013054830287206266,collecTRI
198,,,,gsea_estimate,mcauroc,0.5999535918235779,0.0013054830287206266,collecTRI
199,,,,gsea_estimate,mcauroc,0.616101861000061,0.0013054830287206266,collecTRI
200,,,,gsea_estimate,mcauroc,0.5965491533279419,0.0013054830287206266,collecTRI
201,,,,gsea_estimate,mcauroc,0.593967080116272,0.0013054830287206266,collecTRI
202,,,,gsea_estimate,mcauroc,0.5712668299674988,0.0013054830287206266,collecTRI
203,,,,gsea_estimate,mcauroc,0.6016877889633179,0.0013054830287206266,collecTRI
204,,,,gsea_estimate,mcauroc,0.5671557784080505,0.0013054830287206266,collecTRI
205,,,,gsea_estimate,mcauroc,0.5913205742835999,0.0013054830287206266,collecTRI
206,,,,gsea_estimate,mcauroc,0.5699050426483154,0.0013054830287206266,collecTRI
207,,,,gsea_estimate,mcauroc,0.6341257691383362,0.0013054830287206266,collecTRI
208,,,,gsea_estimate,mcauroc,0.5849871635437012,0.0013054830287206266,collecTRI
209,,,,gsea_estimate,mcauroc,0.6056958436965942,0.0013054830287206266,collecTRI
210,,,,gsea_estimate,mcauroc,0.5960866808891296,0.0013054830287206266,collecTRI
211,,,,gsea_estimate,mcauroc,0.5898817181587219,0.0013054830287206266,collecTRI
212,,,,gsea_estimate,mcauroc,0.6099225878715515,0.0013054830287206266,collecTRI
213,,,,gsea_estimate,mcauroc,0.5843446850776672,0.0013054830287206266,collecTRI
214,,,,gsea_estimate,mcauroc,0.5824822783470154,0.0013054830287206266,collecTRI
215,,,,gsea_estimate,mcauroc,0.6047969460487366,0.0013054830287206266,collecTRI
216,,,,gsea_estimate,mcauroc,0.5895991325378418,0.0013054830287206266,collecTRI
217,,,,gsea_estimate,mcauroc,0.5813388824462891,0.0013054830287206266,collecTRI
218,,,,gsea_estimate,mcauroc,0.59197598695755,0.0013054830287206266,collecTRI
219,,,,gsea_estimate,mcauroc,0.5974999666213989,0.0013054830287206266,collecTRI
220,,,,gsea_estimate,mcauroc,0.5682992339134216,0.0013054830287206266,collecTRI
221,,,,gsea_estimate,mcauroc,0.5910894274711609,0.0013054830287206266,collecTRI
222,,,,gsea_estimate,mcauroc,0.6255058646202087,0.0013054830287206266,collecTRI
223,,,,gsea_estimate,mcauroc,0.5944808721542358,0.0013054830287206266,collecTRI
224,,,,gsea_estimate,mcauroc,0.5721790194511414,0.0013054830287206266,collecTRI
225,,,,gsea_estimate,mcauroc,0.5793731212615967,0.0013054830287206266,collecTRI
226,,,,gsea_estimate,mcauroc,0.5793861746788025,0.0013054830287206266,collecTRI
227,,,,gsea_estimate,mcauroc,0.6042314171791077,0.0013054830287206266,collecTRI
228,,,,gsea_estimate,mcauroc,0.5944166779518127,0.0013054830287206266,collecTRI
229,,,,gsea_estimate,mcauroc,0.5750051140785217,0.0013054830287206266,collecTRI
230,,,,gsea_estimate,mcauroc,0.5941340327262878,0.0013054830287206266,collecTRI
231,,,,gsea_estimate,mcauroc,0.5810561776161194,0.0013054830287206266,collecTRI
232,,,,gsea_estimate,mcauroc,0.5943266749382019,0.0013054830287206266,collecTRI
233,,,,gsea_estimate,mcauroc,0.5854112505912781,0.0013054830287206266,collecTRI
234,,,,gsea_estimate,mcauroc,0.595431387424469,0.0013054830287206266,collecTRI
235,,,,gsea_estimate,mcauroc,0.5426572561264038,0.0013054830287206266,collecTRI
236,,,,gsea_estimate,mcauroc,0.5875693559646606,0.0013054830287206266,collecTRI
237,,,,gsea_estimate,mcauroc,0.5651648044586182,0.0013054830287206266,collecTRI
238,,,,gsea_estimate,mcauroc,0.5743758678436279,0.0013054830287206266,collecTRI
239,,,,gsea_estimate,mcauroc,0.6038720011711121,0.0013054830287206266,collecTRI
240,,,,gsea_estimate,mcauroc,0.5993754267692566,0.0013054830287206266,collecTRI
241,,,,gsea_estimate,mcauroc,0.5811073184013367,0.0013054830287206266,collecTRI
242,,,,gsea_estimate,mcauroc,0.609614372253418,0.0013054830287206266,collecTRI
243,,,,gsea_estimate,mcauroc,0.581801176071167,0.0013054830287206266,collecTRI
244,,,,gsea_estimate,mcauroc,0.5871970653533936,0.0013054830287206266,collecTRI
245,,,,gsea_estimate,mcauroc,0.5686331987380981,0.0013054830287206266,collecTRI
246,,,,gsea_estimate,mcauroc,0.5966777205467224,0.0013054830287206266,collecTRI
247,,,,gsea_estimate,mcauroc,0.5945706367492676,0.0013054830287206266,collecTRI
248,,,,gsea_estimate,mcauroc,0.5981552600860596,0.0013054830287206266,collecTRI
249,,,,gsea_estimate,mcauroc,0.5820454359054565,0.0013054830287206266,collecTRI
250,,,,gsea_estimate,mcauroc,0.5994398593902588,0.0013054830287206266,collecTRI
251,,,,gsea_estimate,mcauroc,0.6173350811004639,0.0013054830287206266,collecTRI
252,,,,gsea_estimate,mcauroc,0.5891110897064209,0.0013054830287206266,collecTRI
253,,,,gsea_estimate,mcauroc,0.5910252332687378,0.0013054830287206266,collecTRI
254,,,,gsea_estimate,mcauroc,0.57875657081604,0.0013054830287206266,collecTRI
255,,,,gsea_estimate,mcauroc,0.5881860852241516,0.0013054830287206266,collecTRI
256,,,,gsea_estimate,mcauroc,0.5774205923080444,0.0013054830287206266,collecTRI
257,,,,gsea_estimate,mcauroc,0.604925274848938,0.0013054830287206266,collecTRI
258,,,,gsea_estimate,mcauroc,0.6059787273406982,0.0013054830287206266,collecTRI
259,,,,gsea_estimate,mcauroc,0.5979624390602112,0.0013054830287206266,collecTRI
260,,,,gsea_estimate,mcauroc,0.5470121502876282,0.0013054830287206266,collecTRI
261,,,,gsea_estimate,mcauroc,0.5784096717834473,0.0013054830287206266,collecTRI
262,,,,gsea_estimate,mcauroc,0.592798113822937,0.0013054830287206266,collecTRI
263,,,,gsea_estimate,mcauroc,0.6057472825050354,0.0013054830287206266,collecTRI
264,,,,gsea_estimate,mcauroc,0.599144458770752,0.0013054830287206266,collecTRI
265,,,,gsea_estimate,mcauroc,0.6218830347061157,0.0013054830287206266,collecTRI
266,,,,gsea_estimate,mcauroc,0.5953159332275391,0.0013054830287206266,collecTRI
267,,,,gsea_estimate,mcauroc,0.6181702017784119,0.0013054830287206266,collecTRI
268,,,,gsea_estimate,mcauroc,0.5848329663276672,0.0013054830287206266,collecTRI
269,,,,gsea_estimate,mcauroc,0.5849100947380066,0.0013054830287206266,collecTRI
270,,,,gsea_estimate,mcauroc,0.605156421661377,0.0013054830287206266,collecTRI
271,,,,gsea_estimate,mcauroc,0.5835868716239929,0.0013054830287206266,collecTRI
272,,,,gsea_estimate,mcauroc,0.5988360643386841,0.0013054830287206266,collecTRI
273,,,,gsea_estimate,mcauroc,0.5865548253059387,0.0013054830287206266,collecTRI
274,,,,gsea_estimate,mcauroc,0.5828418135643005,0.0013054830287206266,collecTRI
275,,,,gsea_estimate,mcauroc,0.5858994126319885,0.0013054830287206266,collecTRI
276,,,,gsea_estimate,mcauroc,0.6184399127960205,0.0013054830287206266,collecTRI
277,,,,gsea_estimate,mcauroc,0.5903186202049255,0.0013054830287206266,collecTRI
278,,,,gsea_estimate,mcauroc,0.6074817180633545,0.0013054830287206266,collecTRI
279,,,,gsea_estimate,mcauroc,0.5526776313781738,0.0013054830287206266,collecTRI
280,,,,gsea_estimate,mcauroc,0.5804522633552551,0.0013054830287206266,collecTRI
281,,,,gsea_estimate,mcauroc,0.5712540745735168,0.0013054830287206266,collecTRI
282,,,,gsea_estimate,mcauroc,0.5805937051773071,0.0013054830287206266,collecTRI
283,,,,gsea_estimate,mcauroc,0.6029726266860962,0.0013054830287206266,collecTRI
284,,,,gsea_estimate,mcauroc,0.6357830762863159,0.0013054830287206266,collecTRI
285,,,,gsea_estimate,mcauroc,0.582045316696167,0.0013054830287206266,collecTRI
286,,,,gsea_estimate,mcauroc,0.6054008603096008,0.0013054830287206266,collecTRI
287,,,,gsea_estimate,mcauroc,0.5878134369850159,0.0013054830287206266,collecTRI
288,,,,gsea_estimate,mcauroc,0.6208165884017944,0.0013054830287206266,collecTRI
289,,,,gsea_estimate,mcauroc,0.5894578695297241,0.0013054830287206266,collecTRI
290,,,,gsea_estimate,mcauroc,0.5949563384056091,0.0013054830287206266,collecTRI
291,,,,gsea_estimate,mcauroc,0.6024073362350464,0.0013054830287206266,collecTRI
292,,,,gsea_estimate,mcauroc,0.5527418255805969,0.0013054830287206266,collecTRI
293,,,,gsea_estimate,mcauroc,0.5911149978637695,0.0013054830287206266,collecTRI
294,,,,gsea_estimate,mcauroc,0.5931962132453918,0.0013054830287206266,collecTRI
295,,,,gsea_estimate,mcauroc,0.5770351886749268,0.0013054830287206266,collecTRI
296,,,,gsea_estimate,mcauroc,0.5966005921363831,0.0013054830287206266,collecTRI
297,,,,gsea_estimate,mcauroc,0.6011225581169128,0.0013054830287206266,collecTRI
298,,,,gsea_estimate,mcauroc,0.5645222067832947,0.0013054830287206266,collecTRI
299,,,,gsea_estimate,mcauroc,0.596523642539978,0.0013054830287206266,collecTRI
300,,,,gsea_estimate,mcauroc,0.6098455190658569,0.0013054830287206266,collecTRI
301,,,,gsea_estimate,mcauroc,0.5575851798057556,0.0013054830287206266,collecTRI
302,,,,gsea_estimate,mcauroc,0.5978339910507202,0.0013054830287206266,collecTRI
303,,,,gsea_estimate,mcauroc,0.6030111312866211,0.0013054830287206266,collecTRI
304,,,,gsea_estimate,mcauroc,0.6078028678894043,0.0013054830287206266,collecTRI
305,,,,gsea_estimate,mcauroc,0.5783452987670898,0.0013054830287206266,collecTRI
306,,,,gsea_estimate,mcauroc,0.6408962607383728,0.0013054830287206266,collecTRI
307,,,,gsea_estimate,mcauroc,0.6166031360626221,0.0013054830287206266,collecTRI
308,,,,gsea_estimate,mcauroc,0.5981549620628357,0.0013054830287206266,collecTRI
309,,,,gsea_estimate,mcauroc,0.5597947239875793,0.0013054830287206266,collecTRI
310,,,,gsea_estimate,mcauroc,0.6231676936149597,0.0013054830287206266,collecTRI
311,,,,gsea_estimate,mcauroc,0.5997481942176819,0.0013054830287206266,collecTRI
312,,,,gsea_estimate,mcauroc,0.5904982686042786,0.0013054830287206266,collecTRI
313,,,,gsea_estimate,mcauroc,0.6108217239379883,0.0013054830287206266,collecTRI
314,,,,gsea_estimate,mcauroc,0.6167828440666199,0.0013054830287206266,collecTRI
315,,,,gsea_estimate,mcauroc,0.6039358973503113,0.0013054830287206266,collecTRI
316,,,,gsea_estimate,mcauroc,0.5883017182350159,0.0013054830287206266,collecTRI
317,,,,gsea_estimate,mcauroc,0.5956498980522156,0.0013054830287206266,collecTRI
318,,,,gsea_estimate,mcauroc,0.608278214931488,0.0013054830287206266,collecTRI
319,,,,gsea_estimate,mcauroc,0.6320834159851074,0.0013054830287206266,collecTRI
320,,,,gsea_estimate,mcauroc,0.5995939373970032,0.0013054830287206266,collecTRI
321,,,,gsea_estimate,mcauroc,0.6136226058006287,0.0013054830287206266,collecTRI
322,,,,gsea_estimate,mcauroc,0.6044242978096008,0.0013054830287206266,collecTRI
323,,,,gsea_estimate,mcauroc,0.6064028143882751,0.0013054830287206266,collecTRI
324,,,,gsea_estimate,mcauroc,0.5790004730224609,0.0013054830287206266,collecTRI
325,,,,gsea_estimate,mcauroc,0.5998507738113403,0.0013054830287206266,collecTRI
326,,,,gsea_estimate,mcauroc,0.5656914710998535,0.0013054830287206266,collecTRI
327,,,,gsea_estimate,mcauroc,0.5662823915481567,0.0013054830287206266,collecTRI
328,,,,gsea_estimate,mcauroc,0.5909864902496338,0.0013054830287206266,collecTRI
329,,,,gsea_estimate,mcauroc,0.6227178573608398,0.0013054830287206266,collecTRI
330,,,,gsea_estimate,mcauroc,0.5846790671348572,0.0013054830287206266,collecTRI
331,,,,gsea_estimate,mcauroc,0.6131214499473572,0.0013054830287206266,collecTRI
332,,,,gsea_estimate,mcauroc,0.613789439201355,0.0013054830287206266,collecTRI
333,,,,gsea_estimate,mcauroc,0.6026512384414673,0.0013054830287206266,collecTRI
334,,,,gsea_estimate,mcauroc,0.6026773452758789,0.0013054830287206266,collecTRI
335,,,,gsea_estimate,mcauroc,0.5961766839027405,0.0013054830287206266,collecTRI
336,,,,gsea_estimate,mcauroc,0.5925794839859009,0.0013054830287206266,collecTRI
337,,,,gsea_estimate,mcauroc,0.6095371842384338,0.0013054830287206266,collecTRI
338,,,,gsea_estimate,mcauroc,0.5919502973556519,0.0013054830287206266,collecTRI
339,,,,gsea_estimate,mcauroc,0.5896506309509277,0.0013054830287206266,collecTRI
340,,,,gsea_estimate,mcauroc,0.6316593885421753,0.0013054830287206266,collecTRI
341,,,,gsea_estimate,mcauroc,0.6082267761230469,0.0013054830287206266,collecTRI
342,,,,gsea_estimate,mcauroc,0.5729626417160034,0.0013054830287206266,collecTRI
343,,,,gsea_estimate,mcauroc,0.599747896194458,0.0013054830287206266,collecTRI
344,,,,gsea_estimate,mcauroc,0.5779473185539246,0.0013054830287206266,collecTRI
345,,,,gsea_estimate,mcauroc,0.5807992815971375,0.0013054830287206266,collecTRI
346,,,,gsea_estimate,mcauroc,0.5990414023399353,0.0013054830287206266,collecTRI
347,,,,gsea_estimate,mcauroc,0.6107061505317688,0.0013054830287206266,collecTRI
348,,,,gsea_estimate,mcauroc,0.6226024627685547,0.0013054830287206266,collecTRI
349,,,,gsea_estimate,mcauroc,0.5432352423667908,0.0013054830287206266,collecTRI
350,,,,gsea_estimate,mcauroc,0.5979495644569397,0.0013054830287206266,collecTRI
351,,,,gsea_estimate,mcauroc,0.5704962015151978,0.0013054830287206266,collecTRI
352,,,,gsea_estimate,mcauroc,0.563045084476471,0.0013054830287206266,collecTRI
353,,,,gsea_estimate,mcauroc,0.5994012355804443,0.0013054830287206266,collecTRI
354,,,,gsea_estimate,mcauroc,0.612517774105072,0.0013054830287206266,collecTRI
355,,,,gsea_estimate,mcauroc,0.5813900232315063,0.0013054830287206266,collecTRI
356,,,,gsea_estimate,mcauroc,0.6140465140342712,0.0013054830287206266,collecTRI
357,,,,gsea_estimate,mcauroc,0.6376075744628906,0.0013054830287206266,collecTRI
358,,,,gsea_estimate,mcauroc,0.5759685635566711,0.0013054830287206266,collecTRI
359,,,,gsea_estimate,mcauroc,0.5708171725273132,0.0013054830287206266,collecTRI
360,,,,gsea_estimate,mcauroc,0.6163843870162964,0.0013054830287206266,collecTRI
361,,,,gsea_estimate,mcauroc,0.600942850112915,0.0013054830287206266,collecTRI
362,,,,gsea_estimate,mcauroc,0.5821096301078796,0.0013054830287206266,collecTRI
363,,,,gsea_estimate,mcauroc,0.6106805801391602,0.0013054830287206266,collecTRI
364,,,,gsea_estimate,mcauroc,0.5557994842529297,0.0013054830287206266,collecTRI
365,,,,gsea_estimate,mcauroc,0.6071994304656982,0.0013054830287206266,collecTRI
366,,,,gsea_estimate,mcauroc,0.5897660851478577,0.0013054830287206266,collecTRI
367,,,,gsea_estimate,mcauroc,0.5762385129928589,0.0013054830287206266,collecTRI
368,,,,gsea_estimate,mcauroc,0.5866700410842896,0.0013054830287206266,collecTRI
369,,,,gsea_estimate,mcauroc,0.5759817361831665,0.0013054830287206266,collecTRI
370,,,,gsea_estimate,mcauroc,0.6199945211410522,0.0013054830287206266,collecTRI
371,,,,gsea_estimate,mcauroc,0.5777672529220581,0.0013054830287206266,collecTRI
372,,,,gsea_estimate,mcauroc,0.6009042263031006,0.0013054830287206266,collecTRI
373,,,,gsea_estimate,mcauroc,0.6153826117515564,0.0013054830287206266,collecTRI
374,,,,gsea_estimate,mcauroc,0.6011354327201843,0.0013054830287206266,collecTRI
375,,,,gsea_estimate,mcauroc,0.5775489211082458,0.0013054830287206266,collecTRI
376,,,,gsea_estimate,mcauroc,0.6079058647155762,0.0013054830287206266,collecTRI
377,,,,gsea_estimate,mcauroc,0.5972623229026794,0.0013054830287206266,collecTRI
378,,,,gsea_estimate,mcauroc,0.6066337823867798,0.0013054830287206266,collecTRI
379,,,,gsea_estimate,mcauroc,0.5837668776512146,0.0013054830287206266,collecTRI
380,,,,gsea_estimate,mcauroc,0.5626851916313171,0.0013054830287206266,collecTRI
381,,,,gsea_estimate,mcauroc,0.5910895466804504,0.0013054830287206266,collecTRI
382,,,,gsea_estimate,mcauroc,0.5874537825584412,0.0013054830287206266,collecTRI
383,,,,gsea_estimate,mcauroc,0.5946220755577087,0.0013054830287206266,collecTRI
384,,,,gsea_estimate,mcauroc,0.587196946144104,0.0013054830287206266,collecTRI
385,,,,gsea_estimate,mcauroc,0.600852906703949,0.0013054830287206266,collecTRI
386,,,,gsea_estimate,mcauroc,0.5859121084213257,0.0013054830287206266,collecTRI
387,,,,gsea_estimate,mcauroc,0.5750697255134583,0.0013054830287206266,collecTRI
388,,,,gsea_estimate,mcauroc,0.564740777015686,0.0013054830287206266,collecTRI
389,,,,gsea_estimate,mcauroc,0.5915647745132446,0.0013054830287206266,collecTRI
390,,,,gsea_estimate,mcauroc,0.5745170712471008,0.0013054830287206266,collecTRI
391,,,,gsea_estimate,mcauroc,0.6176050901412964,0.0013054830287206266,collecTRI
392,,,,gsea_estimate,mcauroc,0.6354619860649109,0.0013054830287206266,collecTRI
393,,,,gsea_estimate,mcauroc,0.6051310300827026,0.0013054830287206266,collecTRI
394,,,,gsea_estimate,mcauroc,0.5737206339836121,0.0013054830287206266,collecTRI
395,,,,gsea_estimate,mcauroc,0.5883787274360657,0.0013054830287206266,collecTRI
396,,,,gsea_estimate,mcauroc,0.6153566837310791,0.0013054830287206266,collecTRI
397,,,,gsea_estimate,mcauroc,0.6117855310440063,0.0013054830287206266,collecTRI
398,,,,gsea_estimate,mcauroc,0.5776258707046509,0.0013054830287206266,collecTRI
399,,,,gsea_estimate,mcauroc,0.5740289092063904,0.0013054830287206266,collecTRI
400,,,,gsea_estimate,mcauroc,0.5674129128456116,0.0013054830287206266,collecTRI
401,,,,gsea_estimate,mcauroc,0.5967806577682495,0.0013054830287206266,collecTRI
402,,,,gsea_estimate,mcauroc,0.5812361836433411,0.0013054830287206266,collecTRI
403,,,,gsea_estimate,mcauroc,0.5694043040275574,0.0013054830287206266,collecTRI
404,,,,gsea_estimate,mcauroc,0.6016110181808472,0.0013054830287206266,collecTRI
405,,,,gsea_estimate,mcauroc,0.5478858351707458,0.0013054830287206266,collecTRI
406,,,,gsea_estimate,mcauroc,0.592181384563446,0.0013054830287206266,collecTRI
407,,,,gsea_estimate,mcauroc,0.5932474136352539,0.0013054830287206266,collecTRI
408,,,,gsea_estimate,mcauroc,0.6158963441848755,0.0013054830287206266,collecTRI
409,,,,gsea_estimate,mcauroc,0.5622742176055908,0.0013054830287206266,collecTRI
410,,,,gsea_estimate,mcauroc,0.5587413311004639,0.0013054830287206266,collecTRI
411,,,,gsea_estimate,mcauroc,0.591397762298584,0.0013054830287206266,collecTRI
412,,,,gsea_estimate,mcauroc,0.5997480154037476,0.0013054830287206266,collecTRI
413,,,,gsea_estimate,mcauroc,0.6024330854415894,0.0013054830287206266,collecTRI
414,,,,gsea_estimate,mcauroc,0.6011225581169128,0.0013054830287206266,collecTRI
415,,,,gsea_estimate,mcauroc,0.5762768983840942,0.0013054830287206266,collecTRI
416,,,,gsea_estimate,mcauroc,0.6044629216194153,0.0013054830287206266,collecTRI
417,,,,gsea_estimate,mcauroc,0.5892778635025024,0.0013054830287206266,collecTRI
418,,,,gsea_estimate,mcauroc,0.5925281643867493,0.0013054830287206266,collecTRI
419,,,,gsea_estimate,mcauroc,0.6361687183380127,0.0013054830287206266,collecTRI
420,,,,gsea_estimate,mcauroc,0.6034092903137207,0.0013054830287206266,collecTRI
421,,,,gsea_estimate,mcauroc,0.5792704820632935,0.0013054830287206266,collecTRI
422,,,,gsea_estimate,mcauroc,0.5991442203521729,0.0013054830287206266,collecTRI
423,,,,gsea_estimate,mcauroc,0.6099611520767212,0.0013054830287206266,collecTRI
424,,,,gsea_estimate,mcauroc,0.5750694870948792,0.0013054830287206266,collecTRI
425,,,,gsea_estimate,mcauroc,0.5770608186721802,0.0013054830287206266,collecTRI
426,,,,gsea_estimate,mcauroc,0.6045784950256348,0.0013054830287206266,collecTRI
427,,,,gsea_estimate,mcauroc,0.5815699100494385,0.0013054830287206266,collecTRI
428,,,,gsea_estimate,mcauroc,0.5472306609153748,0.0013054830287206266,collecTRI
429,,,,gsea_estimate,mcauroc,0.5821480751037598,0.0013054830287206266,collecTRI
430,,,,gsea_estimate,mcauroc,0.568273663520813,0.0013054830287206266,collecTRI
431,,,,gsea_estimate,mcauroc,0.6220241785049438,0.0013054830287206266,collecTRI
432,,,,gsea_estimate,mcauroc,0.6313766837120056,0.0013054830287206266,collecTRI
433,,,,gsea_estimate,mcauroc,0.5766497254371643,0.0013054830287206266,collecTRI
434,,,,gsea_estimate,mcauroc,0.5792192816734314,0.0013054830287206266,collecTRI
435,,,,gsea_estimate,mcauroc,0.5888028144836426,0.0013054830287206266,collecTRI
436,,,,gsea_estimate,mcauroc,0.6131857633590698,0.0013054830287206266,collecTRI
437,,,,gsea_estimate,mcauroc,0.5712798237800598,0.0013054830287206266,collecTRI
438,,,,gsea_estimate,mcauroc,0.6087408065795898,0.0013054830287206266,collecTRI
439,,,,gsea_estimate,mcauroc,0.5973070859909058,0.0013054830287206266,collecTRI
440,,,,gsea_estimate,mcauroc,0.6421424746513367,0.0013054830287206266,collecTRI
441,,,,gsea_estimate,mcauroc,0.5753006339073181,0.0013054830287206266,collecTRI
442,,,,gsea_estimate,mcauroc,0.5800156593322754,0.0013054830287206266,collecTRI
443,,,,gsea_estimate,mcauroc,0.6047325134277344,0.0013054830287206266,collecTRI
444,,,,gsea_estimate,mcauroc,0.6112075448036194,0.0013054830287206266,collecTRI
445,,,,gsea_estimate,mcauroc,0.5893934369087219,0.0013054830287206266,collecTRI
446,,,,gsea_estimate,mcauroc,0.584601879119873,0.0013054830287206266,collecTRI
447,,,,gsea_estimate,mcauroc,0.5733737945556641,0.0013054830287206266,collecTRI
448,,,,gsea_estimate,mcauroc,0.6113227605819702,0.0013054830287206266,collecTRI
449,,,,gsea_estimate,mcauroc,0.6053364276885986,0.0013054830287206266,collecTRI
450,,,,gsea_estimate,mcauroc,0.5797457695007324,0.0013054830287206266,collecTRI
451,,,,gsea_estimate,mcauroc,0.6015982031822205,0.0013054830287206266,collecTRI
452,,,,gsea_estimate,mcauroc,0.5839464664459229,0.0013054830287206266,collecTRI
453,,,,gsea_estimate,mcauroc,0.5927464365959167,0.0013054830287206266,collecTRI
454,,,,gsea_estimate,mcauroc,0.6043214797973633,0.0013054830287206266,collecTRI
455,,,,gsea_estimate,mcauroc,0.613326907157898,0.0013054830287206266,collecTRI
456,,,,gsea_estimate,mcauroc,0.578435480594635,0.0013054830287206266,collecTRI
457,,,,gsea_estimate,mcauroc,0.6078798174858093,0.0013054830287206266,collecTRI
458,,,,gsea_estimate,mcauroc,0.6068521738052368,0.0013054830287206266,collecTRI
459,,,,gsea_estimate,mcauroc,0.5777416229248047,0.0013054830287206266,collecTRI
460,,,,gsea_estimate,mcauroc,0.5942754149436951,0.0013054830287206266,collecTRI
461,,,,gsea_estimate,mcauroc,0.5879677534103394,0.0013054830287206266,collecTRI
462,,,,gsea_estimate,mcauroc,0.5857453942298889,0.0013054830287206266,collecTRI
463,,,,gsea_estimate,mcauroc,0.5633918046951294,0.0013054830287206266,collecTRI
464,,,,gsea_estimate,mcauroc,0.581993818283081,0.0013054830287206266,collecTRI
465,,,,gsea_estimate,mcauroc,0.613172709941864,0.0013054830287206266,collecTRI
466,,,,gsea_estimate,mcauroc,0.6016108393669128,0.0013054830287206266,collecTRI
467,,,,gsea_estimate,mcauroc,0.6003649830818176,0.0013054830287206266,collecTRI
468,,,,gsea_estimate,mcauroc,0.5604372620582581,0.0013054830287206266,collecTRI
469,,,,gsea_estimate,mcauroc,0.6064410209655762,0.0013054830287206266,collecTRI
470,,,,gsea_estimate,mcauroc,0.5989130139350891,0.0013054830287206266,collecTRI
471,,,,gsea_estimate,mcauroc,0.6108345985412598,0.0013054830287206266,collecTRI
472,,,,gsea_estimate,mcauroc,0.6087794899940491,0.0013054830287206266,collecTRI
473,,,,gsea_estimate,mcauroc,0.5843449234962463,0.0013054830287206266,collecTRI
474,,,,gsea_estimate,mcauroc,0.610796332359314,0.0013054830287206266,collecTRI
475,,,,gsea_estimate,mcauroc,0.5950846672058105,0.0013054830287206266,collecTRI
476,,,,gsea_estimate,mcauroc,0.6104108095169067,0.0013054830287206266,collecTRI
477,,,,gsea_estimate,mcauroc,0.6359115839004517,0.0013054830287206266,collecTRI
478,,,,gsea_estimate,mcauroc,0.5730268359184265,0.0013054830287206266,collecTRI
479,,,,gsea_estimate,mcauroc,0.6131473183631897,0.0013054830287206266,collecTRI
480,,,,gsea_estimate,mcauroc,0.5976540446281433,0.0013054830287206266,collecTRI
481,,,,gsea_estimate,mcauroc,0.6141878366470337,0.0013054830287206266,collecTRI
482,,,,gsea_estimate,mcauroc,0.6000692844390869,0.0013054830287206266,collecTRI
483,,,,gsea_estimate,mcauroc,0.5525363087654114,0.0013054830287206266,collecTRI
484,,,,gsea_estimate,mcauroc,0.5910765528678894,0.0013054830287206266,collecTRI
485,,,,gsea_estimate,mcauroc,0.6121709942817688,0.0013054830287206266,collecTRI
486,,,,gsea_estimate,mcauroc,0.5939156413078308,0.0013054830287206266,collecTRI
487,,,,gsea_estimate,mcauroc,0.5498257875442505,0.0013054830287206266,collecTRI
488,,,,gsea_estimate,mcauroc,0.5862332582473755,0.0013054830287206266,collecTRI
489,,,,gsea_estimate,mcauroc,0.5794503688812256,0.0013054830287206266,collecTRI
490,,,,gsea_estimate,mcauroc,0.5612208247184753,0.0013054830287206266,collecTRI
491,,,,gsea_estimate,mcauroc,0.615189790725708,0.0013054830287206266,collecTRI
492,,,,gsea_estimate,mcauroc,0.5790135860443115,0.0013054830287206266,collecTRI
493,,,,gsea_estimate,mcauroc,0.612941563129425,0.0013054830287206266,collecTRI
494,,,,gsea_estimate,mcauroc,0.5934273600578308,0.0013054830287206266,collecTRI
495,,,,gsea_estimate,mcauroc,0.5847429633140564,0.0013054830287206266,collecTRI
496,,,,gsea_estimate,mcauroc,0.5748254656791687,0.0013054830287206266,collecTRI
497,,,,gsea_estimate,mcauroc,0.5701234340667725,0.0013054830287206266,collecTRI
498,,,,gsea_estimate,mcauroc,0.611952543258667,0.0013054830287206266,collecTRI
499,,,,gsea_estimate,mcauroc,0.5907682180404663,0.0013054830287206266,collecTRI
500,,,,gsea_estimate,mcauroc,0.6261481046676636,0.0013054830287206266,collecTRI
501,,,,gsea_estimate,mcauroc,0.5517655611038208,0.0013054830287206266,collecTRI
502,,,,gsea_estimate,mcauroc,0.5575467348098755,0.0013054830287206266,collecTRI
503,,,,gsea_estimate,mcauroc,0.615228533744812,0.0013054830287206266,collecTRI
504,,,,gsea_estimate,mcauroc,0.61139976978302,0.0013054830287206266,collecTRI
505,,,,gsea_estimate,mcauroc,0.5620430111885071,0.0013054830287206266,collecTRI
506,,,,gsea_estimate,mcauroc,0.6141749024391174,0.0013054830287206266,collecTRI
507,,,,gsea_estimate,mcauroc,0.5853597521781921,0.0013054830287206266,collecTRI
508,,,,gsea_estimate,mcauroc,0.5933245420455933,0.0013054830287206266,collecTRI
509,,,,gsea_estimate,mcauroc,0.6286918520927429,0.0013054830287206266,collecTRI
510,,,,gsea_estimate,mcauroc,0.5780242085456848,0.0013054830287206266,collecTRI
511,,,,gsea_estimate,mcauroc,0.6242854595184326,0.0013054830287206266,collecTRI
512,,,,gsea_estimate,mcauroc,0.6046555638313293,0.0013054830287206266,collecTRI
513,,,,gsea_estimate,mcauroc,0.6264050006866455,0.0013054830287206266,collecTRI
514,,,,gsea_estimate,mcauroc,0.6224610805511475,0.0013054830287206266,collecTRI
515,,,,gsea_estimate,mcauroc,0.5996837615966797,0.0013054830287206266,collecTRI
516,,,,gsea_estimate,mcauroc,0.5873381495475769,0.0013054830287206266,collecTRI
517,,,,gsea_estimate,mcauroc,0.5739775896072388,0.0013054830287206266,collecTRI
518,,,,gsea_estimate,mcauroc,0.5912818908691406,0.0013054830287206266,collecTRI
519,,,,gsea_estimate,mcauroc,0.6135453581809998,0.0013054830287206266,collecTRI
520,,,,gsea_estimate,mcauroc,0.6045912504196167,0.0013054830287206266,collecTRI
521,,,,gsea_estimate,mcauroc,0.5708299875259399,0.0013054830287206266,collecTRI
522,,,,gsea_estimate,mcauroc,0.600698709487915,0.0013054830287206266,collecTRI
523,,,,gsea_estimate,mcauroc,0.5943396091461182,0.0013054830287206266,collecTRI
524,,,,gsea_estimate,mcauroc,0.5816727876663208,0.0013054830287206266,collecTRI
525,,,,gsea_estimate,mcauroc,0.5995551347732544,0.0013054830287206266,collecTRI
526,,,,gsea_estimate,mcauroc,0.5919500589370728,0.0013054830287206266,collecTRI
527,,,,gsea_estimate,mcauroc,0.6300151944160461,0.0013054830287206266,collecTRI
528,,,,gsea_estimate,mcauroc,0.5983605980873108,0.0013054830287206266,collecTRI
529,,,,gsea_estimate,mcauroc,0.6322886943817139,0.0013054830287206266,collecTRI
530,,,,gsea_estimate,mcauroc,0.585565447807312,0.0013054830287206266,collecTRI
531,,,,gsea_estimate,mcauroc,0.6338300704956055,0.0013054830287206266,collecTRI
532,,,,gsea_estimate,mcauroc,0.5698922872543335,0.0013054830287206266,collecTRI
533,,,,gsea_estimate,mcauroc,0.5830987095832825,0.0013054830287206266,collecTRI
534,,,,gsea_estimate,mcauroc,0.5629165768623352,0.0013054830287206266,collecTRI
535,,,,gsea_estimate,mcauroc,0.5781785249710083,0.0013054830287206266,collecTRI
536,,,,gsea_estimate,mcauroc,0.6139950752258301,0.0013054830287206266,collecTRI
537,,,,gsea_estimate,mcauroc,0.5789236426353455,0.0013054830287206266,collecTRI
538,,,,gsea_estimate,mcauroc,0.5908837914466858,0.0013054830287206266,collecTRI
539,,,,gsea_estimate,mcauroc,0.6260324120521545,0.0013054830287206266,collecTRI
540,,,,gsea_estimate,mcauroc,0.6045527458190918,0.0013054830287206266,collecTRI
541,,,,gsea_estimate,mcauroc,0.6124019622802734,0.0013054830287206266,collecTRI
542,,,,gsea_estimate,mcauroc,0.5960224866867065,0.0013054830287206266,collecTRI
543,,,,gsea_estimate,mcauroc,0.5852442383766174,0.0013054830287206266,collecTRI
544,,,,gsea_estimate,mcauroc,0.5839208960533142,0.0013054830287206266,collecTRI
545,,,,gsea_estimate,mcauroc,0.5908452272415161,0.0013054830287206266,collecTRI
546,,,,gsea_estimate,mcauroc,0.6026644110679626,0.0013054830287206266,collecTRI
547,,,,gsea_estimate,mcauroc,0.5657427310943604,0.0013054830287206266,collecTRI
548,,,,gsea_estimate,mcauroc,0.6177847981452942,0.0013054830287206266,collecTRI
549,,,,gsea_estimate,mcauroc,0.6100510358810425,0.0013054830287206266,collecTRI
550,,,,gsea_estimate,mcauroc,0.5872353315353394,0.0013054830287206266,collecTRI
551,,,,gsea_estimate,mcauroc,0.5823792815208435,0.0013054830287206266,collecTRI
552,,,,gsea_estimate,mcauroc,0.5708557963371277,0.0013054830287206266,collecTRI
553,,,,gsea_estimate,mcauroc,0.6097813844680786,0.0013054830287206266,collecTRI
554,,,,gsea_estimate,mcauroc,0.605195164680481,0.0013054830287206266,collecTRI
555,,,,gsea_estimate,mcauroc,0.5875436067581177,0.0013054830287206266,collecTRI
556,,,,gsea_estimate,mcauroc,0.5998122692108154,0.0013054830287206266,collecTRI
557,,,,gsea_estimate,mcauroc,0.5663466453552246,0.0013054830287206266,collecTRI
558,,,,gsea_estimate,mcauroc,0.6013668775558472,0.0013054830287206266,collecTRI
559,,,,gsea_estimate,mcauroc,0.5779345035552979,0.0013054830287206266,collecTRI
560,,,,gsea_estimate,mcauroc,0.6207137703895569,0.0013054830287206266,collecTRI
561,,,,gsea_estimate,mcauroc,0.6008399724960327,0.0013054830287206266,collecTRI
562,,,,gsea_estimate,mcauroc,0.5956241488456726,0.0013054830287206266,collecTRI
563,,,,gsea_estimate,mcauroc,0.5927721858024597,0.0013054830287206266,collecTRI
564,,,,gsea_estimate,mcauroc,0.6109505295753479,0.0013054830287206266,collecTRI
565,,,,gsea_estimate,mcauroc,0.5489778518676758,0.0013054830287206266,collecTRI
566,,,,gsea_estimate,mcauroc,0.6074432134628296,0.0013054830287206266,collecTRI
567,,,,gsea_estimate,mcauroc,0.5905884504318237,0.0013054830287206266,collecTRI
568,,,,gsea_estimate,mcauroc,0.5826875567436218,0.0013054830287206266,collecTRI
569,,,,gsea_estimate,mcauroc,0.5913721323013306,0.0013054830287206266,collecTRI
570,,,,gsea_estimate,mcauroc,0.591204822063446,0.0013054830287206266,collecTRI
571,,,,gsea_estimate,mcauroc,0.5981292724609375,0.0013054830287206266,collecTRI
572,,,,gsea_estimate,mcauroc,0.5732582807540894,0.0013054830287206266,collecTRI
573,,,,gsea_estimate,mcauroc,0.5711385607719421,0.0013054830287206266,collecTRI
574,,,,gsea_estimate,mcauroc,0.5980008840560913,0.0013054830287206266,collecTRI
575,,,,gsea_estimate,mcauroc,0.5680552124977112,0.0013054830287206266,collecTRI
576,,,,gsea_estimate,mcauroc,0.5796171426773071,0.0013054830287206266,collecTRI
577,,,,gsea_estimate,mcauroc,0.5781269669532776,0.0013054830287206266,collecTRI
578,,,,gsea_estimate,mcauroc,0.5709843039512634,0.0013054830287206266,collecTRI
579,,,,gsea_estimate,mcauroc,0.5869912505149841,0.0013054830287206266,collecTRI
580,,,,gsea_estimate,mcauroc,0.580889105796814,0.0013054830287206266,collecTRI
581,,,,gsea_estimate,mcauroc,0.5732836723327637,0.0013054830287206266,collecTRI
582,,,,gsea_estimate,mcauroc,0.5942239761352539,0.0013054830287206266,collecTRI
583,,,,gsea_estimate,mcauroc,0.604038655757904,0.0013054830287206266,collecTRI
584,,,,gsea_estimate,mcauroc,0.586592972278595,0.0013054830287206266,collecTRI
585,,,,gsea_estimate,mcauroc,0.5797199606895447,0.0013054830287206266,collecTRI
586,,,,gsea_estimate,mcauroc,0.6095243096351624,0.0013054830287206266,collecTRI
587,,,,gsea_estimate,mcauroc,0.6033322215080261,0.0013054830287206266,collecTRI
588,,,,gsea_estimate,mcauroc,0.5868242979049683,0.0013054830287206266,collecTRI
589,,,,gsea_estimate,mcauroc,0.5978851914405823,0.0013054830287206266,collecTRI
590,,,,gsea_estimate,mcauroc,0.5857452154159546,0.0013054830287206266,collecTRI
591,,,,gsea_estimate,mcauroc,0.6202384233474731,0.0013054830287206266,collecTRI
592,,,,gsea_estimate,mcauroc,0.5987459421157837,0.0013054830287206266,collecTRI
593,,,,gsea_estimate,mcauroc,0.5963822603225708,0.0013054830287206266,collecTRI
594,,,,gsea_estimate,mcauroc,0.6015468239784241,0.0013054830287206266,collecTRI
595,,,,gsea_estimate,mcauroc,0.5709971189498901,0.0013054830287206266,collecTRI
596,,,,gsea_estimate,mcauroc,0.6156010031700134,0.0013054830287206266,collecTRI
597,,,,gsea_estimate,mcauroc,0.5947763323783875,0.0013054830287206266,collecTRI
598,,,,gsea_estimate,mcauroc,0.6162818074226379,0.0013054830287206266,collecTRI
599,,,,gsea_estimate,mcauroc,0.5762258768081665,0.0013054830287206266,collecTRI
600,,,,gsea_estimate,mcauroc,0.5584588050842285,0.0013054830287206266,collecTRI
601,,,,gsea_estimate,mcauroc,0.6204569935798645,0.0013054830287206266,collecTRI
602,,,,gsea_estimate,mcauroc,0.5641112327575684,0.0013054830287206266,collecTRI
603,,,,gsea_estimate,mcauroc,0.5894449949264526,0.0013054830287206266,collecTRI
604,,,,gsea_estimate,mcauroc,0.5775617361068726,0.0013054830287206266,collecTRI
605,,,,gsea_estimate,mcauroc,0.5958167910575867,0.0013054830287206266,collecTRI
606,,,,gsea_estimate,mcauroc,0.5739260911941528,0.0013054830287206266,collecTRI
607,,,,gsea_estimate,mcauroc,0.5895605683326721,0.0013054830287206266,collecTRI
608,,,,gsea_estimate,mcauroc,0.5953928828239441,0.0013054830287206266,collecTRI
609,,,,gsea_estimate,mcauroc,0.5936203002929688,0.0013054830287206266,collecTRI
610,,,,gsea_estimate,mcauroc,0.6399326324462891,0.0013054830287206266,collecTRI
611,,,,gsea_estimate,mcauroc,0.5499800443649292,0.0013054830287206266,collecTRI
612,,,,gsea_estimate,mcauroc,0.5660511255264282,0.0013054830287206266,collecTRI
613,,,,gsea_estimate,mcauroc,0.6152669787406921,0.0013054830287206266,collecTRI
614,,,,gsea_estimate,mcauroc,0.5942240953445435,0.0013054830287206266,collecTRI
615,,,,gsea_estimate,mcauroc,0.5744143724441528,0.0013054830287206266,collecTRI
616,,,,gsea_estimate,mcauroc,0.5857836604118347,0.0013054830287206266,collecTRI
617,,,,gsea_estimate,mcauroc,0.617669403553009,0.0013054830287206266,collecTRI
618,,,,gsea_estimate,mcauroc,0.614226222038269,0.0013054830287206266,collecTRI
619,,,,gsea_estimate,mcauroc,0.6165388822555542,0.0013054830287206266,collecTRI
620,,,,gsea_estimate,mcauroc,0.6384679675102234,0.0013054830287206266,collecTRI
621,,,,gsea_estimate,mcauroc,0.6288199424743652,0.0013054830287206266,collecTRI
622,,,,gsea_estimate,mcauroc,0.5902031064033508,0.0013054830287206266,collecTRI
623,,,,gsea_estimate,mcauroc,0.5916290283203125,0.0013054830287206266,collecTRI
624,,,,gsea_estimate,mcauroc,0.5670016407966614,0.0013054830287206266,collecTRI
625,,,,gsea_estimate,mcauroc,0.6236173510551453,0.0013054830287206266,collecTRI
626,,,,gsea_estimate,mcauroc,0.5805935859680176,0.0013054830287206266,collecTRI
627,,,,gsea_estimate,mcauroc,0.5921300649642944,0.0013054830287206266,collecTRI
628,,,,gsea_estimate,mcauroc,0.6009555459022522,0.0013054830287206266,collecTRI
629,,,,gsea_estimate,mcauroc,0.6285117864608765,0.0013054830287206266,collecTRI
630,,,,gsea_estimate,mcauroc,0.6136611104011536,0.0013054830287206266,collecTRI
631,,,,gsea_estimate,mcauroc,0.6192622184753418,0.0013054830287206266,collecTRI
632,,,,gsea_estimate,mcauroc,0.5709329843521118,0.0013054830287206266,collecTRI
633,,,,gsea_estimate,mcauroc,0.5990671515464783,0.0013054830287206266,collecTRI
634,,,,gsea_estimate,mcauroc,0.6221784353256226,0.0013054830287206266,collecTRI
635,,,,gsea_estimate,mcauroc,0.6166541576385498,0.0013054830287206266,collecTRI
636,,,,gsea_estimate,mcauroc,0.5811587572097778,0.0013054830287206266,collecTRI
637,,,,gsea_estimate,mcauroc,0.595354437828064,0.0013054830287206266,collecTRI
638,,,,gsea_estimate,mcauroc,0.5732709765434265,0.0013054830287206266,collecTRI
639,,,,gsea_estimate,mcauroc,0.5980396270751953,0.0013054830287206266,collecTRI
640,,,,gsea_estimate,mcauroc,0.6167441606521606,0.0013054830287206266,collecTRI
641,,,,gsea_estimate,mcauroc,0.5975900888442993,0.0013054830287206266,collecTRI
642,,,,gsea_estimate,mcauroc,0.6025999188423157,0.0013054830287206266,collecTRI
643,,,,gsea_estimate,mcauroc,0.5960739850997925,0.0013054830287206266,collecTRI
644,,,,gsea_estimate,mcauroc,0.5735920667648315,0.0013054830287206266,collecTRI
645,,,,gsea_estimate,mcauroc,0.6133140921592712,0.0013054830287206266,collecTRI
646,,,,gsea_estimate,mcauroc,0.591372013092041,0.0013054830287206266,collecTRI
647,,,,gsea_estimate,mcauroc,0.6106035113334656,0.0013054830287206266,collecTRI
648,,,,gsea_estimate,mcauroc,0.5809018015861511,0.0013054830287206266,collecTRI
649,,,,gsea_estimate,mcauroc,0.6285247206687927,0.0013054830287206266,collecTRI
650,,,,gsea_estimate,mcauroc,0.5821095108985901,0.0013054830287206266,collecTRI
651,,,,gsea_estimate,mcauroc,0.6079056859016418,0.0013054830287206266,collecTRI
652,,,,gsea_estimate,mcauroc,0.5755449533462524,0.0013054830287206266,collecTRI
653,,,,gsea_estimate,mcauroc,0.5991186499595642,0.0013054830287206266,collecTRI
654,,,,gsea_estimate,mcauroc,0.5763541460037231,0.0013054830287206266,collecTRI
655,,,,gsea_estimate,mcauroc,0.5728342533111572,0.0013054830287206266,collecTRI
656,,,,gsea_estimate,mcauroc,0.5812743306159973,0.0013054830287206266,collecTRI
657,,,,gsea_estimate,mcauroc,0.599337100982666,0.0013054830287206266,collecTRI
658,,,,gsea_estimate,mcauroc,0.624516487121582,0.0013054830287206266,collecTRI
659,,,,gsea_estimate,mcauroc,0.5872484445571899,0.0013054830287206266,collecTRI
660,,,,gsea_estimate,mcauroc,0.5609639883041382,0.0013054830287206266,collecTRI
661,,,,gsea_estimate,mcauroc,0.5966262817382812,0.0013054830287206266,collecTRI
662,,,,gsea_estimate,mcauroc,0.617977499961853,0.0013054830287206266,collecTRI
663,,,,gsea_estimate,mcauroc,0.6371192932128906,0.0013054830287206266,collecTRI
664,,,,gsea_estimate,mcauroc,0.5986431837081909,0.0013054830287206266,collecTRI
665,,,,gsea_estimate,mcauroc,0.6145986914634705,0.0013054830287206266,collecTRI
666,,,,gsea_estimate,mcauroc,0.5729110836982727,0.0013054830287206266,collecTRI
667,,,,gsea_estimate,mcauroc,0.6191849112510681,0.0013054830287206266,collecTRI
668,,,,gsea_estimate,mcauroc,0.5934404134750366,0.0013054830287206266,collecTRI
669,,,,gsea_estimate,mcauroc,0.5554139614105225,0.0013054830287206266,collecTRI
670,,,,gsea_estimate,mcauroc,0.6071091294288635,0.0013054830287206266,collecTRI
671,,,,gsea_estimate,mcauroc,0.6045398712158203,0.0013054830287206266,collecTRI
672,,,,gsea_estimate,mcauroc,0.5876592397689819,0.0013054830287206266,collecTRI
673,,,,gsea_estimate,mcauroc,0.5934532284736633,0.0013054830287206266,collecTRI
674,,,,gsea_estimate,mcauroc,0.5880060791969299,0.0013054830287206266,collecTRI
675,,,,gsea_estimate,mcauroc,0.6098071336746216,0.0013054830287206266,collecTRI
676,,,,gsea_estimate,mcauroc,0.6048741340637207,0.0013054830287206266,collecTRI
677,,,,gsea_estimate,mcauroc,0.619955837726593,0.0013054830287206266,collecTRI
678,,,,gsea_estimate,mcauroc,0.5458562970161438,0.0013054830287206266,collecTRI
679,,,,gsea_estimate,mcauroc,0.5948535799980164,0.0013054830287206266,collecTRI
680,,,,gsea_estimate,mcauroc,0.6003262400627136,0.0013054830287206266,collecTRI
681,,,,gsea_estimate,mcauroc,0.5986815094947815,0.0013054830287206266,collecTRI
682,,,,gsea_estimate,mcauroc,0.6056318879127502,0.0013054830287206266,collecTRI
683,,,,gsea_estimate,mcauroc,0.5753779411315918,0.0013054830287206266,collecTRI
684,,,,gsea_estimate,mcauroc,0.5856552124023438,0.0013054830287206266,collecTRI
685,,,,gsea_estimate,mcauroc,0.558548629283905,0.0013054830287206266,collecTRI
686,,,,gsea_estimate,mcauroc,0.6045270562171936,0.0013054830287206266,collecTRI
687,,,,gsea_estimate,mcauroc,0.5760203003883362,0.0013054830287206266,collecTRI
688,,,,gsea_estimate,mcauroc,0.5714853405952454,0.0013054830287206266,collecTRI
689,,,,gsea_estimate,mcauroc,0.6010841131210327,0.0013054830287206266,collecTRI
690,,,,gsea_estimate,mcauroc,0.6140848994255066,0.0013054830287206266,collecTRI
691,,,,gsea_estimate,mcauroc,0.5949176549911499,0.0013054830287206266,collecTRI
692,,,,gsea_estimate,mcauroc,0.5586643815040588,0.0013054830287206266,collecTRI
693,,,,gsea_estimate,mcauroc,0.6006602644920349,0.0013054830287206266,collecTRI
694,,,,gsea_estimate,mcauroc,0.56267249584198,0.0013054830287206266,collecTRI
695,,,,gsea_estimate,mcauroc,0.5967805981636047,0.0013054830287206266,collecTRI
696,,,,gsea_estimate,mcauroc,0.5519198179244995,0.0013054830287206266,collecTRI
697,,,,gsea_estimate,mcauroc,0.5892265439033508,0.0013054830287206266,collecTRI
698,,,,gsea_estimate,mcauroc,0.6086506247520447,0.0013054830287206266,collecTRI
699,,,,gsea_estimate,mcauroc,0.5858222246170044,0.0013054830287206266,collecTRI
700,,,,gsea_estimate,mcauroc,0.6023046374320984,0.0013054830287206266,collecTRI
701,,,,gsea_estimate,mcauroc,0.5746070742607117,0.0013054830287206266,collecTRI
702,,,,gsea_estimate,mcauroc,0.621947169303894,0.0013054830287206266,collecTRI
703,,,,gsea_estimate,mcauroc,0.5976540446281433,0.0013054830287206266,collecTRI
704,,,,gsea_estimate,mcauroc,0.5959324836730957,0.0013054830287206266,collecTRI
705,,,,gsea_estimate,mcauroc,0.5900360941886902,0.0013054830287206266,collecTRI
706,,,,gsea_estimate,mcauroc,0.6113488078117371,0.0013054830287206266,collecTRI
707,,,,gsea_estimate,mcauroc,0.6150100231170654,0.0013054830287206266,collecTRI
708,,,,gsea_estimate,mcauroc,0.6039102673530579,0.0013054830287206266,collecTRI
709,,,,gsea_estimate,mcauroc,0.5904085636138916,0.0013054830287206266,collecTRI
710,,,,gsea_estimate,mcauroc,0.5958297848701477,0.0013054830287206266,collecTRI
711,,,,gsea_estimate,mcauroc,0.6020089387893677,0.0013054830287206266,collecTRI
712,,,,gsea_estimate,mcauroc,0.600942850112915,0.0013054830287206266,collecTRI
713,,,,gsea_estimate,mcauroc,0.6286789178848267,0.0013054830287206266,collecTRI
714,,,,gsea_estimate,mcauroc,0.5919243097305298,0.0013054830287206266,collecTRI
715,,,,gsea_estimate,mcauroc,0.6124148964881897,0.0013054830287206266,collecTRI
716,,,,gsea_estimate,mcauroc,0.5950461030006409,0.0013054830287206266,collecTRI
717,,,,gsea_estimate,mcauroc,0.5792062282562256,0.0013054830287206266,collecTRI
718,,,,gsea_estimate,mcauroc,0.5666548609733582,0.0013054830287206266,collecTRI
719,,,,gsea_estimate,mcauroc,0.5864261984825134,0.0013054830287206266,collecTRI
720,,,,gsea_estimate,mcauroc,0.595585823059082,0.0013054830287206266,collecTRI
721,,,,gsea_estimate,mcauroc,0.6070578694343567,0.0013054830287206266,collecTRI
722,,,,gsea_estimate,mcauroc,0.6020925641059875,0.0013054830287206266,collecTRI
723,,,,gsea_estimate,mcauroc,0.5926565527915955,0.0013054830287206266,collecTRI
724,,,,gsea_estimate,mcauroc,0.6026256680488586,0.0013054830287206266,collecTRI
725,,,,gsea_estimate,mcauroc,0.5738362669944763,0.0013054830287206266,collecTRI
726,,,,gsea_estimate,mcauroc,0.600364625453949,0.0013054830287206266,collecTRI
727,,,,gsea_estimate,mcauroc,0.58231520652771,0.0013054830287206266,collecTRI
728,,,,gsea_estimate,mcauroc,0.5929520726203918,0.0013054830287206266,collecTRI
729,,,,gsea_estimate,mcauroc,0.5623641014099121,0.0013054830287206266,collecTRI
730,,,,gsea_estimate,mcauroc,0.5762383937835693,0.0013054830287206266,collecTRI
731,,,,gsea_estimate,mcauroc,0.5848203301429749,0.0013054830287206266,collecTRI
732,,,,gsea_estimate,mcauroc,0.6302204728126526,0.0013054830287206266,collecTRI
733,,,,gsea_estimate,mcauroc,0.5990928411483765,0.0013054830287206266,collecTRI
734,,,,gsea_estimate,mcauroc,0.5788078904151917,0.0013054830287206266,collecTRI
735,,,,gsea_estimate,mcauroc,0.6118495464324951,0.0013054830287206266,collecTRI
736,,,,gsea_estimate,mcauroc,0.59148770570755,0.0013054830287206266,collecTRI
737,,,,gsea_estimate,mcauroc,0.5593836903572083,0.0013054830287206266,collecTRI
738,,,,gsea_estimate,mcauroc,0.6029467582702637,0.0013054830287206266,collecTRI
739,,,,gsea_estimate,mcauroc,0.6168342232704163,0.0013054830287206266,collecTRI
740,,,,gsea_estimate,mcauroc,0.6092932224273682,0.0013054830287206266,collecTRI
741,,,,gsea_estimate,mcauroc,0.5671431422233582,0.0013054830287206266,collecTRI
742,,,,gsea_estimate,mcauroc,0.5866702198982239,0.0013054830287206266,collecTRI
743,,,,gsea_estimate,mcauroc,0.5959198474884033,0.0013054830287206266,collecTRI
744,,,,gsea_estimate,mcauroc,0.5936073660850525,0.0013054830287206266,collecTRI
745,,,,gsea_estimate,mcauroc,0.5930934548377991,0.0013054830287206266,collecTRI
746,,,,gsea_estimate,mcauroc,0.5940569043159485,0.0013054830287206266,collecTRI
747,,,,gsea_estimate,mcauroc,0.6080470085144043,0.0013054830287206266,collecTRI
748,,,,gsea_estimate,mcauroc,0.6206238865852356,0.0013054830287206266,collecTRI
749,,,,gsea_estimate,mcauroc,0.5943396091461182,0.0013054830287206266,collecTRI
750,,,,gsea_estimate,mcauroc,0.5845890045166016,0.0013054830287206266,collecTRI
751,,,,gsea_estimate,mcauroc,0.6021759510040283,0.0013054830287206266,collecTRI
752,,,,gsea_estimate,mcauroc,0.5900358557701111,0.0013054830287206266,collecTRI
753,,,,gsea_estimate,mcauroc,0.618915319442749,0.0013054830287206266,collecTRI
754,,,,gsea_estimate,mcauroc,0.5769193768501282,0.0013054830287206266,collecTRI
755,,,,gsea_estimate,mcauroc,0.6122092604637146,0.0013054830287206266,collecTRI
756,,,,gsea_estimate,mcauroc,0.5711127519607544,0.0013054830287206266,collecTRI
757,,,,gsea_estimate,mcauroc,0.6023560166358948,0.0013054830287206266,collecTRI
758,,,,gsea_estimate,mcauroc,0.5970116853713989,0.0013054830287206266,collecTRI
759,,,,gsea_estimate,mcauroc,0.6263152360916138,0.0013054830287206266,collecTRI
760,,,,gsea_estimate,mcauroc,0.5851797461509705,0.0013054830287206266,collecTRI
761,,,,gsea_estimate,mcauroc,0.6163332462310791,0.0013054830287206266,collecTRI
762,,,,gsea_estimate,mcauroc,0.5896763205528259,0.0013054830287206266,collecTRI
763,,,,gsea_estimate,mcauroc,0.5814799070358276,0.0013054830287206266,collecTRI
764,,,,gsea_estimate,mcauroc,0.6032554507255554,0.0013054830287206266,collecTRI
765,,,,gsea_estimate,mcauroc,0.6200461387634277,0.0013054830287206266,collecTRI
766,,,,gsea_estimate,mcauroc,0.6114000082015991,0.0013054830287206266,collecTRI
767,,,,gsea_estimate,mcauroc,0.6095886826515198,0.0013054830287206266,collecTRI
768,,,,gsea_estimate,mcauroc,0.5882886648178101,0.0013054830287206266,collecTRI
769,,,,gsea_estimate,mcauroc,0.6103208065032959,0.0013054830287206266,collecTRI
770,,,,gsea_estimate,mcauroc,0.586927056312561,0.0013054830287206266,collecTRI
771,,,,gsea_estimate,mcauroc,0.5956372022628784,0.0013054830287206266,collecTRI
772,,,,gsea_estimate,mcauroc,0.589650571346283,0.0013054830287206266,collecTRI
773,,,,gsea_estimate,mcauroc,0.5881731510162354,0.0013054830287206266,collecTRI
774,,,,gsea_estimate,mcauroc,0.5933375358581543,0.0013054830287206266,collecTRI
775,,,,gsea_estimate,mcauroc,0.5974100232124329,0.0013054830287206266,collecTRI
776,,,,gsea_estimate,mcauroc,0.5797457098960876,0.0013054830287206266,collecTRI
777,,,,gsea_estimate,mcauroc,0.6026129126548767,0.0013054830287206266,collecTRI
778,,,,gsea_estimate,mcauroc,0.576444149017334,0.0013054830287206266,collecTRI
779,,,,gsea_estimate,mcauroc,0.5842805504798889,0.0013054830287206266,collecTRI
780,,,,gsea_estimate,mcauroc,0.5870940685272217,0.0013054830287206266,collecTRI
781,,,,gsea_estimate,mcauroc,0.5809661746025085,0.0013054830287206266,collecTRI
782,,,,gsea_estimate,mcauroc,0.5990287065505981,0.0013054830287206266,collecTRI
783,,,,gsea_estimate,mcauroc,0.5885459780693054,0.0013054830287206266,collecTRI
784,,,,gsea_estimate,mcauroc,0.5992470979690552,0.0013054830287206266,collecTRI
785,,,,gsea_estimate,mcauroc,0.5884171724319458,0.0013054830287206266,collecTRI
786,,,,gsea_estimate,mcauroc,0.5759045481681824,0.0013054830287206266,collecTRI
787,,,,gsea_estimate,mcauroc,0.6432727575302124,0.0013054830287206266,collecTRI
788,,,,gsea_estimate,mcauroc,0.612890362739563,0.0013054830287206266,collecTRI
789,,,,gsea_estimate,mcauroc,0.559640645980835,0.0013054830287206266,collecTRI
790,,,,gsea_estimate,mcauroc,0.5979752540588379,0.0013054830287206266,collecTRI
791,,,,gsea_estimate,mcauroc,0.6131088733673096,0.0013054830287206266,collecTRI
792,,,,gsea_estimate,mcauroc,0.5469609498977661,0.0013054830287206266,collecTRI
793,,,,gsea_estimate,mcauroc,0.6074818968772888,0.0013054830287206266,collecTRI
794,,,,gsea_estimate,mcauroc,0.5769837498664856,0.0013054830287206266,collecTRI
795,,,,gsea_estimate,mcauroc,0.6094217300415039,0.0013054830287206266,collecTRI
796,,,,gsea_estimate,mcauroc,0.5546817779541016,0.0013054830287206266,collecTRI
797,,,,gsea_estimate,mcauroc,0.5978851914405823,0.0013054830287206266,collecTRI
798,,,,gsea_estimate,mcauroc,0.5571612119674683,0.0013054830287206266,collecTRI
799,,,,gsea_estimate,mcauroc,0.6010971665382385,0.0013054830287206266,collecTRI
800,,,,gsea_estimate,mcauroc,0.575416624546051,0.0013054830287206266,collecTRI
801,,,,gsea_estimate,mcauroc,0.5720121264457703,0.0013054830287206266,collecTRI
802,,,,gsea_estimate,mcauroc,0.5715366005897522,0.0013054830287206266,collecTRI
803,,,,gsea_estimate,mcauroc,0.6087407469749451,0.0013054830287206266,collecTRI
804,,,,gsea_estimate,mcauroc,0.6177717447280884,0.0013054830287206266,collecTRI
805,,,,gsea_estimate,mcauroc,0.6134552359580994,0.0013054830287206266,collecTRI
806,,,,gsea_estimate,mcauroc,0.5847303867340088,0.0013054830287206266,collecTRI
807,,,,gsea_estimate,mcauroc,0.5860919952392578,0.0013054830287206266,collecTRI
808,,,,gsea_estimate,mcauroc,0.6251720190048218,0.0013054830287206266,collecTRI
809,,,,gsea_estimate,mcauroc,0.5752879977226257,0.0013054830287206266,collecTRI
810,,,,gsea_estimate,mcauroc,0.6278952360153198,0.0013054830287206266,collecTRI
811,,,,gsea_estimate,mcauroc,0.5967805981636047,0.0013054830287206266,collecTRI
812,,,,gsea_estimate,mcauroc,0.624053955078125,0.0013054830287206266,collecTRI
813,,,,gsea_estimate,mcauroc,0.5871452689170837,0.0013054830287206266,collecTRI
814,,,,gsea_estimate,mcauroc,0.5923482179641724,0.0013054830287206266,collecTRI
815,,,,gsea_estimate,mcauroc,0.5502498149871826,0.0013054830287206266,collecTRI
816,,,,gsea_estimate,mcauroc,0.5910124182701111,0.0013054830287206266,collecTRI
817,,,,gsea_estimate,mcauroc,0.6240667700767517,0.0013054830287206266,collecTRI
818,,,,gsea_estimate,mcauroc,0.6384681463241577,0.0013054830287206266,collecTRI
819,,,,gsea_estimate,mcauroc,0.5829958319664001,0.0013054830287206266,collecTRI
820,,,,gsea_estimate,mcauroc,0.5874537825584412,0.0013054830287206266,collecTRI
821,,,,gsea_estimate,mcauroc,0.5887898802757263,0.0013054830287206266,collecTRI
822,,,,gsea_estimate,mcauroc,0.6057987213134766,0.0013054830287206266,collecTRI
823,,,,gsea_estimate,mcauroc,0.5840108394622803,0.0013054830287206266,collecTRI
824,,,,gsea_estimate,mcauroc,0.5702648758888245,0.0013054830287206266,collecTRI
825,,,,gsea_estimate,mcauroc,0.6363097429275513,0.0013054830287206266,collecTRI
826,,,,gsea_estimate,mcauroc,0.6329953670501709,0.0013054830287206266,collecTRI
827,,,,gsea_estimate,mcauroc,0.6092416644096375,0.0013054830287206266,collecTRI
828,,,,gsea_estimate,mcauroc,0.6172837018966675,0.0013054830287206266,collecTRI
829,,,,gsea_estimate,mcauroc,0.5955343842506409,0.0013054830287206266,collecTRI
830,,,,gsea_estimate,mcauroc,0.5859506726264954,0.0013054830287206266,collecTRI
831,,,,gsea_estimate,mcauroc,0.580837607383728,0.0013054830287206266,collecTRI
832,,,,gsea_estimate,mcauroc,0.556827187538147,0.0013054830287206266,collecTRI
833,,,,gsea_estimate,mcauroc,0.5770477056503296,0.0013054830287206266,collecTRI
834,,,,gsea_estimate,mcauroc,0.5967290997505188,0.0013054830287206266,collecTRI
835,,,,gsea_estimate,mcauroc,0.5996066927909851,0.0013054830287206266,collecTRI
836,,,,gsea_estimate,mcauroc,0.5617474317550659,0.0013054830287206266,collecTRI
837,,,,gsea_estimate,mcauroc,0.5936456918716431,0.0013054830287206266,collecTRI
838,,,,gsea_estimate,mcauroc,0.5981550216674805,0.0013054830287206266,collecTRI
839,,,,gsea_estimate,mcauroc,0.6257755756378174,0.0013054830287206266,collecTRI
840,,,,gsea_estimate,mcauroc,0.560578465461731,0.0013054830287206266,collecTRI
841,,,,gsea_estimate,mcauroc,0.5792962908744812,0.0013054830287206266,collecTRI
842,,,,gsea_estimate,mcauroc,0.5729625225067139,0.0013054830287206266,collecTRI
843,,,,gsea_estimate,mcauroc,0.6274070143699646,0.0013054830287206266,collecTRI
844,,,,gsea_estimate,mcauroc,0.5903956294059753,0.0013054830287206266,collecTRI
845,,,,gsea_estimate,mcauroc,0.5980523228645325,0.0013054830287206266,collecTRI
846,,,,gsea_estimate,mcauroc,0.5801056623458862,0.0013054830287206266,collecTRI
847,,,,gsea_estimate,mcauroc,0.5887126326560974,0.0013054830287206266,collecTRI
848,,,,gsea_estimate,mcauroc,0.5883788466453552,0.0013054830287206266,collecTRI
849,,,,gsea_estimate,mcauroc,0.607353150844574,0.0013054830287206266,collecTRI
850,,,,gsea_estimate,mcauroc,0.5803751349449158,0.0013054830287206266,collecTRI
851,,,,gsea_estimate,mcauroc,0.6265332102775574,0.0013054830287206266,collecTRI
852,,,,gsea_estimate,mcauroc,0.6010327339172363,0.0013054830287206266,collecTRI
853,,,,gsea_estimate,mcauroc,0.5930163264274597,0.0013054830287206266,collecTRI
854,,,,gsea_estimate,mcauroc,0.5940698385238647,0.0013054830287206266,collecTRI
855,,,,gsea_estimate,mcauroc,0.6035890579223633,0.0013054830287206266,collecTRI
856,,,,gsea_estimate,mcauroc,0.596883237361908,0.0013054830287206266,collecTRI
857,,,,gsea_estimate,mcauroc,0.5701492428779602,0.0013054830287206266,collecTRI
858,,,,gsea_estimate,mcauroc,0.6169497966766357,0.0013054830287206266,collecTRI
859,,,,gsea_estimate,mcauroc,0.5992727279663086,0.0013054830287206266,collecTRI
860,,,,gsea_estimate,mcauroc,0.6123507618904114,0.0013054830287206266,collecTRI
861,,,,gsea_estimate,mcauroc,0.5878777503967285,0.0013054830287206266,collecTRI
862,,,,gsea_estimate,mcauroc,0.5805164575576782,0.0013054830287206266,collecTRI
863,,,,gsea_estimate,mcauroc,0.5962663888931274,0.0013054830287206266,collecTRI
864,,,,gsea_estimate,mcauroc,0.5860663056373596,0.0013054830287206266,collecTRI
865,,,,gsea_estimate,mcauroc,0.5793601870536804,0.0013054830287206266,collecTRI
866,,,,gsea_estimate,mcauroc,0.6077579259872437,0.0013054830287206266,collecTRI
867,,,,gsea_estimate,mcauroc,0.5854241251945496,0.0013054830287206266,collecTRI
868,,,,gsea_estimate,mcauroc,0.5902544260025024,0.0013054830287206266,collecTRI
869,,,,gsea_estimate,mcauroc,0.5986818075180054,0.0013054830287206266,collecTRI
870,,,,gsea_estimate,mcauroc,0.5894321203231812,0.0013054830287206266,collecTRI
871,,,,gsea_estimate,mcauroc,0.6029211282730103,0.0013054830287206266,collecTRI
872,,,,gsea_estimate,mcauroc,0.5889824628829956,0.0013054830287206266,collecTRI
873,,,,gsea_estimate,mcauroc,0.5934403538703918,0.0013054830287206266,collecTRI
874,,,,gsea_estimate,mcauroc,0.625210165977478,0.0013054830287206266,collecTRI
875,,,,gsea_estimate,mcauroc,0.5985404849052429,0.0013054830287206266,collecTRI
876,,,,gsea_estimate,mcauroc,0.5802725553512573,0.0013054830287206266,collecTRI
877,,,,gsea_estimate,mcauroc,0.5880573987960815,0.0013054830287206266,collecTRI
878,,,,gsea_estimate,mcauroc,0.576084315776825,0.0013054830287206266,collecTRI
879,,,,gsea_estimate,mcauroc,0.591397762298584,0.0013054830287206266,collecTRI
880,,,,gsea_estimate,mcauroc,0.580272376537323,0.0013054830287206266,collecTRI
881,,,,gsea_estimate,mcauroc,0.599568247795105,0.0013054830287206266,collecTRI
882,,,,gsea_estimate,mcauroc,0.5602700114250183,0.0013054830287206266,collecTRI
883,,,,gsea_estimate,mcauroc,0.5817755460739136,0.0013054830287206266,collecTRI
884,,,,gsea_estimate,mcauroc,0.6007372140884399,0.0013054830287206266,collecTRI
885,,,,gsea_estimate,mcauroc,0.6406646966934204,0.0013054830287206266,collecTRI
886,,,,gsea_estimate,mcauroc,0.6249917149543762,0.0013054830287206266,collecTRI
887,,,,gsea_estimate,mcauroc,0.603049635887146,0.0013054830287206266,collecTRI
888,,,,gsea_estimate,mcauroc,0.6179133653640747,0.0013054830287206266,collecTRI
889,,,,gsea_estimate,mcauroc,0.5894835591316223,0.0013054830287206266,collecTRI
890,,,,gsea_estimate,mcauroc,0.5904600024223328,0.0013054830287206266,collecTRI
891,,,,gsea_estimate,mcauroc,0.5619016289710999,0.0013054830287206266,collecTRI
892,,,,gsea_estimate,mcauroc,0.5597048997879028,0.0013054830287206266,collecTRI
893,,,,gsea_estimate,mcauroc,0.5860664248466492,0.0013054830287206266,collecTRI
894,,,,gsea_estimate,mcauroc,0.57293701171875,0.0013054830287206266,collecTRI
895,,,,gsea_estimate,mcauroc,0.6101025938987732,0.0013054830287206266,collecTRI
896,,,,gsea_estimate,mcauroc,0.5704703330993652,0.0013054830287206266,collecTRI
897,,,,gsea_estimate,mcauroc,0.624400794506073,0.0013054830287206266,collecTRI
898,,,,gsea_estimate,mcauroc,0.6097553968429565,0.0013054830287206266,collecTRI
899,,,,gsea_estimate,mcauroc,0.5818076729774475,0.0013054830287206266,collecTRI
900,,,,gsea_estimate,mcauroc,0.5921810865402222,0.0013054830287206266,collecTRI
901,,,,gsea_estimate,mcauroc,0.6035506129264832,0.0013054830287206266,collecTRI
902,,,,gsea_estimate,mcauroc,0.5693527460098267,0.0013054830287206266,collecTRI
903,,,,gsea_estimate,mcauroc,0.5953672528266907,0.0013054830287206266,collecTRI
904,,,,gsea_estimate,mcauroc,0.5764827728271484,0.0013054830287206266,collecTRI
905,,,,gsea_estimate,mcauroc,0.5648820996284485,0.0013054830287206266,collecTRI
906,,,,gsea_estimate,mcauroc,0.580388069152832,0.0013054830287206266,collecTRI
907,,,,gsea_estimate,mcauroc,0.5936331748962402,0.0013054830287206266,collecTRI
908,,,,gsea_estimate,mcauroc,0.6106933951377869,0.0013054830287206266,collecTRI
909,,,,gsea_estimate,mcauroc,0.5869912505149841,0.0013054830287206266,collecTRI
910,,,,gsea_estimate,mcauroc,0.5571739673614502,0.0013054830287206266,collecTRI
911,,,,gsea_estimate,mcauroc,0.5924897193908691,0.0013054830287206266,collecTRI
912,,,,gsea_estimate,mcauroc,0.5856937766075134,0.0013054830287206266,collecTRI
913,,,,gsea_estimate,mcauroc,0.6222941279411316,0.0013054830287206266,collecTRI
914,,,,gsea_estimate,mcauroc,0.6273043155670166,0.0013054830287206266,collecTRI
915,,,,gsea_estimate,mcauroc,0.5997352004051208,0.0013054830287206266,collecTRI
916,,,,gsea_estimate,mcauroc,0.6131344437599182,0.0013054830287206266,collecTRI
917,,,,gsea_estimate,mcauroc,0.6101796627044678,0.0013054830287206266,collecTRI
918,,,,gsea_estimate,mcauroc,0.5879804491996765,0.0013054830287206266,collecTRI
919,,,,gsea_estimate,mcauroc,0.5700851082801819,0.0013054830287206266,collecTRI
920,,,,gsea_estimate,mcauroc,0.596960186958313,0.0013054830287206266,collecTRI
921,,,,gsea_estimate,mcauroc,0.5815441608428955,0.0013054830287206266,collecTRI
922,,,,gsea_estimate,mcauroc,0.6194548606872559,0.0013054830287206266,collecTRI
923,,,,gsea_estimate,mcauroc,0.598026692867279,0.0013054830287206266,collecTRI
924,,,,gsea_estimate,mcauroc,0.5936329960823059,0.0013054830287206266,collecTRI
925,,,,gsea_estimate,mcauroc,0.5903956890106201,0.0013054830287206266,collecTRI
926,,,,gsea_estimate,mcauroc,0.6129285097122192,0.0013054830287206266,collecTRI
927,,,,gsea_estimate,mcauroc,0.6191595792770386,0.0013054830287206266,collecTRI
928,,,,gsea_estimate,mcauroc,0.5990545749664307,0.0013054830287206266,collecTRI
929,,,,gsea_estimate,mcauroc,0.5918086171150208,0.0013054830287206266,collecTRI
930,,,,gsea_estimate,mcauroc,0.5882502198219299,0.0013054830287206266,collecTRI
931,,,,gsea_estimate,mcauroc,0.584909975528717,0.0013054830287206266,collecTRI
932,,,,gsea_estimate,mcauroc,0.6242594718933105,0.0013054830287206266,collecTRI
933,,,,gsea_estimate,mcauroc,0.5930935144424438,0.0013054830287206266,collecTRI
934,,,,gsea_estimate,mcauroc,0.5690058469772339,0.0013054830287206266,collecTRI
935,,,,gsea_estimate,mcauroc,0.6105648875236511,0.0013054830287206266,collecTRI
936,,,,gsea_estimate,mcauroc,0.5799385905265808,0.0013054830287206266,collecTRI
937,,,,gsea_estimate,mcauroc,0.5955473184585571,0.0013054830287206266,collecTRI
938,,,,gsea_estimate,mcauroc,0.5897788405418396,0.0013054830287206266,collecTRI
939,,,,gsea_estimate,mcauroc,0.5859378576278687,0.0013054830287206266,collecTRI
940,,,,gsea_estimate,mcauroc,0.6242853999137878,0.0013054830287206266,collecTRI
941,,,,gsea_estimate,mcauroc,0.5721532106399536,0.0013054830287206266,collecTRI
942,,,,gsea_estimate,mcauroc,0.6122092604637146,0.0013054830287206266,collecTRI
943,,,,gsea_estimate,mcauroc,0.5888282656669617,0.0013054830287206266,collecTRI
944,,,,gsea_estimate,mcauroc,0.5860792994499207,0.0013054830287206266,collecTRI
945,,,,gsea_estimate,mcauroc,0.5948149561882019,0.0013054830287206266,collecTRI
946,,,,gsea_estimate,mcauroc,0.5803752541542053,0.0013054830287206266,collecTRI
947,,,,gsea_estimate,mcauroc,0.5837283730506897,0.0013054830287206266,collecTRI
948,,,,gsea_estimate,mcauroc,0.6005316376686096,0.0013054830287206266,collecTRI
949,,,,gsea_estimate,mcauroc,0.5753136277198792,0.0013054830287206266,collecTRI
950,,,,gsea_estimate,mcauroc,0.6234118342399597,0.0013054830287206266,collecTRI
951,,,,gsea_estimate,mcauroc,0.5883016586303711,0.0013054830287206266,collecTRI
952,,,,gsea_estimate,mcauroc,0.6142265200614929,0.0013054830287206266,collecTRI
953,,,,gsea_estimate,mcauroc,0.5697124600410461,0.0013054830287206266,collecTRI
954,,,,gsea_estimate,mcauroc,0.6108861565589905,0.0013054830287206266,collecTRI
955,,,,gsea_estimate,mcauroc,0.6127230525016785,0.0013054830287206266,collecTRI
956,,,,gsea_estimate,mcauroc,0.5736947655677795,0.0013054830287206266,collecTRI
957,,,,gsea_estimate,mcauroc,0.603178083896637,0.0013054830287206266,collecTRI
958,,,,gsea_estimate,mcauroc,0.5919116139411926,0.0013054830287206266,collecTRI
959,,,,gsea_estimate,mcauroc,0.5945194363594055,0.0013054830287206266,collecTRI
960,,,,gsea_estimate,mcauroc,0.5918858647346497,0.0013054830287206266,collecTRI
961,,,,gsea_estimate,mcauroc,0.6158578991889954,0.0013054830287206266,collecTRI
962,,,,gsea_estimate,mcauroc,0.5835611820220947,0.0013054830287206266,collecTRI
963,,,,gsea_estimate,mcauroc,0.5896761417388916,0.0013054830287206266,collecTRI
964,,,,gsea_estimate,mcauroc,0.5929906964302063,0.0013054830287206266,collecTRI
965,,,,gsea_estimate,mcauroc,0.6102951765060425,0.0013054830287206266,collecTRI
966,,,,gsea_estimate,mcauroc,0.6076614260673523,0.0013054830287206266,collecTRI
967,,,,gsea_estimate,mcauroc,0.5896890759468079,0.0013054830287206266,collecTRI
968,,,,gsea_estimate,mcauroc,0.608059823513031,0.0013054830287206266,collecTRI
969,,,,gsea_estimate,mcauroc,0.575622022151947,0.0013054830287206266,collecTRI
970,,,,gsea_estimate,mcauroc,0.6046428084373474,0.0013054830287206266,collecTRI
971,,,,gsea_estimate,mcauroc,0.5753650069236755,0.0013054830287206266,collecTRI
972,,,,gsea_estimate,mcauroc,0.5746456384658813,0.0013054830287206266,collecTRI
973,,,,gsea_estimate,mcauroc,0.5972043871879578,0.0013054830287206266,collecTRI
974,,,,gsea_estimate,mcauroc,0.6219985485076904,0.0013054830287206266,collecTRI
975,,,,gsea_estimate,mcauroc,0.6369521617889404,0.0013054830287206266,collecTRI
976,,,,gsea_estimate,mcauroc,0.5980138182640076,0.0013054830287206266,collecTRI
977,,,,gsea_estimate,mcauroc,0.6230007410049438,0.0013054830287206266,collecTRI
978,,,,gsea_estimate,mcauroc,0.5564289689064026,0.0013054830287206266,collecTRI
979,,,,gsea_estimate,mcauroc,0.6136868000030518,0.0013054830287206266,collecTRI
980,,,,gsea_estimate,mcauroc,0.6166414618492126,0.0013054830287206266,collecTRI
981,,,,gsea_estimate,mcauroc,0.5780368447303772,0.0013054830287206266,collecTRI
982,,,,gsea_estimate,mcauroc,0.5661154389381409,0.0013054830287206266,collecTRI
983,,,,gsea_estimate,mcauroc,0.5532174110412598,0.0013054830287206266,collecTRI
984,,,,gsea_estimate,mcauroc,0.6234953999519348,0.0013054830287206266,collecTRI
985,,,,gsea_estimate,mcauroc,0.6076872944831848,0.0013054830287206266,collecTRI
986,,,,gsea_estimate,mcauroc,0.5823536515235901,0.0013054830287206266,collecTRI
987,,,,gsea_estimate,mcauroc,0.5804136991500854,0.0013054830287206266,collecTRI
988,,,,gsea_estimate,mcauroc,0.6131215691566467,0.0013054830287206266,collecTRI
989,,,,gsea_estimate,mcauroc,0.5630447864532471,0.0013054830287206266,collecTRI
990,,,,gsea_estimate,mcauroc,0.6137382388114929,0.0013054830287206266,collecTRI
991,,,,gsea_estimate,mcauroc,0.5788595080375671,0.0013054830287206266,collecTRI
992,,,,gsea_estimate,mcauroc,0.5729498267173767,0.0013054830287206266,collecTRI
993,,,,gsea_estimate,mcauroc,0.5898945927619934,0.0013054830287206266,collecTRI
994,,,,gsea_estimate,mcauroc,0.6145343780517578,0.0013054830287206266,collecTRI
995,,,,gsea_estimate,mcauroc,0.5690317749977112,0.0013054830287206266,collecTRI
996,,,,gsea_estimate,mcauroc,0.5718578100204468,0.0013054830287206266,collecTRI
997,,,,gsea_estimate,mcauroc,0.5980780720710754,0.0013054830287206266,collecTRI
998,,,,gsea_estimate,mcauroc,0.6055675745010376,0.0013054830287206266,collecTRI
999,,,,gsea_estimate,mcauroc,0.5778444409370422,0.0013054830287206266,collecTRI
1000,,,,gsea_estimate,mcauroc,0.6108605265617371,0.0013054830287206266,collecTRI
1001,,,,gsea_estimate,mcauroc,0.5936846733093262,0.0013054830287206266,collecTRI
1002,,,,gsea_estimate,mcauprc,0.5441266298294067,0.0013054830287206266,collecTRI
1003,,,,gsea_estimate,mcauprc,0.5748151540756226,0.0013054830287206266,collecTRI
1004,,,,gsea_estimate,mcauprc,0.5627455115318298,0.0013054830287206266,collecTRI
1005,,,,gsea_estimate,mcauprc,0.5487419366836548,0.0013054830287206266,collecTRI
1006,,,,gsea_estimate,mcauprc,0.5833173394203186,0.0013054830287206266,collecTRI
1007,,,,gsea_estimate,mcauprc,0.5418145656585693,0.0013054830287206266,collecTRI
1008,,,,gsea_estimate,mcauprc,0.565048098564148,0.0013054830287206266,collecTRI
1009,,,,gsea_estimate,mcauprc,0.5423940420150757,0.0013054830287206266,collecTRI
1010,,,,gsea_estimate,mcauprc,0.5326085686683655,0.0013054830287206266,collecTRI
1011,,,,gsea_estimate,mcauprc,0.5439359545707703,0.0013054830287206266,collecTRI
1012,,,,gsea_estimate,mcauprc,0.587438702583313,0.0013054830287206266,collecTRI
1013,,,,gsea_estimate,mcauprc,0.535011351108551,0.0013054830287206266,collecTRI
1014,,,,gsea_estimate,mcauprc,0.5043444037437439,0.0013054830287206266,collecTRI
1015,,,,gsea_estimate,mcauprc,0.5510804653167725,0.0013054830287206266,collecTRI
1016,,,,gsea_estimate,mcauprc,0.5336914658546448,0.0013054830287206266,collecTRI
1017,,,,gsea_estimate,mcauprc,0.5383045077323914,0.0013054830287206266,collecTRI
1018,,,,gsea_estimate,mcauprc,0.5381080508232117,0.0013054830287206266,collecTRI
1019,,,,gsea_estimate,mcauprc,0.5362796187400818,0.0013054830287206266,collecTRI
1020,,,,gsea_estimate,mcauprc,0.5648446679115295,0.0013054830287206266,collecTRI
1021,,,,gsea_estimate,mcauprc,0.5484981536865234,0.0013054830287206266,collecTRI
1022,,,,gsea_estimate,mcauprc,0.5396867394447327,0.0013054830287206266,collecTRI
1023,,,,gsea_estimate,mcauprc,0.5673055648803711,0.0013054830287206266,collecTRI
1024,,,,gsea_estimate,mcauprc,0.5541531443595886,0.0013054830287206266,collecTRI
1025,,,,gsea_estimate,mcauprc,0.5615216493606567,0.0013054830287206266,collecTRI
1026,,,,gsea_estimate,mcauprc,0.5684560537338257,0.0013054830287206266,collecTRI
1027,,,,gsea_estimate,mcauprc,0.5340048670768738,0.0013054830287206266,collecTRI
1028,,,,gsea_estimate,mcauprc,0.5769229531288147,0.0013054830287206266,collecTRI
1029,,,,gsea_estimate,mcauprc,0.5354319214820862,0.0013054830287206266,collecTRI
1030,,,,gsea_estimate,mcauprc,0.560438334941864,0.0013054830287206266,collecTRI
1031,,,,gsea_estimate,mcauprc,0.5433211922645569,0.0013054830287206266,collecTRI
1032,,,,gsea_estimate,mcauprc,0.5664774179458618,0.0013054830287206266,collecTRI
1033,,,,gsea_estimate,mcauprc,0.5516416430473328,0.0013054830287206266,collecTRI
1034,,,,gsea_estimate,mcauprc,0.560713529586792,0.0013054830287206266,collecTRI
1035,,,,gsea_estimate,mcauprc,0.5568349957466125,0.0013054830287206266,collecTRI
1036,,,,gsea_estimate,mcauprc,0.5823904275894165,0.0013054830287206266,collecTRI
1037,,,,gsea_estimate,mcauprc,0.5617287158966064,0.0013054830287206266,collecTRI
1038,,,,gsea_estimate,mcauprc,0.5624082684516907,0.0013054830287206266,collecTRI
1039,,,,gsea_estimate,mcauprc,0.5887994766235352,0.0013054830287206266,collecTRI
1040,,,,gsea_estimate,mcauprc,0.5622966885566711,0.0013054830287206266,collecTRI
1041,,,,gsea_estimate,mcauprc,0.5421492457389832,0.0013054830287206266,collecTRI
1042,,,,gsea_estimate,mcauprc,0.5525245070457458,0.0013054830287206266,collecTRI
1043,,,,gsea_estimate,mcauprc,0.5571797490119934,0.0013054830287206266,collecTRI
1044,,,,gsea_estimate,mcauprc,0.5715418457984924,0.0013054830287206266,collecTRI
1045,,,,gsea_estimate,mcauprc,0.5346363186836243,0.0013054830287206266,collecTRI
1046,,,,gsea_estimate,mcauprc,0.556940495967865,0.0013054830287206266,collecTRI
1047,,,,gsea_estimate,mcauprc,0.5285147428512573,0.0013054830287206266,collecTRI
1048,,,,gsea_estimate,mcauprc,0.5411055684089661,0.0013054830287206266,collecTRI
1049,,,,gsea_estimate,mcauprc,0.5302025079727173,0.0013054830287206266,collecTRI
1050,,,,gsea_estimate,mcauprc,0.563863217830658,0.0013054830287206266,collecTRI
1051,,,,gsea_estimate,mcauprc,0.5687723159790039,0.0013054830287206266,collecTRI
1052,,,,gsea_estimate,mcauprc,0.5682836174964905,0.0013054830287206266,collecTRI
1053,,,,gsea_estimate,mcauprc,0.5358355641365051,0.0013054830287206266,collecTRI
1054,,,,gsea_estimate,mcauprc,0.5350087285041809,0.0013054830287206266,collecTRI
1055,,,,gsea_estimate,mcauprc,0.563780665397644,0.0013054830287206266,collecTRI
1056,,,,gsea_estimate,mcauprc,0.5654909610748291,0.0013054830287206266,collecTRI
1057,,,,gsea_estimate,mcauprc,0.5386149883270264,0.0013054830287206266,collecTRI
1058,,,,gsea_estimate,mcauprc,0.554117739200592,0.0013054830287206266,collecTRI
1059,,,,gsea_estimate,mcauprc,0.5364869832992554,0.0013054830287206266,collecTRI
1060,,,,gsea_estimate,mcauprc,0.5378908514976501,0.0013054830287206266,collecTRI
1061,,,,gsea_estimate,mcauprc,0.5374383330345154,0.0013054830287206266,collecTRI
1062,,,,gsea_estimate,mcauprc,0.5418316125869751,0.0013054830287206266,collecTRI
1063,,,,gsea_estimate,mcauprc,0.5608834028244019,0.0013054830287206266,collecTRI
1064,,,,gsea_estimate,mcauprc,0.5636905431747437,0.0013054830287206266,collecTRI
1065,,,,gsea_estimate,mcauprc,0.5546136498451233,0.0013054830287206266,collecTRI
1066,,,,gsea_estimate,mcauprc,0.5587903261184692,0.0013054830287206266,collecTRI
1067,,,,gsea_estimate,mcauprc,0.558677613735199,0.0013054830287206266,collecTRI
1068,,,,gsea_estimate,mcauprc,0.5356379151344299,0.0013054830287206266,collecTRI
1069,,,,gsea_estimate,mcauprc,0.532782793045044,0.0013054830287206266,collecTRI
1070,,,,gsea_estimate,mcauprc,0.5496131777763367,0.0013054830287206266,collecTRI
1071,,,,gsea_estimate,mcauprc,0.5732566714286804,0.0013054830287206266,collecTRI
1072,,,,gsea_estimate,mcauprc,0.5798854827880859,0.0013054830287206266,collecTRI
1073,,,,gsea_estimate,mcauprc,0.5512256026268005,0.0013054830287206266,collecTRI
1074,,,,gsea_estimate,mcauprc,0.5307416915893555,0.0013054830287206266,collecTRI
1075,,,,gsea_estimate,mcauprc,0.5439299941062927,0.0013054830287206266,collecTRI
1076,,,,gsea_estimate,mcauprc,0.5755913853645325,0.0013054830287206266,collecTRI
1077,,,,gsea_estimate,mcauprc,0.5420194864273071,0.0013054830287206266,collecTRI
1078,,,,gsea_estimate,mcauprc,0.5458168983459473,0.0013054830287206266,collecTRI
1079,,,,gsea_estimate,mcauprc,0.5537717938423157,0.0013054830287206266,collecTRI
1080,,,,gsea_estimate,mcauprc,0.5714319348335266,0.0013054830287206266,collecTRI
1081,,,,gsea_estimate,mcauprc,0.5408673882484436,0.0013054830287206266,collecTRI
1082,,,,gsea_estimate,mcauprc,0.5429449081420898,0.0013054830287206266,collecTRI
1083,,,,gsea_estimate,mcauprc,0.5637075304985046,0.0013054830287206266,collecTRI
1084,,,,gsea_estimate,mcauprc,0.5602526068687439,0.0013054830287206266,collecTRI
1085,,,,gsea_estimate,mcauprc,0.5491871237754822,0.0013054830287206266,collecTRI
1086,,,,gsea_estimate,mcauprc,0.5401833653450012,0.0013054830287206266,collecTRI
1087,,,,gsea_estimate,mcauprc,0.5556605458259583,0.0013054830287206266,collecTRI
1088,,,,gsea_estimate,mcauprc,0.5201008319854736,0.0013054830287206266,collecTRI
1089,,,,gsea_estimate,mcauprc,0.5448246598243713,0.0013054830287206266,collecTRI
1090,,,,gsea_estimate,mcauprc,0.5414971113204956,0.0013054830287206266,collecTRI
1091,,,,gsea_estimate,mcauprc,0.5515714883804321,0.0013054830287206266,collecTRI
1092,,,,gsea_estimate,mcauprc,0.5276625752449036,0.0013054830287206266,collecTRI
1093,,,,gsea_estimate,mcauprc,0.5491150617599487,0.0013054830287206266,collecTRI
1094,,,,gsea_estimate,mcauprc,0.5188615322113037,0.0013054830287206266,collecTRI
1095,,,,gsea_estimate,mcauprc,0.5615382194519043,0.0013054830287206266,collecTRI
1096,,,,gsea_estimate,mcauprc,0.5249925851821899,0.0013054830287206266,collecTRI
1097,,,,gsea_estimate,mcauprc,0.5452852845191956,0.0013054830287206266,collecTRI
1098,,,,gsea_estimate,mcauprc,0.5407219529151917,0.0013054830287206266,collecTRI
1099,,,,gsea_estimate,mcauprc,0.5477401614189148,0.0013054830287206266,collecTRI
1100,,,,gsea_estimate,mcauprc,0.5619576573371887,0.0013054830287206266,collecTRI
1101,,,,gsea_estimate,mcauprc,0.5332274436950684,0.0013054830287206266,collecTRI
1102,,,,gsea_estimate,mcauprc,0.573178231716156,0.0013054830287206266,collecTRI
1103,,,,gsea_estimate,mcauprc,0.5123712420463562,0.0013054830287206266,collecTRI
1104,,,,gsea_estimate,mcauprc,0.5670469403266907,0.0013054830287206266,collecTRI
1105,,,,gsea_estimate,mcauprc,0.5704842209815979,0.0013054830287206266,collecTRI
1106,,,,gsea_estimate,mcauprc,0.5697874426841736,0.0013054830287206266,collecTRI
1107,,,,gsea_estimate,mcauprc,0.5135014057159424,0.0013054830287206266,collecTRI
1108,,,,gsea_estimate,mcauprc,0.5679742097854614,0.0013054830287206266,collecTRI
1109,,,,gsea_estimate,mcauprc,0.5519740581512451,0.0013054830287206266,collecTRI
1110,,,,gsea_estimate,mcauprc,0.5712853670120239,0.0013054830287206266,collecTRI
1111,,,,gsea_estimate,mcauprc,0.5368558168411255,0.0013054830287206266,collecTRI
1112,,,,gsea_estimate,mcauprc,0.5511770844459534,0.0013054830287206266,collecTRI
1113,,,,gsea_estimate,mcauprc,0.5633546113967896,0.0013054830287206266,collecTRI
1114,,,,gsea_estimate,mcauprc,0.5658053159713745,0.0013054830287206266,collecTRI
1115,,,,gsea_estimate,mcauprc,0.5702635049819946,0.0013054830287206266,collecTRI
1116,,,,gsea_estimate,mcauprc,0.542689859867096,0.0013054830287206266,collecTRI
1117,,,,gsea_estimate,mcauprc,0.526343822479248,0.0013054830287206266,collecTRI
1118,,,,gsea_estimate,mcauprc,0.5443583130836487,0.0013054830287206266,collecTRI
1119,,,,gsea_estimate,mcauprc,0.5464271306991577,0.0013054830287206266,collecTRI
1120,,,,gsea_estimate,mcauprc,0.5614960789680481,0.0013054830287206266,collecTRI
1121,,,,gsea_estimate,mcauprc,0.5661004185676575,0.0013054830287206266,collecTRI
1122,,,,gsea_estimate,mcauprc,0.5196555852890015,0.0013054830287206266,collecTRI
1123,,,,gsea_estimate,mcauprc,0.5804340839385986,0.0013054830287206266,collecTRI
1124,,,,gsea_estimate,mcauprc,0.5204108357429504,0.0013054830287206266,collecTRI
1125,,,,gsea_estimate,mcauprc,0.5574022531509399,0.0013054830287206266,collecTRI
1126,,,,gsea_estimate,mcauprc,0.5594325065612793,0.0013054830287206266,collecTRI
1127,,,,gsea_estimate,mcauprc,0.548934817314148,0.0013054830287206266,collecTRI
1128,,,,gsea_estimate,mcauprc,0.5693165063858032,0.0013054830287206266,collecTRI
1129,,,,gsea_estimate,mcauprc,0.5532506108283997,0.0013054830287206266,collecTRI
1130,,,,gsea_estimate,mcauprc,0.5260509252548218,0.0013054830287206266,collecTRI
1131,,,,gsea_estimate,mcauprc,0.508974552154541,0.0013054830287206266,collecTRI
1132,,,,gsea_estimate,mcauprc,0.5805083513259888,0.0013054830287206266,collecTRI
1133,,,,gsea_estimate,mcauprc,0.5196658372879028,0.0013054830287206266,collecTRI
1134,,,,gsea_estimate,mcauprc,0.5482301712036133,0.0013054830287206266,collecTRI
1135,,,,gsea_estimate,mcauprc,0.5889872908592224,0.0013054830287206266,collecTRI
1136,,,,gsea_estimate,mcauprc,0.5776448249816895,0.0013054830287206266,collecTRI
1137,,,,gsea_estimate,mcauprc,0.5669659972190857,0.0013054830287206266,collecTRI
1138,,,,gsea_estimate,mcauprc,0.5597328543663025,0.0013054830287206266,collecTRI
1139,,,,gsea_estimate,mcauprc,0.529579758644104,0.0013054830287206266,collecTRI
1140,,,,gsea_estimate,mcauprc,0.573482871055603,0.0013054830287206266,collecTRI
1141,,,,gsea_estimate,mcauprc,0.554013192653656,0.0013054830287206266,collecTRI
1142,,,,gsea_estimate,mcauprc,0.6150866150856018,0.0013054830287206266,collecTRI
1143,,,,gsea_estimate,mcauprc,0.5298808217048645,0.0013054830287206266,collecTRI
1144,,,,gsea_estimate,mcauprc,0.539272129535675,0.0013054830287206266,collecTRI
1145,,,,gsea_estimate,mcauprc,0.5275291800498962,0.0013054830287206266,collecTRI
1146,,,,gsea_estimate,mcauprc,0.5388476252555847,0.0013054830287206266,collecTRI
1147,,,,gsea_estimate,mcauprc,0.5375621914863586,0.0013054830287206266,collecTRI
1148,,,,gsea_estimate,mcauprc,0.5611484050750732,0.0013054830287206266,collecTRI
1149,,,,gsea_estimate,mcauprc,0.5673900246620178,0.0013054830287206266,collecTRI
1150,,,,gsea_estimate,mcauprc,0.521895706653595,0.0013054830287206266,collecTRI
1151,,,,gsea_estimate,mcauprc,0.5680492520332336,0.0013054830287206266,collecTRI
1152,,,,gsea_estimate,mcauprc,0.5653175711631775,0.0013054830287206266,collecTRI
1153,,,,gsea_estimate,mcauprc,0.5507961511611938,0.0013054830287206266,collecTRI
1154,,,,gsea_estimate,mcauprc,0.5719096064567566,0.0013054830287206266,collecTRI
1155,,,,gsea_estimate,mcauprc,0.5490690469741821,0.0013054830287206266,collecTRI
1156,,,,gsea_estimate,mcauprc,0.5505011081695557,0.0013054830287206266,collecTRI
1157,,,,gsea_estimate,mcauprc,0.528130054473877,0.0013054830287206266,collecTRI
1158,,,,gsea_estimate,mcauprc,0.5471829771995544,0.0013054830287206266,collecTRI
1159,,,,gsea_estimate,mcauprc,0.5708191990852356,0.0013054830287206266,collecTRI
1160,,,,gsea_estimate,mcauprc,0.5451570749282837,0.0013054830287206266,collecTRI
1161,,,,gsea_estimate,mcauprc,0.5511139631271362,0.0013054830287206266,collecTRI
1162,,,,gsea_estimate,mcauprc,0.5406947135925293,0.0013054830287206266,collecTRI
1163,,,,gsea_estimate,mcauprc,0.5475745797157288,0.0013054830287206266,collecTRI
1164,,,,gsea_estimate,mcauprc,0.5795246958732605,0.0013054830287206266,collecTRI
1165,,,,gsea_estimate,mcauprc,0.548694908618927,0.0013054830287206266,collecTRI
1166,,,,gsea_estimate,mcauprc,0.5455067157745361,0.0013054830287206266,collecTRI
1167,,,,gsea_estimate,mcauprc,0.5145014524459839,0.0013054830287206266,collecTRI
1168,,,,gsea_estimate,mcauprc,0.5557821393013,0.0013054830287206266,collecTRI
1169,,,,gsea_estimate,mcauprc,0.54107266664505,0.0013054830287206266,collecTRI
1170,,,,gsea_estimate,mcauprc,0.5472404360771179,0.0013054830287206266,collecTRI
1171,,,,gsea_estimate,mcauprc,0.5565899610519409,0.0013054830287206266,collecTRI
1172,,,,gsea_estimate,mcauprc,0.5798872709274292,0.0013054830287206266,collecTRI
1173,,,,gsea_estimate,mcauprc,0.5441637635231018,0.0013054830287206266,collecTRI
1174,,,,gsea_estimate,mcauprc,0.5479927659034729,0.0013054830287206266,collecTRI
1175,,,,gsea_estimate,mcauprc,0.5274602770805359,0.0013054830287206266,collecTRI
1176,,,,gsea_estimate,mcauprc,0.5791738629341125,0.0013054830287206266,collecTRI
1177,,,,gsea_estimate,mcauprc,0.5690827369689941,0.0013054830287206266,collecTRI
1178,,,,gsea_estimate,mcauprc,0.5435397624969482,0.0013054830287206266,collecTRI
1179,,,,gsea_estimate,mcauprc,0.5139632225036621,0.0013054830287206266,collecTRI
1180,,,,gsea_estimate,mcauprc,0.561284065246582,0.0013054830287206266,collecTRI
1181,,,,gsea_estimate,mcauprc,0.5437542200088501,0.0013054830287206266,collecTRI
1182,,,,gsea_estimate,mcauprc,0.5588933229446411,0.0013054830287206266,collecTRI
1183,,,,gsea_estimate,mcauprc,0.577571451663971,0.0013054830287206266,collecTRI
1184,,,,gsea_estimate,mcauprc,0.5578434467315674,0.0013054830287206266,collecTRI
1185,,,,gsea_estimate,mcauprc,0.5424157977104187,0.0013054830287206266,collecTRI
1186,,,,gsea_estimate,mcauprc,0.5389891862869263,0.0013054830287206266,collecTRI
1187,,,,gsea_estimate,mcauprc,0.5787734985351562,0.0013054830287206266,collecTRI
1188,,,,gsea_estimate,mcauprc,0.5588711500167847,0.0013054830287206266,collecTRI
1189,,,,gsea_estimate,mcauprc,0.5501468181610107,0.0013054830287206266,collecTRI
1190,,,,gsea_estimate,mcauprc,0.5455164909362793,0.0013054830287206266,collecTRI
1191,,,,gsea_estimate,mcauprc,0.5727889537811279,0.0013054830287206266,collecTRI
1192,,,,gsea_estimate,mcauprc,0.5491674542427063,0.0013054830287206266,collecTRI
1193,,,,gsea_estimate,mcauprc,0.5527547001838684,0.0013054830287206266,collecTRI
1194,,,,gsea_estimate,mcauprc,0.5844342708587646,0.0013054830287206266,collecTRI
1195,,,,gsea_estimate,mcauprc,0.5596423745155334,0.0013054830287206266,collecTRI
1196,,,,gsea_estimate,mcauprc,0.5665836334228516,0.0013054830287206266,collecTRI
1197,,,,gsea_estimate,mcauprc,0.5563591122627258,0.0013054830287206266,collecTRI
1198,,,,gsea_estimate,mcauprc,0.551712155342102,0.0013054830287206266,collecTRI
1199,,,,gsea_estimate,mcauprc,0.5644133687019348,0.0013054830287206266,collecTRI
1200,,,,gsea_estimate,mcauprc,0.5623602271080017,0.0013054830287206266,collecTRI
1201,,,,gsea_estimate,mcauprc,0.5520220994949341,0.0013054830287206266,collecTRI
1202,,,,gsea_estimate,mcauprc,0.5327633619308472,0.0013054830287206266,collecTRI
1203,,,,gsea_estimate,mcauprc,0.5545681715011597,0.0013054830287206266,collecTRI
1204,,,,gsea_estimate,mcauprc,0.5315945148468018,0.0013054830287206266,collecTRI
1205,,,,gsea_estimate,mcauprc,0.5544518232345581,0.0013054830287206266,collecTRI
1206,,,,gsea_estimate,mcauprc,0.5272257924079895,0.0013054830287206266,collecTRI
1207,,,,gsea_estimate,mcauprc,0.5798308253288269,0.0013054830287206266,collecTRI
1208,,,,gsea_estimate,mcauprc,0.538923978805542,0.0013054830287206266,collecTRI
1209,,,,gsea_estimate,mcauprc,0.5659486651420593,0.0013054830287206266,collecTRI
1210,,,,gsea_estimate,mcauprc,0.552704393863678,0.0013054830287206266,collecTRI
1211,,,,gsea_estimate,mcauprc,0.5464651584625244,0.0013054830287206266,collecTRI
1212,,,,gsea_estimate,mcauprc,0.5746830701828003,0.0013054830287206266,collecTRI
1213,,,,gsea_estimate,mcauprc,0.5411009788513184,0.0013054830287206266,collecTRI
1214,,,,gsea_estimate,mcauprc,0.5355830788612366,0.0013054830287206266,collecTRI
1215,,,,gsea_estimate,mcauprc,0.549515962600708,0.0013054830287206266,collecTRI
1216,,,,gsea_estimate,mcauprc,0.5413828492164612,0.0013054830287206266,collecTRI
1217,,,,gsea_estimate,mcauprc,0.5454621911048889,0.0013054830287206266,collecTRI
1218,,,,gsea_estimate,mcauprc,0.5450835227966309,0.0013054830287206266,collecTRI
1219,,,,gsea_estimate,mcauprc,0.5630106925964355,0.0013054830287206266,collecTRI
1220,,,,gsea_estimate,mcauprc,0.5265386700630188,0.0013054830287206266,collecTRI
1221,,,,gsea_estimate,mcauprc,0.5485293865203857,0.0013054830287206266,collecTRI
1222,,,,gsea_estimate,mcauprc,0.5857175588607788,0.0013054830287206266,collecTRI
1223,,,,gsea_estimate,mcauprc,0.5551110506057739,0.0013054830287206266,collecTRI
1224,,,,gsea_estimate,mcauprc,0.5345821976661682,0.0013054830287206266,collecTRI
1225,,,,gsea_estimate,mcauprc,0.5350742936134338,0.0013054830287206266,collecTRI
1226,,,,gsea_estimate,mcauprc,0.5479056239128113,0.0013054830287206266,collecTRI
1227,,,,gsea_estimate,mcauprc,0.5568832159042358,0.0013054830287206266,collecTRI
1228,,,,gsea_estimate,mcauprc,0.5444375276565552,0.0013054830287206266,collecTRI
1229,,,,gsea_estimate,mcauprc,0.5348166227340698,0.0013054830287206266,collecTRI
1230,,,,gsea_estimate,mcauprc,0.5581105351448059,0.0013054830287206266,collecTRI
1231,,,,gsea_estimate,mcauprc,0.5428305864334106,0.0013054830287206266,collecTRI
1232,,,,gsea_estimate,mcauprc,0.5543034672737122,0.0013054830287206266,collecTRI
1233,,,,gsea_estimate,mcauprc,0.5424216985702515,0.0013054830287206266,collecTRI
1234,,,,gsea_estimate,mcauprc,0.5502364039421082,0.0013054830287206266,collecTRI
1235,,,,gsea_estimate,mcauprc,0.5033353567123413,0.0013054830287206266,collecTRI
1236,,,,gsea_estimate,mcauprc,0.532060444355011,0.0013054830287206266,collecTRI
1237,,,,gsea_estimate,mcauprc,0.5298905372619629,0.0013054830287206266,collecTRI
1238,,,,gsea_estimate,mcauprc,0.5275814533233643,0.0013054830287206266,collecTRI
1239,,,,gsea_estimate,mcauprc,0.5716403722763062,0.0013054830287206266,collecTRI
1240,,,,gsea_estimate,mcauprc,0.5572896003723145,0.0013054830287206266,collecTRI
1241,,,,gsea_estimate,mcauprc,0.537384033203125,0.0013054830287206266,collecTRI
1242,,,,gsea_estimate,mcauprc,0.5723769068717957,0.0013054830287206266,collecTRI
1243,,,,gsea_estimate,mcauprc,0.540272057056427,0.0013054830287206266,collecTRI
1244,,,,gsea_estimate,mcauprc,0.5503665804862976,0.0013054830287206266,collecTRI
1245,,,,gsea_estimate,mcauprc,0.5335766077041626,0.0013054830287206266,collecTRI
1246,,,,gsea_estimate,mcauprc,0.5501600503921509,0.0013054830287206266,collecTRI
1247,,,,gsea_estimate,mcauprc,0.5459985733032227,0.0013054830287206266,collecTRI
1248,,,,gsea_estimate,mcauprc,0.5442874431610107,0.0013054830287206266,collecTRI
1249,,,,gsea_estimate,mcauprc,0.5299580693244934,0.0013054830287206266,collecTRI
1250,,,,gsea_estimate,mcauprc,0.5591861605644226,0.0013054830287206266,collecTRI
1251,,,,gsea_estimate,mcauprc,0.5657433867454529,0.0013054830287206266,collecTRI
1252,,,,gsea_estimate,mcauprc,0.5522054433822632,0.0013054830287206266,collecTRI
1253,,,,gsea_estimate,mcauprc,0.5483248829841614,0.0013054830287206266,collecTRI
1254,,,,gsea_estimate,mcauprc,0.5364465713500977,0.0013054830287206266,collecTRI
1255,,,,gsea_estimate,mcauprc,0.551706850528717,0.0013054830287206266,collecTRI
1256,,,,gsea_estimate,mcauprc,0.526602029800415,0.0013054830287206266,collecTRI
1257,,,,gsea_estimate,mcauprc,0.5632476210594177,0.0013054830287206266,collecTRI
1258,,,,gsea_estimate,mcauprc,0.5630561709403992,0.0013054830287206266,collecTRI
1259,,,,gsea_estimate,mcauprc,0.5602899193763733,0.0013054830287206266,collecTRI
1260,,,,gsea_estimate,mcauprc,0.5065547823905945,0.0013054830287206266,collecTRI
1261,,,,gsea_estimate,mcauprc,0.5356176495552063,0.0013054830287206266,collecTRI
1262,,,,gsea_estimate,mcauprc,0.5555828809738159,0.0013054830287206266,collecTRI
1263,,,,gsea_estimate,mcauprc,0.5603474974632263,0.0013054830287206266,collecTRI
1264,,,,gsea_estimate,mcauprc,0.546705424785614,0.0013054830287206266,collecTRI
1265,,,,gsea_estimate,mcauprc,0.5807729959487915,0.0013054830287206266,collecTRI
1266,,,,gsea_estimate,mcauprc,0.5429134368896484,0.0013054830287206266,collecTRI
1267,,,,gsea_estimate,mcauprc,0.5691628456115723,0.0013054830287206266,collecTRI
1268,,,,gsea_estimate,mcauprc,0.5557390451431274,0.0013054830287206266,collecTRI
1269,,,,gsea_estimate,mcauprc,0.5368931889533997,0.0013054830287206266,collecTRI
1270,,,,gsea_estimate,mcauprc,0.5611857175827026,0.0013054830287206266,collecTRI
1271,,,,gsea_estimate,mcauprc,0.5363836288452148,0.0013054830287206266,collecTRI
1272,,,,gsea_estimate,mcauprc,0.5477773547172546,0.0013054830287206266,collecTRI
1273,,,,gsea_estimate,mcauprc,0.5435202121734619,0.0013054830287206266,collecTRI
1274,,,,gsea_estimate,mcauprc,0.5413255095481873,0.0013054830287206266,collecTRI
1275,,,,gsea_estimate,mcauprc,0.5359952449798584,0.0013054830287206266,collecTRI
1276,,,,gsea_estimate,mcauprc,0.5677503347396851,0.0013054830287206266,collecTRI
1277,,,,gsea_estimate,mcauprc,0.536676287651062,0.0013054830287206266,collecTRI
1278,,,,gsea_estimate,mcauprc,0.5626116394996643,0.0013054830287206266,collecTRI
1279,,,,gsea_estimate,mcauprc,0.520940899848938,0.0013054830287206266,collecTRI
1280,,,,gsea_estimate,mcauprc,0.5255321264266968,0.0013054830287206266,collecTRI
1281,,,,gsea_estimate,mcauprc,0.5276109576225281,0.0013054830287206266,collecTRI
1282,,,,gsea_estimate,mcauprc,0.5485286116600037,0.0013054830287206266,collecTRI
1283,,,,gsea_estimate,mcauprc,0.5428001284599304,0.0013054830287206266,collecTRI
1284,,,,gsea_estimate,mcauprc,0.5973095893859863,0.0013054830287206266,collecTRI
1285,,,,gsea_estimate,mcauprc,0.5390916466712952,0.0013054830287206266,collecTRI
1286,,,,gsea_estimate,mcauprc,0.5515454411506653,0.0013054830287206266,collecTRI
1287,,,,gsea_estimate,mcauprc,0.5441555976867676,0.0013054830287206266,collecTRI
1288,,,,gsea_estimate,mcauprc,0.5574150085449219,0.0013054830287206266,collecTRI
1289,,,,gsea_estimate,mcauprc,0.5503684878349304,0.0013054830287206266,collecTRI
1290,,,,gsea_estimate,mcauprc,0.5727360248565674,0.0013054830287206266,collecTRI
1291,,,,gsea_estimate,mcauprc,0.568420946598053,0.0013054830287206266,collecTRI
1292,,,,gsea_estimate,mcauprc,0.5213345885276794,0.0013054830287206266,collecTRI
1293,,,,gsea_estimate,mcauprc,0.5391950607299805,0.0013054830287206266,collecTRI
1294,,,,gsea_estimate,mcauprc,0.5401175618171692,0.0013054830287206266,collecTRI
1295,,,,gsea_estimate,mcauprc,0.542731523513794,0.0013054830287206266,collecTRI
1296,,,,gsea_estimate,mcauprc,0.5493854284286499,0.0013054830287206266,collecTRI
1297,,,,gsea_estimate,mcauprc,0.5542511940002441,0.0013054830287206266,collecTRI
1298,,,,gsea_estimate,mcauprc,0.5301191210746765,0.0013054830287206266,collecTRI
1299,,,,gsea_estimate,mcauprc,0.5589640736579895,0.0013054830287206266,collecTRI
1300,,,,gsea_estimate,mcauprc,0.5511797070503235,0.0013054830287206266,collecTRI
1301,,,,gsea_estimate,mcauprc,0.5165097713470459,0.0013054830287206266,collecTRI
1302,,,,gsea_estimate,mcauprc,0.5601193904876709,0.0013054830287206266,collecTRI
1303,,,,gsea_estimate,mcauprc,0.5673387050628662,0.0013054830287206266,collecTRI
1304,,,,gsea_estimate,mcauprc,0.5618919134140015,0.0013054830287206266,collecTRI
1305,,,,gsea_estimate,mcauprc,0.5385392904281616,0.0013054830287206266,collecTRI
1306,,,,gsea_estimate,mcauprc,0.5947657227516174,0.0013054830287206266,collecTRI
1307,,,,gsea_estimate,mcauprc,0.5846571326255798,0.0013054830287206266,collecTRI
1308,,,,gsea_estimate,mcauprc,0.5538538694381714,0.0013054830287206266,collecTRI
1309,,,,gsea_estimate,mcauprc,0.519985020160675,0.0013054830287206266,collecTRI
1310,,,,gsea_estimate,mcauprc,0.5842141509056091,0.0013054830287206266,collecTRI
1311,,,,gsea_estimate,mcauprc,0.5477409958839417,0.0013054830287206266,collecTRI
1312,,,,gsea_estimate,mcauprc,0.5542936325073242,0.0013054830287206266,collecTRI
1313,,,,gsea_estimate,mcauprc,0.5729132294654846,0.0013054830287206266,collecTRI
1314,,,,gsea_estimate,mcauprc,0.5749123096466064,0.0013054830287206266,collecTRI
1315,,,,gsea_estimate,mcauprc,0.5571186542510986,0.0013054830287206266,collecTRI
1316,,,,gsea_estimate,mcauprc,0.5412548780441284,0.0013054830287206266,collecTRI
1317,,,,gsea_estimate,mcauprc,0.5487162470817566,0.0013054830287206266,collecTRI
1318,,,,gsea_estimate,mcauprc,0.5455127358436584,0.0013054830287206266,collecTRI
1319,,,,gsea_estimate,mcauprc,0.5916937589645386,0.0013054830287206266,collecTRI
1320,,,,gsea_estimate,mcauprc,0.5576283931732178,0.0013054830287206266,collecTRI
1321,,,,gsea_estimate,mcauprc,0.5737679600715637,0.0013054830287206266,collecTRI
1322,,,,gsea_estimate,mcauprc,0.5604764223098755,0.0013054830287206266,collecTRI
1323,,,,gsea_estimate,mcauprc,0.5610265731811523,0.0013054830287206266,collecTRI
1324,,,,gsea_estimate,mcauprc,0.5320310592651367,0.0013054830287206266,collecTRI
1325,,,,gsea_estimate,mcauprc,0.5560540556907654,0.0013054830287206266,collecTRI
1326,,,,gsea_estimate,mcauprc,0.540173351764679,0.0013054830287206266,collecTRI
1327,,,,gsea_estimate,mcauprc,0.5302574038505554,0.0013054830287206266,collecTRI
1328,,,,gsea_estimate,mcauprc,0.5412740707397461,0.0013054830287206266,collecTRI
1329,,,,gsea_estimate,mcauprc,0.5745106339454651,0.0013054830287206266,collecTRI
1330,,,,gsea_estimate,mcauprc,0.5386032462120056,0.0013054830287206266,collecTRI
1331,,,,gsea_estimate,mcauprc,0.5835781693458557,0.0013054830287206266,collecTRI
1332,,,,gsea_estimate,mcauprc,0.5646589994430542,0.0013054830287206266,collecTRI
1333,,,,gsea_estimate,mcauprc,0.5593917369842529,0.0013054830287206266,collecTRI
1334,,,,gsea_estimate,mcauprc,0.5609114170074463,0.0013054830287206266,collecTRI
1335,,,,gsea_estimate,mcauprc,0.5569499731063843,0.0013054830287206266,collecTRI
1336,,,,gsea_estimate,mcauprc,0.5497360229492188,0.0013054830287206266,collecTRI
1337,,,,gsea_estimate,mcauprc,0.5621320009231567,0.0013054830287206266,collecTRI
1338,,,,gsea_estimate,mcauprc,0.5475046038627625,0.0013054830287206266,collecTRI
1339,,,,gsea_estimate,mcauprc,0.5485429167747498,0.0013054830287206266,collecTRI
1340,,,,gsea_estimate,mcauprc,0.5871239304542542,0.0013054830287206266,collecTRI
1341,,,,gsea_estimate,mcauprc,0.5627440214157104,0.0013054830287206266,collecTRI
1342,,,,gsea_estimate,mcauprc,0.5304014682769775,0.0013054830287206266,collecTRI
1343,,,,gsea_estimate,mcauprc,0.5537036061286926,0.0013054830287206266,collecTRI
1344,,,,gsea_estimate,mcauprc,0.5310977697372437,0.0013054830287206266,collecTRI
1345,,,,gsea_estimate,mcauprc,0.5374000072479248,0.0013054830287206266,collecTRI
1346,,,,gsea_estimate,mcauprc,0.5614094138145447,0.0013054830287206266,collecTRI
1347,,,,gsea_estimate,mcauprc,0.5621073842048645,0.0013054830287206266,collecTRI
1348,,,,gsea_estimate,mcauprc,0.5679436922073364,0.0013054830287206266,collecTRI
1349,,,,gsea_estimate,mcauprc,0.502630352973938,0.0013054830287206266,collecTRI
1350,,,,gsea_estimate,mcauprc,0.541456937789917,0.0013054830287206266,collecTRI
1351,,,,gsea_estimate,mcauprc,0.5346657633781433,0.0013054830287206266,collecTRI
1352,,,,gsea_estimate,mcauprc,0.5341192483901978,0.0013054830287206266,collecTRI
1353,,,,gsea_estimate,mcauprc,0.5565431714057922,0.0013054830287206266,collecTRI
1354,,,,gsea_estimate,mcauprc,0.5674217939376831,0.0013054830287206266,collecTRI
1355,,,,gsea_estimate,mcauprc,0.5450644493103027,0.0013054830287206266,collecTRI
1356,,,,gsea_estimate,mcauprc,0.5606029033660889,0.0013054830287206266,collecTRI
1357,,,,gsea_estimate,mcauprc,0.595116138458252,0.0013054830287206266,collecTRI
1358,,,,gsea_estimate,mcauprc,0.5257138013839722,0.0013054830287206266,collecTRI
1359,,,,gsea_estimate,mcauprc,0.5290113091468811,0.0013054830287206266,collecTRI
1360,,,,gsea_estimate,mcauprc,0.5689048171043396,0.0013054830287206266,collecTRI
1361,,,,gsea_estimate,mcauprc,0.557911217212677,0.0013054830287206266,collecTRI
1362,,,,gsea_estimate,mcauprc,0.5331518054008484,0.0013054830287206266,collecTRI
1363,,,,gsea_estimate,mcauprc,0.5604013800621033,0.0013054830287206266,collecTRI
1364,,,,gsea_estimate,mcauprc,0.5201207399368286,0.0013054830287206266,collecTRI
1365,,,,gsea_estimate,mcauprc,0.5562469363212585,0.0013054830287206266,collecTRI
1366,,,,gsea_estimate,mcauprc,0.5564330816268921,0.0013054830287206266,collecTRI
1367,,,,gsea_estimate,mcauprc,0.5334416627883911,0.0013054830287206266,collecTRI
1368,,,,gsea_estimate,mcauprc,0.544843316078186,0.0013054830287206266,collecTRI
1369,,,,gsea_estimate,mcauprc,0.5316187143325806,0.0013054830287206266,collecTRI
1370,,,,gsea_estimate,mcauprc,0.5707423686981201,0.0013054830287206266,collecTRI
1371,,,,gsea_estimate,mcauprc,0.527419924736023,0.0013054830287206266,collecTRI
1372,,,,gsea_estimate,mcauprc,0.556869387626648,0.0013054830287206266,collecTRI
1373,,,,gsea_estimate,mcauprc,0.5700642466545105,0.0013054830287206266,collecTRI
1374,,,,gsea_estimate,mcauprc,0.5605728030204773,0.0013054830287206266,collecTRI
1375,,,,gsea_estimate,mcauprc,0.5329574346542358,0.0013054830287206266,collecTRI
1376,,,,gsea_estimate,mcauprc,0.5669755339622498,0.0013054830287206266,collecTRI
1377,,,,gsea_estimate,mcauprc,0.561055600643158,0.0013054830287206266,collecTRI
1378,,,,gsea_estimate,mcauprc,0.5532743334770203,0.0013054830287206266,collecTRI
1379,,,,gsea_estimate,mcauprc,0.5380505919456482,0.0013054830287206266,collecTRI
1380,,,,gsea_estimate,mcauprc,0.5289067029953003,0.0013054830287206266,collecTRI
1381,,,,gsea_estimate,mcauprc,0.5477901101112366,0.0013054830287206266,collecTRI
1382,,,,gsea_estimate,mcauprc,0.5422288775444031,0.0013054830287206266,collecTRI
1383,,,,gsea_estimate,mcauprc,0.542258620262146,0.0013054830287206266,collecTRI
1384,,,,gsea_estimate,mcauprc,0.5454036593437195,0.0013054830287206266,collecTRI
1385,,,,gsea_estimate,mcauprc,0.5562615990638733,0.0013054830287206266,collecTRI
1386,,,,gsea_estimate,mcauprc,0.5424510836601257,0.0013054830287206266,collecTRI
1387,,,,gsea_estimate,mcauprc,0.5391165018081665,0.0013054830287206266,collecTRI
1388,,,,gsea_estimate,mcauprc,0.5261391401290894,0.0013054830287206266,collecTRI
1389,,,,gsea_estimate,mcauprc,0.5633343458175659,0.0013054830287206266,collecTRI
1390,,,,gsea_estimate,mcauprc,0.527228593826294,0.0013054830287206266,collecTRI
1391,,,,gsea_estimate,mcauprc,0.5619447827339172,0.0013054830287206266,collecTRI
1392,,,,gsea_estimate,mcauprc,0.5847520232200623,0.0013054830287206266,collecTRI
1393,,,,gsea_estimate,mcauprc,0.5734269022941589,0.0013054830287206266,collecTRI
1394,,,,gsea_estimate,mcauprc,0.5387968420982361,0.0013054830287206266,collecTRI
1395,,,,gsea_estimate,mcauprc,0.5469498038291931,0.0013054830287206266,collecTRI
1396,,,,gsea_estimate,mcauprc,0.5817205905914307,0.0013054830287206266,collecTRI
1397,,,,gsea_estimate,mcauprc,0.5586855411529541,0.0013054830287206266,collecTRI
1398,,,,gsea_estimate,mcauprc,0.5308617949485779,0.0013054830287206266,collecTRI
1399,,,,gsea_estimate,mcauprc,0.5342604517936707,0.0013054830287206266,collecTRI
1400,,,,gsea_estimate,mcauprc,0.5250051617622375,0.0013054830287206266,collecTRI
1401,,,,gsea_estimate,mcauprc,0.5642992258071899,0.0013054830287206266,collecTRI
1402,,,,gsea_estimate,mcauprc,0.551655113697052,0.0013054830287206266,collecTRI
1403,,,,gsea_estimate,mcauprc,0.530330240726471,0.0013054830287206266,collecTRI
1404,,,,gsea_estimate,mcauprc,0.5665611028671265,0.0013054830287206266,collecTRI
1405,,,,gsea_estimate,mcauprc,0.5196779370307922,0.0013054830287206266,collecTRI
1406,,,,gsea_estimate,mcauprc,0.5411757826805115,0.0013054830287206266,collecTRI
1407,,,,gsea_estimate,mcauprc,0.5474804043769836,0.0013054830287206266,collecTRI
1408,,,,gsea_estimate,mcauprc,0.5585983395576477,0.0013054830287206266,collecTRI
1409,,,,gsea_estimate,mcauprc,0.5254069566726685,0.0013054830287206266,collecTRI
1410,,,,gsea_estimate,mcauprc,0.5223765969276428,0.0013054830287206266,collecTRI
1411,,,,gsea_estimate,mcauprc,0.5476199984550476,0.0013054830287206266,collecTRI
1412,,,,gsea_estimate,mcauprc,0.5573521256446838,0.0013054830287206266,collecTRI
1413,,,,gsea_estimate,mcauprc,0.5645734071731567,0.0013054830287206266,collecTRI
1414,,,,gsea_estimate,mcauprc,0.5453773736953735,0.0013054830287206266,collecTRI
1415,,,,gsea_estimate,mcauprc,0.5348338484764099,0.0013054830287206266,collecTRI
1416,,,,gsea_estimate,mcauprc,0.5636885762214661,0.0013054830287206266,collecTRI
1417,,,,gsea_estimate,mcauprc,0.5541431903839111,0.0013054830287206266,collecTRI
1418,,,,gsea_estimate,mcauprc,0.5505026578903198,0.0013054830287206266,collecTRI
1419,,,,gsea_estimate,mcauprc,0.5787627100944519,0.0013054830287206266,collecTRI
1420,,,,gsea_estimate,mcauprc,0.5588222742080688,0.0013054830287206266,collecTRI
1421,,,,gsea_estimate,mcauprc,0.5270693898200989,0.0013054830287206266,collecTRI
1422,,,,gsea_estimate,mcauprc,0.5499061942100525,0.0013054830287206266,collecTRI
1423,,,,gsea_estimate,mcauprc,0.5592707395553589,0.0013054830287206266,collecTRI
1424,,,,gsea_estimate,mcauprc,0.5410848259925842,0.0013054830287206266,collecTRI
1425,,,,gsea_estimate,mcauprc,0.5449297428131104,0.0013054830287206266,collecTRI
1426,,,,gsea_estimate,mcauprc,0.5791314840316772,0.0013054830287206266,collecTRI
1427,,,,gsea_estimate,mcauprc,0.5304369926452637,0.0013054830287206266,collecTRI
1428,,,,gsea_estimate,mcauprc,0.5134713649749756,0.0013054830287206266,collecTRI
1429,,,,gsea_estimate,mcauprc,0.5401456356048584,0.0013054830287206266,collecTRI
1430,,,,gsea_estimate,mcauprc,0.5292927026748657,0.0013054830287206266,collecTRI
1431,,,,gsea_estimate,mcauprc,0.5752404928207397,0.0013054830287206266,collecTRI
1432,,,,gsea_estimate,mcauprc,0.5765380263328552,0.0013054830287206266,collecTRI
1433,,,,gsea_estimate,mcauprc,0.5275945067405701,0.0013054830287206266,collecTRI
1434,,,,gsea_estimate,mcauprc,0.5287031531333923,0.0013054830287206266,collecTRI
1435,,,,gsea_estimate,mcauprc,0.5545415282249451,0.0013054830287206266,collecTRI
1436,,,,gsea_estimate,mcauprc,0.5635815262794495,0.0013054830287206266,collecTRI
1437,,,,gsea_estimate,mcauprc,0.5355848670005798,0.0013054830287206266,collecTRI
1438,,,,gsea_estimate,mcauprc,0.5749689340591431,0.0013054830287206266,collecTRI
1439,,,,gsea_estimate,mcauprc,0.5444554686546326,0.0013054830287206266,collecTRI
1440,,,,gsea_estimate,mcauprc,0.5951609015464783,0.0013054830287206266,collecTRI
1441,,,,gsea_estimate,mcauprc,0.5299388766288757,0.0013054830287206266,collecTRI
1442,,,,gsea_estimate,mcauprc,0.5387122631072998,0.0013054830287206266,collecTRI
1443,,,,gsea_estimate,mcauprc,0.5612478256225586,0.0013054830287206266,collecTRI
1444,,,,gsea_estimate,mcauprc,0.585030198097229,0.0013054830287206266,collecTRI
1445,,,,gsea_estimate,mcauprc,0.5593461394309998,0.0013054830287206266,collecTRI
1446,,,,gsea_estimate,mcauprc,0.5429099798202515,0.0013054830287206266,collecTRI
1447,,,,gsea_estimate,mcauprc,0.5386806726455688,0.0013054830287206266,collecTRI
1448,,,,gsea_estimate,mcauprc,0.5577201247215271,0.0013054830287206266,collecTRI
1449,,,,gsea_estimate,mcauprc,0.5536644458770752,0.0013054830287206266,collecTRI
1450,,,,gsea_estimate,mcauprc,0.5399191379547119,0.0013054830287206266,collecTRI
1451,,,,gsea_estimate,mcauprc,0.5597731471061707,0.0013054830287206266,collecTRI
1452,,,,gsea_estimate,mcauprc,0.533949077129364,0.0013054830287206266,collecTRI
1453,,,,gsea_estimate,mcauprc,0.5455878973007202,0.0013054830287206266,collecTRI
1454,,,,gsea_estimate,mcauprc,0.5586195588111877,0.0013054830287206266,collecTRI
1455,,,,gsea_estimate,mcauprc,0.5668564438819885,0.0013054830287206266,collecTRI
1456,,,,gsea_estimate,mcauprc,0.5437502861022949,0.0013054830287206266,collecTRI
1457,,,,gsea_estimate,mcauprc,0.5613710880279541,0.0013054830287206266,collecTRI
1458,,,,gsea_estimate,mcauprc,0.566613495349884,0.0013054830287206266,collecTRI
1459,,,,gsea_estimate,mcauprc,0.5509074330329895,0.0013054830287206266,collecTRI
1460,,,,gsea_estimate,mcauprc,0.5505260229110718,0.0013054830287206266,collecTRI
1461,,,,gsea_estimate,mcauprc,0.5453981161117554,0.0013054830287206266,collecTRI
1462,,,,gsea_estimate,mcauprc,0.544167697429657,0.0013054830287206266,collecTRI
1463,,,,gsea_estimate,mcauprc,0.5273546576499939,0.0013054830287206266,collecTRI
1464,,,,gsea_estimate,mcauprc,0.5393717885017395,0.0013054830287206266,collecTRI
1465,,,,gsea_estimate,mcauprc,0.5762915015220642,0.0013054830287206266,collecTRI
1466,,,,gsea_estimate,mcauprc,0.5622128844261169,0.0013054830287206266,collecTRI
1467,,,,gsea_estimate,mcauprc,0.5590732097625732,0.0013054830287206266,collecTRI
1468,,,,gsea_estimate,mcauprc,0.5227917432785034,0.0013054830287206266,collecTRI
1469,,,,gsea_estimate,mcauprc,0.5548564791679382,0.0013054830287206266,collecTRI
1470,,,,gsea_estimate,mcauprc,0.5511456727981567,0.0013054830287206266,collecTRI
1471,,,,gsea_estimate,mcauprc,0.55251544713974,0.0013054830287206266,collecTRI
1472,,,,gsea_estimate,mcauprc,0.5625048279762268,0.0013054830287206266,collecTRI
1473,,,,gsea_estimate,mcauprc,0.5458241105079651,0.0013054830287206266,collecTRI
1474,,,,gsea_estimate,mcauprc,0.5654439330101013,0.0013054830287206266,collecTRI
1475,,,,gsea_estimate,mcauprc,0.547916829586029,0.0013054830287206266,collecTRI
1476,,,,gsea_estimate,mcauprc,0.5765998959541321,0.0013054830287206266,collecTRI
1477,,,,gsea_estimate,mcauprc,0.5873124599456787,0.0013054830287206266,collecTRI
1478,,,,gsea_estimate,mcauprc,0.5308715105056763,0.0013054830287206266,collecTRI
1479,,,,gsea_estimate,mcauprc,0.567114531993866,0.0013054830287206266,collecTRI
1480,,,,gsea_estimate,mcauprc,0.5485494136810303,0.0013054830287206266,collecTRI
1481,,,,gsea_estimate,mcauprc,0.5810392498970032,0.0013054830287206266,collecTRI
1482,,,,gsea_estimate,mcauprc,0.5688101649284363,0.0013054830287206266,collecTRI
1483,,,,gsea_estimate,mcauprc,0.523871898651123,0.0013054830287206266,collecTRI
1484,,,,gsea_estimate,mcauprc,0.541300892829895,0.0013054830287206266,collecTRI
1485,,,,gsea_estimate,mcauprc,0.5712273120880127,0.0013054830287206266,collecTRI
1486,,,,gsea_estimate,mcauprc,0.5585278868675232,0.0013054830287206266,collecTRI
1487,,,,gsea_estimate,mcauprc,0.5243033170700073,0.0013054830287206266,collecTRI
1488,,,,gsea_estimate,mcauprc,0.5463372468948364,0.0013054830287206266,collecTRI
1489,,,,gsea_estimate,mcauprc,0.5357023477554321,0.0013054830287206266,collecTRI
1490,,,,gsea_estimate,mcauprc,0.5205750465393066,0.0013054830287206266,collecTRI
1491,,,,gsea_estimate,mcauprc,0.5774520039558411,0.0013054830287206266,collecTRI
1492,,,,gsea_estimate,mcauprc,0.5372165441513062,0.0013054830287206266,collecTRI
1493,,,,gsea_estimate,mcauprc,0.5719744563102722,0.0013054830287206266,collecTRI
1494,,,,gsea_estimate,mcauprc,0.5528706312179565,0.0013054830287206266,collecTRI
1495,,,,gsea_estimate,mcauprc,0.530587911605835,0.0013054830287206266,collecTRI
1496,,,,gsea_estimate,mcauprc,0.5385403633117676,0.0013054830287206266,collecTRI
1497,,,,gsea_estimate,mcauprc,0.532050609588623,0.0013054830287206266,collecTRI
1498,,,,gsea_estimate,mcauprc,0.5643215179443359,0.0013054830287206266,collecTRI
1499,,,,gsea_estimate,mcauprc,0.546245276927948,0.0013054830287206266,collecTRI
1500,,,,gsea_estimate,mcauprc,0.5776881575584412,0.0013054830287206266,collecTRI
1501,,,,gsea_estimate,mcauprc,0.5207796692848206,0.0013054830287206266,collecTRI
1502,,,,gsea_estimate,mcauprc,0.5205091238021851,0.0013054830287206266,collecTRI
1503,,,,gsea_estimate,mcauprc,0.5736923813819885,0.0013054830287206266,collecTRI
1504,,,,gsea_estimate,mcauprc,0.5780912637710571,0.0013054830287206266,collecTRI
1505,,,,gsea_estimate,mcauprc,0.5253661274909973,0.0013054830287206266,collecTRI
1506,,,,gsea_estimate,mcauprc,0.5709143280982971,0.0013054830287206266,collecTRI
1507,,,,gsea_estimate,mcauprc,0.5374063849449158,0.0013054830287206266,collecTRI
1508,,,,gsea_estimate,mcauprc,0.5434702634811401,0.0013054830287206266,collecTRI
1509,,,,gsea_estimate,mcauprc,0.5656048059463501,0.0013054830287206266,collecTRI
1510,,,,gsea_estimate,mcauprc,0.5262779593467712,0.0013054830287206266,collecTRI
1511,,,,gsea_estimate,mcauprc,0.5806065201759338,0.0013054830287206266,collecTRI
1512,,,,gsea_estimate,mcauprc,0.5683038234710693,0.0013054830287206266,collecTRI
1513,,,,gsea_estimate,mcauprc,0.5773493647575378,0.0013054830287206266,collecTRI
1514,,,,gsea_estimate,mcauprc,0.575012743473053,0.0013054830287206266,collecTRI
1515,,,,gsea_estimate,mcauprc,0.5615225434303284,0.0013054830287206266,collecTRI
1516,,,,gsea_estimate,mcauprc,0.5582872629165649,0.0013054830287206266,collecTRI
1517,,,,gsea_estimate,mcauprc,0.5420659184455872,0.0013054830287206266,collecTRI
1518,,,,gsea_estimate,mcauprc,0.5386244654655457,0.0013054830287206266,collecTRI
1519,,,,gsea_estimate,mcauprc,0.5631957650184631,0.0013054830287206266,collecTRI
1520,,,,gsea_estimate,mcauprc,0.5674993395805359,0.0013054830287206266,collecTRI
1521,,,,gsea_estimate,mcauprc,0.5255048274993896,0.0013054830287206266,collecTRI
1522,,,,gsea_estimate,mcauprc,0.5539723038673401,0.0013054830287206266,collecTRI
1523,,,,gsea_estimate,mcauprc,0.5566481351852417,0.0013054830287206266,collecTRI
1524,,,,gsea_estimate,mcauprc,0.5462456941604614,0.0013054830287206266,collecTRI
1525,,,,gsea_estimate,mcauprc,0.5421730875968933,0.0013054830287206266,collecTRI
1526,,,,gsea_estimate,mcauprc,0.5565754771232605,0.0013054830287206266,collecTRI
1527,,,,gsea_estimate,mcauprc,0.5791703462600708,0.0013054830287206266,collecTRI
1528,,,,gsea_estimate,mcauprc,0.552571713924408,0.0013054830287206266,collecTRI
1529,,,,gsea_estimate,mcauprc,0.5888515710830688,0.0013054830287206266,collecTRI
1530,,,,gsea_estimate,mcauprc,0.5416338443756104,0.0013054830287206266,collecTRI
1531,,,,gsea_estimate,mcauprc,0.5760278105735779,0.0013054830287206266,collecTRI
1532,,,,gsea_estimate,mcauprc,0.5232691764831543,0.0013054830287206266,collecTRI
1533,,,,gsea_estimate,mcauprc,0.5345909595489502,0.0013054830287206266,collecTRI
1534,,,,gsea_estimate,mcauprc,0.5200297236442566,0.0013054830287206266,collecTRI
1535,,,,gsea_estimate,mcauprc,0.5252654552459717,0.0013054830287206266,collecTRI
1536,,,,gsea_estimate,mcauprc,0.5610355734825134,0.0013054830287206266,collecTRI
1537,,,,gsea_estimate,mcauprc,0.5364872813224792,0.0013054830287206266,collecTRI
1538,,,,gsea_estimate,mcauprc,0.5440201163291931,0.0013054830287206266,collecTRI
1539,,,,gsea_estimate,mcauprc,0.575946569442749,0.0013054830287206266,collecTRI
1540,,,,gsea_estimate,mcauprc,0.5634921193122864,0.0013054830287206266,collecTRI
1541,,,,gsea_estimate,mcauprc,0.5597890019416809,0.0013054830287206266,collecTRI
1542,,,,gsea_estimate,mcauprc,0.5526558756828308,0.0013054830287206266,collecTRI
1543,,,,gsea_estimate,mcauprc,0.5440115928649902,0.0013054830287206266,collecTRI
1544,,,,gsea_estimate,mcauprc,0.5512709617614746,0.0013054830287206266,collecTRI
1545,,,,gsea_estimate,mcauprc,0.546765148639679,0.0013054830287206266,collecTRI
1546,,,,gsea_estimate,mcauprc,0.5579467415809631,0.0013054830287206266,collecTRI
1547,,,,gsea_estimate,mcauprc,0.5296587347984314,0.0013054830287206266,collecTRI
1548,,,,gsea_estimate,mcauprc,0.5655213594436646,0.0013054830287206266,collecTRI
1549,,,,gsea_estimate,mcauprc,0.5593012571334839,0.0013054830287206266,collecTRI
1550,,,,gsea_estimate,mcauprc,0.5501617789268494,0.0013054830287206266,collecTRI
1551,,,,gsea_estimate,mcauprc,0.5393635630607605,0.0013054830287206266,collecTRI
1552,,,,gsea_estimate,mcauprc,0.5524471998214722,0.0013054830287206266,collecTRI
1553,,,,gsea_estimate,mcauprc,0.5867828130722046,0.0013054830287206266,collecTRI
1554,,,,gsea_estimate,mcauprc,0.570624589920044,0.0013054830287206266,collecTRI
1555,,,,gsea_estimate,mcauprc,0.5400987863540649,0.0013054830287206266,collecTRI
1556,,,,gsea_estimate,mcauprc,0.549715518951416,0.0013054830287206266,collecTRI
1557,,,,gsea_estimate,mcauprc,0.5287649035453796,0.0013054830287206266,collecTRI
1558,,,,gsea_estimate,mcauprc,0.548295795917511,0.0013054830287206266,collecTRI
1559,,,,gsea_estimate,mcauprc,0.5425716042518616,0.0013054830287206266,collecTRI
1560,,,,gsea_estimate,mcauprc,0.5747659802436829,0.0013054830287206266,collecTRI
1561,,,,gsea_estimate,mcauprc,0.5519129633903503,0.0013054830287206266,collecTRI
1562,,,,gsea_estimate,mcauprc,0.5680072903633118,0.0013054830287206266,collecTRI
1563,,,,gsea_estimate,mcauprc,0.5502750277519226,0.0013054830287206266,collecTRI
1564,,,,gsea_estimate,mcauprc,0.5597837567329407,0.0013054830287206266,collecTRI
1565,,,,gsea_estimate,mcauprc,0.5111397504806519,0.0013054830287206266,collecTRI
1566,,,,gsea_estimate,mcauprc,0.5606164932250977,0.0013054830287206266,collecTRI
1567,,,,gsea_estimate,mcauprc,0.5479190945625305,0.0013054830287206266,collecTRI
1568,,,,gsea_estimate,mcauprc,0.5407021045684814,0.0013054830287206266,collecTRI
1569,,,,gsea_estimate,mcauprc,0.5465494990348816,0.0013054830287206266,collecTRI
1570,,,,gsea_estimate,mcauprc,0.536992609500885,0.0013054830287206266,collecTRI
1571,,,,gsea_estimate,mcauprc,0.5523163676261902,0.0013054830287206266,collecTRI
1572,,,,gsea_estimate,mcauprc,0.5299662351608276,0.0013054830287206266,collecTRI
1573,,,,gsea_estimate,mcauprc,0.5264478325843811,0.0013054830287206266,collecTRI
1574,,,,gsea_estimate,mcauprc,0.5462746620178223,0.0013054830287206266,collecTRI
1575,,,,gsea_estimate,mcauprc,0.5351641178131104,0.0013054830287206266,collecTRI
1576,,,,gsea_estimate,mcauprc,0.5483124852180481,0.0013054830287206266,collecTRI
1577,,,,gsea_estimate,mcauprc,0.530404269695282,0.0013054830287206266,collecTRI
1578,,,,gsea_estimate,mcauprc,0.5210381746292114,0.0013054830287206266,collecTRI
1579,,,,gsea_estimate,mcauprc,0.551690399646759,0.0013054830287206266,collecTRI
1580,,,,gsea_estimate,mcauprc,0.5338625311851501,0.0013054830287206266,collecTRI
1581,,,,gsea_estimate,mcauprc,0.5322832465171814,0.0013054830287206266,collecTRI
1582,,,,gsea_estimate,mcauprc,0.5408394932746887,0.0013054830287206266,collecTRI
1583,,,,gsea_estimate,mcauprc,0.5752149820327759,0.0013054830287206266,collecTRI
1584,,,,gsea_estimate,mcauprc,0.5426408052444458,0.0013054830287206266,collecTRI
1585,,,,gsea_estimate,mcauprc,0.5275262594223022,0.0013054830287206266,collecTRI
1586,,,,gsea_estimate,mcauprc,0.5628584623336792,0.0013054830287206266,collecTRI
1587,,,,gsea_estimate,mcauprc,0.561478316783905,0.0013054830287206266,collecTRI
1588,,,,gsea_estimate,mcauprc,0.5575997829437256,0.0013054830287206266,collecTRI
1589,,,,gsea_estimate,mcauprc,0.5497041940689087,0.0013054830287206266,collecTRI
1590,,,,gsea_estimate,mcauprc,0.5407739877700806,0.0013054830287206266,collecTRI
1591,,,,gsea_estimate,mcauprc,0.5713778138160706,0.0013054830287206266,collecTRI
1592,,,,gsea_estimate,mcauprc,0.5568139553070068,0.0013054830287206266,collecTRI
1593,,,,gsea_estimate,mcauprc,0.5429491400718689,0.0013054830287206266,collecTRI
1594,,,,gsea_estimate,mcauprc,0.5497063398361206,0.0013054830287206266,collecTRI
1595,,,,gsea_estimate,mcauprc,0.5242604613304138,0.0013054830287206266,collecTRI
1596,,,,gsea_estimate,mcauprc,0.5808116793632507,0.0013054830287206266,collecTRI
1597,,,,gsea_estimate,mcauprc,0.5619693994522095,0.0013054830287206266,collecTRI
1598,,,,gsea_estimate,mcauprc,0.5663886070251465,0.0013054830287206266,collecTRI
1599,,,,gsea_estimate,mcauprc,0.5361950397491455,0.0013054830287206266,collecTRI
1600,,,,gsea_estimate,mcauprc,0.5142871141433716,0.0013054830287206266,collecTRI
1601,,,,gsea_estimate,mcauprc,0.575609564781189,0.0013054830287206266,collecTRI
1602,,,,gsea_estimate,mcauprc,0.5275478363037109,0.0013054830287206266,collecTRI
1603,,,,gsea_estimate,mcauprc,0.5336998105049133,0.0013054830287206266,collecTRI
1604,,,,gsea_estimate,mcauprc,0.5481842160224915,0.0013054830287206266,collecTRI
1605,,,,gsea_estimate,mcauprc,0.5456554293632507,0.0013054830287206266,collecTRI
1606,,,,gsea_estimate,mcauprc,0.5284021496772766,0.0013054830287206266,collecTRI
1607,,,,gsea_estimate,mcauprc,0.5541353225708008,0.0013054830287206266,collecTRI
1608,,,,gsea_estimate,mcauprc,0.5490760803222656,0.0013054830287206266,collecTRI
1609,,,,gsea_estimate,mcauprc,0.5485876798629761,0.0013054830287206266,collecTRI
1610,,,,gsea_estimate,mcauprc,0.5855745673179626,0.0013054830287206266,collecTRI
1611,,,,gsea_estimate,mcauprc,0.5185548067092896,0.0013054830287206266,collecTRI
1612,,,,gsea_estimate,mcauprc,0.5315877199172974,0.0013054830287206266,collecTRI
1613,,,,gsea_estimate,mcauprc,0.5642053484916687,0.0013054830287206266,collecTRI
1614,,,,gsea_estimate,mcauprc,0.5418646335601807,0.0013054830287206266,collecTRI
1615,,,,gsea_estimate,mcauprc,0.5316516757011414,0.0013054830287206266,collecTRI
1616,,,,gsea_estimate,mcauprc,0.5340564250946045,0.0013054830287206266,collecTRI
1617,,,,gsea_estimate,mcauprc,0.5765308737754822,0.0013054830287206266,collecTRI
1618,,,,gsea_estimate,mcauprc,0.5653923153877258,0.0013054830287206266,collecTRI
1619,,,,gsea_estimate,mcauprc,0.5772235989570618,0.0013054830287206266,collecTRI
1620,,,,gsea_estimate,mcauprc,0.5842923521995544,0.0013054830287206266,collecTRI
1621,,,,gsea_estimate,mcauprc,0.5791720151901245,0.0013054830287206266,collecTRI
1622,,,,gsea_estimate,mcauprc,0.5537804961204529,0.0013054830287206266,collecTRI
1623,,,,gsea_estimate,mcauprc,0.5570035576820374,0.0013054830287206266,collecTRI
1624,,,,gsea_estimate,mcauprc,0.5257404446601868,0.0013054830287206266,collecTRI
1625,,,,gsea_estimate,mcauprc,0.593418300151825,0.0013054830287206266,collecTRI
1626,,,,gsea_estimate,mcauprc,0.5474294424057007,0.0013054830287206266,collecTRI
1627,,,,gsea_estimate,mcauprc,0.5525072813034058,0.0013054830287206266,collecTRI
1628,,,,gsea_estimate,mcauprc,0.5586432218551636,0.0013054830287206266,collecTRI
1629,,,,gsea_estimate,mcauprc,0.5833679437637329,0.0013054830287206266,collecTRI
1630,,,,gsea_estimate,mcauprc,0.5665929913520813,0.0013054830287206266,collecTRI
1631,,,,gsea_estimate,mcauprc,0.5704255104064941,0.0013054830287206266,collecTRI
1632,,,,gsea_estimate,mcauprc,0.5266331434249878,0.0013054830287206266,collecTRI
1633,,,,gsea_estimate,mcauprc,0.5598191022872925,0.0013054830287206266,collecTRI
1634,,,,gsea_estimate,mcauprc,0.5658278465270996,0.0013054830287206266,collecTRI
1635,,,,gsea_estimate,mcauprc,0.578808069229126,0.0013054830287206266,collecTRI
1636,,,,gsea_estimate,mcauprc,0.5441059470176697,0.0013054830287206266,collecTRI
1637,,,,gsea_estimate,mcauprc,0.5422759652137756,0.0013054830287206266,collecTRI
1638,,,,gsea_estimate,mcauprc,0.5231714248657227,0.0013054830287206266,collecTRI
1639,,,,gsea_estimate,mcauprc,0.5482487678527832,0.0013054830287206266,collecTRI
1640,,,,gsea_estimate,mcauprc,0.5759841203689575,0.0013054830287206266,collecTRI
1641,,,,gsea_estimate,mcauprc,0.558402419090271,0.0013054830287206266,collecTRI
1642,,,,gsea_estimate,mcauprc,0.5540990233421326,0.0013054830287206266,collecTRI
1643,,,,gsea_estimate,mcauprc,0.5488449931144714,0.0013054830287206266,collecTRI
1644,,,,gsea_estimate,mcauprc,0.5338238477706909,0.0013054830287206266,collecTRI
1645,,,,gsea_estimate,mcauprc,0.5680094361305237,0.0013054830287206266,collecTRI
1646,,,,gsea_estimate,mcauprc,0.5543321967124939,0.0013054830287206266,collecTRI
1647,,,,gsea_estimate,mcauprc,0.5664674043655396,0.0013054830287206266,collecTRI
1648,,,,gsea_estimate,mcauprc,0.5318064093589783,0.0013054830287206266,collecTRI
1649,,,,gsea_estimate,mcauprc,0.5808504223823547,0.0013054830287206266,collecTRI
1650,,,,gsea_estimate,mcauprc,0.5492621660232544,0.0013054830287206266,collecTRI
1651,,,,gsea_estimate,mcauprc,0.5613009929656982,0.0013054830287206266,collecTRI
1652,,,,gsea_estimate,mcauprc,0.5274932980537415,0.0013054830287206266,collecTRI
1653,,,,gsea_estimate,mcauprc,0.552513599395752,0.0013054830287206266,collecTRI
1654,,,,gsea_estimate,mcauprc,0.5303177833557129,0.0013054830287206266,collecTRI
1655,,,,gsea_estimate,mcauprc,0.5221311450004578,0.0013054830287206266,collecTRI
1656,,,,gsea_estimate,mcauprc,0.5456210970878601,0.0013054830287206266,collecTRI
1657,,,,gsea_estimate,mcauprc,0.5543424487113953,0.0013054830287206266,collecTRI
1658,,,,gsea_estimate,mcauprc,0.5847691297531128,0.0013054830287206266,collecTRI
1659,,,,gsea_estimate,mcauprc,0.5534998178482056,0.0013054830287206266,collecTRI
1660,,,,gsea_estimate,mcauprc,0.5129593014717102,0.0013054830287206266,collecTRI
1661,,,,gsea_estimate,mcauprc,0.5447222590446472,0.0013054830287206266,collecTRI
1662,,,,gsea_estimate,mcauprc,0.5695376992225647,0.0013054830287206266,collecTRI
1663,,,,gsea_estimate,mcauprc,0.5862317681312561,0.0013054830287206266,collecTRI
1664,,,,gsea_estimate,mcauprc,0.5376970767974854,0.0013054830287206266,collecTRI
1665,,,,gsea_estimate,mcauprc,0.5751621723175049,0.0013054830287206266,collecTRI
1666,,,,gsea_estimate,mcauprc,0.5275134444236755,0.0013054830287206266,collecTRI
1667,,,,gsea_estimate,mcauprc,0.5758959650993347,0.0013054830287206266,collecTRI
1668,,,,gsea_estimate,mcauprc,0.5428017973899841,0.0013054830287206266,collecTRI
1669,,,,gsea_estimate,mcauprc,0.5121616125106812,0.0013054830287206266,collecTRI
1670,,,,gsea_estimate,mcauprc,0.5607133507728577,0.0013054830287206266,collecTRI
1671,,,,gsea_estimate,mcauprc,0.5545136332511902,0.0013054830287206266,collecTRI
1672,,,,gsea_estimate,mcauprc,0.539699912071228,0.0013054830287206266,collecTRI
1673,,,,gsea_estimate,mcauprc,0.5527801513671875,0.0013054830287206266,collecTRI
1674,,,,gsea_estimate,mcauprc,0.548407793045044,0.0013054830287206266,collecTRI
1675,,,,gsea_estimate,mcauprc,0.5728697776794434,0.0013054830287206266,collecTRI
1676,,,,gsea_estimate,mcauprc,0.5612219572067261,0.0013054830287206266,collecTRI
1677,,,,gsea_estimate,mcauprc,0.5697888135910034,0.0013054830287206266,collecTRI
1678,,,,gsea_estimate,mcauprc,0.510462760925293,0.0013054830287206266,collecTRI
1679,,,,gsea_estimate,mcauprc,0.5407047867774963,0.0013054830287206266,collecTRI
1680,,,,gsea_estimate,mcauprc,0.5589024424552917,0.0013054830287206266,collecTRI
1681,,,,gsea_estimate,mcauprc,0.5608799457550049,0.0013054830287206266,collecTRI
1682,,,,gsea_estimate,mcauprc,0.5718566179275513,0.0013054830287206266,collecTRI
1683,,,,gsea_estimate,mcauprc,0.5366401672363281,0.0013054830287206266,collecTRI
1684,,,,gsea_estimate,mcauprc,0.5496619939804077,0.0013054830287206266,collecTRI
1685,,,,gsea_estimate,mcauprc,0.5274485349655151,0.0013054830287206266,collecTRI
1686,,,,gsea_estimate,mcauprc,0.541877031326294,0.0013054830287206266,collecTRI
1687,,,,gsea_estimate,mcauprc,0.5288514494895935,0.0013054830287206266,collecTRI
1688,,,,gsea_estimate,mcauprc,0.5427449941635132,0.0013054830287206266,collecTRI
1689,,,,gsea_estimate,mcauprc,0.5526601672172546,0.0013054830287206266,collecTRI
1690,,,,gsea_estimate,mcauprc,0.5716010928153992,0.0013054830287206266,collecTRI
1691,,,,gsea_estimate,mcauprc,0.56397545337677,0.0013054830287206266,collecTRI
1692,,,,gsea_estimate,mcauprc,0.5356312394142151,0.0013054830287206266,collecTRI
1693,,,,gsea_estimate,mcauprc,0.5565651059150696,0.0013054830287206266,collecTRI
1694,,,,gsea_estimate,mcauprc,0.528164267539978,0.0013054830287206266,collecTRI
1695,,,,gsea_estimate,mcauprc,0.5339692234992981,0.0013054830287206266,collecTRI
1696,,,,gsea_estimate,mcauprc,0.5188246369361877,0.0013054830287206266,collecTRI
1697,,,,gsea_estimate,mcauprc,0.5392541289329529,0.0013054830287206266,collecTRI
1698,,,,gsea_estimate,mcauprc,0.5713565349578857,0.0013054830287206266,collecTRI
1699,,,,gsea_estimate,mcauprc,0.5328360199928284,0.0013054830287206266,collecTRI
1700,,,,gsea_estimate,mcauprc,0.5575425028800964,0.0013054830287206266,collecTRI
1701,,,,gsea_estimate,mcauprc,0.5232640504837036,0.0013054830287206266,collecTRI
1702,,,,gsea_estimate,mcauprc,0.5715780258178711,0.0013054830287206266,collecTRI
1703,,,,gsea_estimate,mcauprc,0.5387316346168518,0.0013054830287206266,collecTRI
1704,,,,gsea_estimate,mcauprc,0.5440708994865417,0.0013054830287206266,collecTRI
1705,,,,gsea_estimate,mcauprc,0.546516478061676,0.0013054830287206266,collecTRI
1706,,,,gsea_estimate,mcauprc,0.5713224411010742,0.0013054830287206266,collecTRI
1707,,,,gsea_estimate,mcauprc,0.5826265811920166,0.0013054830287206266,collecTRI
1708,,,,gsea_estimate,mcauprc,0.5619789958000183,0.0013054830287206266,collecTRI
1709,,,,gsea_estimate,mcauprc,0.5463840961456299,0.0013054830287206266,collecTRI
1710,,,,gsea_estimate,mcauprc,0.5521737337112427,0.0013054830287206266,collecTRI
1711,,,,gsea_estimate,mcauprc,0.567448616027832,0.0013054830287206266,collecTRI
1712,,,,gsea_estimate,mcauprc,0.5469580888748169,0.0013054830287206266,collecTRI
1713,,,,gsea_estimate,mcauprc,0.5738288164138794,0.0013054830287206266,collecTRI
1714,,,,gsea_estimate,mcauprc,0.5527315735816956,0.0013054830287206266,collecTRI
1715,,,,gsea_estimate,mcauprc,0.5631580948829651,0.0013054830287206266,collecTRI
1716,,,,gsea_estimate,mcauprc,0.5613742470741272,0.0013054830287206266,collecTRI
1717,,,,gsea_estimate,mcauprc,0.5441131591796875,0.0013054830287206266,collecTRI
1718,,,,gsea_estimate,mcauprc,0.5186446905136108,0.0013054830287206266,collecTRI
1719,,,,gsea_estimate,mcauprc,0.5404309630393982,0.0013054830287206266,collecTRI
1720,,,,gsea_estimate,mcauprc,0.5503866672515869,0.0013054830287206266,collecTRI
1721,,,,gsea_estimate,mcauprc,0.5605153441429138,0.0013054830287206266,collecTRI
1722,,,,gsea_estimate,mcauprc,0.5605776906013489,0.0013054830287206266,collecTRI
1723,,,,gsea_estimate,mcauprc,0.5510674715042114,0.0013054830287206266,collecTRI
1724,,,,gsea_estimate,mcauprc,0.5459465384483337,0.0013054830287206266,collecTRI
1725,,,,gsea_estimate,mcauprc,0.5494769811630249,0.0013054830287206266,collecTRI
1726,,,,gsea_estimate,mcauprc,0.5561038851737976,0.0013054830287206266,collecTRI
1727,,,,gsea_estimate,mcauprc,0.5315183997154236,0.0013054830287206266,collecTRI
1728,,,,gsea_estimate,mcauprc,0.5447341799736023,0.0013054830287206266,collecTRI
1729,,,,gsea_estimate,mcauprc,0.5255212783813477,0.0013054830287206266,collecTRI
1730,,,,gsea_estimate,mcauprc,0.5439389944076538,0.0013054830287206266,collecTRI
1731,,,,gsea_estimate,mcauprc,0.5415482521057129,0.0013054830287206266,collecTRI
1732,,,,gsea_estimate,mcauprc,0.5844112038612366,0.0013054830287206266,collecTRI
1733,,,,gsea_estimate,mcauprc,0.5716531872749329,0.0013054830287206266,collecTRI
1734,,,,gsea_estimate,mcauprc,0.5280603170394897,0.0013054830287206266,collecTRI
1735,,,,gsea_estimate,mcauprc,0.5621432662010193,0.0013054830287206266,collecTRI
1736,,,,gsea_estimate,mcauprc,0.5478100180625916,0.0013054830287206266,collecTRI
1737,,,,gsea_estimate,mcauprc,0.5187666416168213,0.0013054830287206266,collecTRI
1738,,,,gsea_estimate,mcauprc,0.5572316646575928,0.0013054830287206266,collecTRI
1739,,,,gsea_estimate,mcauprc,0.5672457814216614,0.0013054830287206266,collecTRI
1740,,,,gsea_estimate,mcauprc,0.5672420263290405,0.0013054830287206266,collecTRI
1741,,,,gsea_estimate,mcauprc,0.5319176912307739,0.0013054830287206266,collecTRI
1742,,,,gsea_estimate,mcauprc,0.5416913032531738,0.0013054830287206266,collecTRI
1743,,,,gsea_estimate,mcauprc,0.5494385957717896,0.0013054830287206266,collecTRI
1744,,,,gsea_estimate,mcauprc,0.5539864897727966,0.0013054830287206266,collecTRI
1745,,,,gsea_estimate,mcauprc,0.5401855707168579,0.0013054830287206266,collecTRI
1746,,,,gsea_estimate,mcauprc,0.5457926988601685,0.0013054830287206266,collecTRI
1747,,,,gsea_estimate,mcauprc,0.5705954432487488,0.0013054830287206266,collecTRI
1748,,,,gsea_estimate,mcauprc,0.5728113651275635,0.0013054830287206266,collecTRI
1749,,,,gsea_estimate,mcauprc,0.5483600497245789,0.0013054830287206266,collecTRI
1750,,,,gsea_estimate,mcauprc,0.5476241707801819,0.0013054830287206266,collecTRI
1751,,,,gsea_estimate,mcauprc,0.5497328042984009,0.0013054830287206266,collecTRI
1752,,,,gsea_estimate,mcauprc,0.5538633465766907,0.0013054830287206266,collecTRI
1753,,,,gsea_estimate,mcauprc,0.5655445456504822,0.0013054830287206266,collecTRI
1754,,,,gsea_estimate,mcauprc,0.5560594797134399,0.0013054830287206266,collecTRI
1755,,,,gsea_estimate,mcauprc,0.5737401843070984,0.0013054830287206266,collecTRI
1756,,,,gsea_estimate,mcauprc,0.5245659351348877,0.0013054830287206266,collecTRI
1757,,,,gsea_estimate,mcauprc,0.5490769147872925,0.0013054830287206266,collecTRI
1758,,,,gsea_estimate,mcauprc,0.5570412874221802,0.0013054830287206266,collecTRI
1759,,,,gsea_estimate,mcauprc,0.5859806537628174,0.0013054830287206266,collecTRI
1760,,,,gsea_estimate,mcauprc,0.5444508194923401,0.0013054830287206266,collecTRI
1761,,,,gsea_estimate,mcauprc,0.5747566223144531,0.0013054830287206266,collecTRI
1762,,,,gsea_estimate,mcauprc,0.5508024096488953,0.0013054830287206266,collecTRI
1763,,,,gsea_estimate,mcauprc,0.5326805114746094,0.0013054830287206266,collecTRI
1764,,,,gsea_estimate,mcauprc,0.5465413928031921,0.0013054830287206266,collecTRI
1765,,,,gsea_estimate,mcauprc,0.569297194480896,0.0013054830287206266,collecTRI
1766,,,,gsea_estimate,mcauprc,0.5638633370399475,0.0013054830287206266,collecTRI
1767,,,,gsea_estimate,mcauprc,0.5597336888313293,0.0013054830287206266,collecTRI
1768,,,,gsea_estimate,mcauprc,0.5395035147666931,0.0013054830287206266,collecTRI
1769,,,,gsea_estimate,mcauprc,0.5739083290100098,0.0013054830287206266,collecTRI
1770,,,,gsea_estimate,mcauprc,0.539901852607727,0.0013054830287206266,collecTRI
1771,,,,gsea_estimate,mcauprc,0.5606359839439392,0.0013054830287206266,collecTRI
1772,,,,gsea_estimate,mcauprc,0.5467904806137085,0.0013054830287206266,collecTRI
1773,,,,gsea_estimate,mcauprc,0.5406110882759094,0.0013054830287206266,collecTRI
1774,,,,gsea_estimate,mcauprc,0.5550364851951599,0.0013054830287206266,collecTRI
1775,,,,gsea_estimate,mcauprc,0.5532885789871216,0.0013054830287206266,collecTRI
1776,,,,gsea_estimate,mcauprc,0.537094235420227,0.0013054830287206266,collecTRI
1777,,,,gsea_estimate,mcauprc,0.5786417126655579,0.0013054830287206266,collecTRI
1778,,,,gsea_estimate,mcauprc,0.5432489514350891,0.0013054830287206266,collecTRI
1779,,,,gsea_estimate,mcauprc,0.5411405563354492,0.0013054830287206266,collecTRI
1780,,,,gsea_estimate,mcauprc,0.5469821691513062,0.0013054830287206266,collecTRI
1781,,,,gsea_estimate,mcauprc,0.5377840995788574,0.0013054830287206266,collecTRI
1782,,,,gsea_estimate,mcauprc,0.554071843624115,0.0013054830287206266,collecTRI
1783,,,,gsea_estimate,mcauprc,0.5427714586257935,0.0013054830287206266,collecTRI
1784,,,,gsea_estimate,mcauprc,0.570148229598999,0.0013054830287206266,collecTRI
1785,,,,gsea_estimate,mcauprc,0.5413100719451904,0.0013054830287206266,collecTRI
1786,,,,gsea_estimate,mcauprc,0.5244255065917969,0.0013054830287206266,collecTRI
1787,,,,gsea_estimate,mcauprc,0.6052902936935425,0.0013054830287206266,collecTRI
1788,,,,gsea_estimate,mcauprc,0.5651679635047913,0.0013054830287206266,collecTRI
1789,,,,gsea_estimate,mcauprc,0.5254105925559998,0.0013054830287206266,collecTRI
1790,,,,gsea_estimate,mcauprc,0.5547321438789368,0.0013054830287206266,collecTRI
1791,,,,gsea_estimate,mcauprc,0.5736164450645447,0.0013054830287206266,collecTRI
1792,,,,gsea_estimate,mcauprc,0.5109350681304932,0.0013054830287206266,collecTRI
1793,,,,gsea_estimate,mcauprc,0.583649754524231,0.0013054830287206266,collecTRI
1794,,,,gsea_estimate,mcauprc,0.5265453457832336,0.0013054830287206266,collecTRI
1795,,,,gsea_estimate,mcauprc,0.5714138150215149,0.0013054830287206266,collecTRI
1796,,,,gsea_estimate,mcauprc,0.5257516503334045,0.0013054830287206266,collecTRI
1797,,,,gsea_estimate,mcauprc,0.5502145886421204,0.0013054830287206266,collecTRI
1798,,,,gsea_estimate,mcauprc,0.5136391520500183,0.0013054830287206266,collecTRI
1799,,,,gsea_estimate,mcauprc,0.5693824291229248,0.0013054830287206266,collecTRI
1800,,,,gsea_estimate,mcauprc,0.5352948307991028,0.0013054830287206266,collecTRI
1801,,,,gsea_estimate,mcauprc,0.5268027782440186,0.0013054830287206266,collecTRI
1802,,,,gsea_estimate,mcauprc,0.5213826298713684,0.0013054830287206266,collecTRI
1803,,,,gsea_estimate,mcauprc,0.578643798828125,0.0013054830287206266,collecTRI
1804,,,,gsea_estimate,mcauprc,0.5732129812240601,0.0013054830287206266,collecTRI
1805,,,,gsea_estimate,mcauprc,0.5703551769256592,0.0013054830287206266,collecTRI
1806,,,,gsea_estimate,mcauprc,0.5412878394126892,0.0013054830287206266,collecTRI
1807,,,,gsea_estimate,mcauprc,0.5305014252662659,0.0013054830287206266,collecTRI
1808,,,,gsea_estimate,mcauprc,0.5870922207832336,0.0013054830287206266,collecTRI
1809,,,,gsea_estimate,mcauprc,0.5348415970802307,0.0013054830287206266,collecTRI
1810,,,,gsea_estimate,mcauprc,0.576009213924408,0.0013054830287206266,collecTRI
1811,,,,gsea_estimate,mcauprc,0.5573910474777222,0.0013054830287206266,collecTRI
1812,,,,gsea_estimate,mcauprc,0.5858721137046814,0.0013054830287206266,collecTRI
1813,,,,gsea_estimate,mcauprc,0.5513133406639099,0.0013054830287206266,collecTRI
1814,,,,gsea_estimate,mcauprc,0.5526724457740784,0.0013054830287206266,collecTRI
1815,,,,gsea_estimate,mcauprc,0.5171375274658203,0.0013054830287206266,collecTRI
1816,,,,gsea_estimate,mcauprc,0.5556016564369202,0.0013054830287206266,collecTRI
1817,,,,gsea_estimate,mcauprc,0.5670154690742493,0.0013054830287206266,collecTRI
1818,,,,gsea_estimate,mcauprc,0.5994403958320618,0.0013054830287206266,collecTRI
1819,,,,gsea_estimate,mcauprc,0.5396803021430969,0.0013054830287206266,collecTRI
1820,,,,gsea_estimate,mcauprc,0.5586878061294556,0.0013054830287206266,collecTRI
1821,,,,gsea_estimate,mcauprc,0.5451160669326782,0.0013054830287206266,collecTRI
1822,,,,gsea_estimate,mcauprc,0.5515259504318237,0.0013054830287206266,collecTRI
1823,,,,gsea_estimate,mcauprc,0.5425580143928528,0.0013054830287206266,collecTRI
1824,,,,gsea_estimate,mcauprc,0.5249402523040771,0.0013054830287206266,collecTRI
1825,,,,gsea_estimate,mcauprc,0.5858836770057678,0.0013054830287206266,collecTRI
1826,,,,gsea_estimate,mcauprc,0.5784025192260742,0.0013054830287206266,collecTRI
1827,,,,gsea_estimate,mcauprc,0.553960382938385,0.0013054830287206266,collecTRI
1828,,,,gsea_estimate,mcauprc,0.5732668042182922,0.0013054830287206266,collecTRI
1829,,,,gsea_estimate,mcauprc,0.5466837882995605,0.0013054830287206266,collecTRI
1830,,,,gsea_estimate,mcauprc,0.5361906290054321,0.0013054830287206266,collecTRI
1831,,,,gsea_estimate,mcauprc,0.5313602089881897,0.0013054830287206266,collecTRI
1832,,,,gsea_estimate,mcauprc,0.5205004215240479,0.0013054830287206266,collecTRI
1833,,,,gsea_estimate,mcauprc,0.5324604511260986,0.0013054830287206266,collecTRI
1834,,,,gsea_estimate,mcauprc,0.538208544254303,0.0013054830287206266,collecTRI
1835,,,,gsea_estimate,mcauprc,0.5611404776573181,0.0013054830287206266,collecTRI
1836,,,,gsea_estimate,mcauprc,0.5238282680511475,0.0013054830287206266,collecTRI
1837,,,,gsea_estimate,mcauprc,0.5528900027275085,0.0013054830287206266,collecTRI
1838,,,,gsea_estimate,mcauprc,0.5559883117675781,0.0013054830287206266,collecTRI
1839,,,,gsea_estimate,mcauprc,0.5913386344909668,0.0013054830287206266,collecTRI
1840,,,,gsea_estimate,mcauprc,0.5299020409584045,0.0013054830287206266,collecTRI
1841,,,,gsea_estimate,mcauprc,0.5381388664245605,0.0013054830287206266,collecTRI
1842,,,,gsea_estimate,mcauprc,0.5434984564781189,0.0013054830287206266,collecTRI
1843,,,,gsea_estimate,mcauprc,0.570405900478363,0.0013054830287206266,collecTRI
1844,,,,gsea_estimate,mcauprc,0.5455676317214966,0.0013054830287206266,collecTRI
1845,,,,gsea_estimate,mcauprc,0.551227867603302,0.0013054830287206266,collecTRI
1846,,,,gsea_estimate,mcauprc,0.5327723622322083,0.0013054830287206266,collecTRI
1847,,,,gsea_estimate,mcauprc,0.5496467351913452,0.0013054830287206266,collecTRI
1848,,,,gsea_estimate,mcauprc,0.5517686009407043,0.0013054830287206266,collecTRI
1849,,,,gsea_estimate,mcauprc,0.5636757612228394,0.0013054830287206266,collecTRI
1850,,,,gsea_estimate,mcauprc,0.5426441431045532,0.0013054830287206266,collecTRI
1851,,,,gsea_estimate,mcauprc,0.5681647062301636,0.0013054830287206266,collecTRI
1852,,,,gsea_estimate,mcauprc,0.5531197190284729,0.0013054830287206266,collecTRI
1853,,,,gsea_estimate,mcauprc,0.5499434471130371,0.0013054830287206266,collecTRI
1854,,,,gsea_estimate,mcauprc,0.5533347725868225,0.0013054830287206266,collecTRI
1855,,,,gsea_estimate,mcauprc,0.5539970397949219,0.0013054830287206266,collecTRI
1856,,,,gsea_estimate,mcauprc,0.5462170243263245,0.0013054830287206266,collecTRI
1857,,,,gsea_estimate,mcauprc,0.5426046252250671,0.0013054830287206266,collecTRI
1858,,,,gsea_estimate,mcauprc,0.5667892098426819,0.0013054830287206266,collecTRI
1859,,,,gsea_estimate,mcauprc,0.5555438995361328,0.0013054830287206266,collecTRI
1860,,,,gsea_estimate,mcauprc,0.5665956735610962,0.0013054830287206266,collecTRI
1861,,,,gsea_estimate,mcauprc,0.5432510375976562,0.0013054830287206266,collecTRI
1862,,,,gsea_estimate,mcauprc,0.5406873822212219,0.0013054830287206266,collecTRI
1863,,,,gsea_estimate,mcauprc,0.5453864336013794,0.0013054830287206266,collecTRI
1864,,,,gsea_estimate,mcauprc,0.5558857321739197,0.0013054830287206266,collecTRI
1865,,,,gsea_estimate,mcauprc,0.5325364470481873,0.0013054830287206266,collecTRI
1866,,,,gsea_estimate,mcauprc,0.566798746585846,0.0013054830287206266,collecTRI
1867,,,,gsea_estimate,mcauprc,0.5440694689750671,0.0013054830287206266,collecTRI
1868,,,,gsea_estimate,mcauprc,0.5641446709632874,0.0013054830287206266,collecTRI
1869,,,,gsea_estimate,mcauprc,0.5645107626914978,0.0013054830287206266,collecTRI
1870,,,,gsea_estimate,mcauprc,0.5578480362892151,0.0013054830287206266,collecTRI
1871,,,,gsea_estimate,mcauprc,0.5598840713500977,0.0013054830287206266,collecTRI
1872,,,,gsea_estimate,mcauprc,0.5437588691711426,0.0013054830287206266,collecTRI
1873,,,,gsea_estimate,mcauprc,0.551315426826477,0.0013054830287206266,collecTRI
1874,,,,gsea_estimate,mcauprc,0.5850868821144104,0.0013054830287206266,collecTRI
1875,,,,gsea_estimate,mcauprc,0.5497868061065674,0.0013054830287206266,collecTRI
1876,,,,gsea_estimate,mcauprc,0.5420708656311035,0.0013054830287206266,collecTRI
1877,,,,gsea_estimate,mcauprc,0.5381229519844055,0.0013054830287206266,collecTRI
1878,,,,gsea_estimate,mcauprc,0.5344864726066589,0.0013054830287206266,collecTRI
1879,,,,gsea_estimate,mcauprc,0.5495652556419373,0.0013054830287206266,collecTRI
1880,,,,gsea_estimate,mcauprc,0.5250489711761475,0.0013054830287206266,collecTRI
1881,,,,gsea_estimate,mcauprc,0.5625466704368591,0.0013054830287206266,collecTRI
1882,,,,gsea_estimate,mcauprc,0.5261666774749756,0.0013054830287206266,collecTRI
1883,,,,gsea_estimate,mcauprc,0.528649091720581,0.0013054830287206266,collecTRI
1884,,,,gsea_estimate,mcauprc,0.5522027611732483,0.0013054830287206266,collecTRI
1885,,,,gsea_estimate,mcauprc,0.6051182746887207,0.0013054830287206266,collecTRI
1886,,,,gsea_estimate,mcauprc,0.5814006328582764,0.0013054830287206266,collecTRI
1887,,,,gsea_estimate,mcauprc,0.5496813654899597,0.0013054830287206266,collecTRI
1888,,,,gsea_estimate,mcauprc,0.5649158954620361,0.0013054830287206266,collecTRI
1889,,,,gsea_estimate,mcauprc,0.5420691967010498,0.0013054830287206266,collecTRI
1890,,,,gsea_estimate,mcauprc,0.5526466965675354,0.0013054830287206266,collecTRI
1891,,,,gsea_estimate,mcauprc,0.5134109258651733,0.0013054830287206266,collecTRI
1892,,,,gsea_estimate,mcauprc,0.5277113914489746,0.0013054830287206266,collecTRI
1893,,,,gsea_estimate,mcauprc,0.5409660935401917,0.0013054830287206266,collecTRI
1894,,,,gsea_estimate,mcauprc,0.536942720413208,0.0013054830287206266,collecTRI
1895,,,,gsea_estimate,mcauprc,0.5623070597648621,0.0013054830287206266,collecTRI
1896,,,,gsea_estimate,mcauprc,0.5316265225410461,0.0013054830287206266,collecTRI
1897,,,,gsea_estimate,mcauprc,0.5724213719367981,0.0013054830287206266,collecTRI
1898,,,,gsea_estimate,mcauprc,0.563546895980835,0.0013054830287206266,collecTRI
1899,,,,gsea_estimate,mcauprc,0.525664746761322,0.0013054830287206266,collecTRI
1900,,,,gsea_estimate,mcauprc,0.5505117774009705,0.0013054830287206266,collecTRI
1901,,,,gsea_estimate,mcauprc,0.5546526312828064,0.0013054830287206266,collecTRI
1902,,,,gsea_estimate,mcauprc,0.518441915512085,0.0013054830287206266,collecTRI
1903,,,,gsea_estimate,mcauprc,0.5499786734580994,0.0013054830287206266,collecTRI
1904,,,,gsea_estimate,mcauprc,0.5316428542137146,0.0013054830287206266,collecTRI
1905,,,,gsea_estimate,mcauprc,0.5244775414466858,0.0013054830287206266,collecTRI
1906,,,,gsea_estimate,mcauprc,0.5325936079025269,0.0013054830287206266,collecTRI
1907,,,,gsea_estimate,mcauprc,0.5519644021987915,0.0013054830287206266,collecTRI
1908,,,,gsea_estimate,mcauprc,0.553758978843689,0.0013054830287206266,collecTRI
1909,,,,gsea_estimate,mcauprc,0.5415666699409485,0.0013054830287206266,collecTRI
1910,,,,gsea_estimate,mcauprc,0.5162554383277893,0.0013054830287206266,collecTRI
1911,,,,gsea_estimate,mcauprc,0.5474672317504883,0.0013054830287206266,collecTRI
1912,,,,gsea_estimate,mcauprc,0.5508517622947693,0.0013054830287206266,collecTRI
1913,,,,gsea_estimate,mcauprc,0.5763183832168579,0.0013054830287206266,collecTRI
1914,,,,gsea_estimate,mcauprc,0.5839473605155945,0.0013054830287206266,collecTRI
1915,,,,gsea_estimate,mcauprc,0.5542420744895935,0.0013054830287206266,collecTRI
1916,,,,gsea_estimate,mcauprc,0.575877845287323,0.0013054830287206266,collecTRI
1917,,,,gsea_estimate,mcauprc,0.5675784349441528,0.0013054830287206266,collecTRI
1918,,,,gsea_estimate,mcauprc,0.534807562828064,0.0013054830287206266,collecTRI
1919,,,,gsea_estimate,mcauprc,0.5423980355262756,0.0013054830287206266,collecTRI
1920,,,,gsea_estimate,mcauprc,0.5441234707832336,0.0013054830287206266,collecTRI
1921,,,,gsea_estimate,mcauprc,0.5419690012931824,0.0013054830287206266,collecTRI
1922,,,,gsea_estimate,mcauprc,0.5813125371932983,0.0013054830287206266,collecTRI
1923,,,,gsea_estimate,mcauprc,0.5632270574569702,0.0013054830287206266,collecTRI
1924,,,,gsea_estimate,mcauprc,0.5525826811790466,0.0013054830287206266,collecTRI
1925,,,,gsea_estimate,mcauprc,0.5422268509864807,0.0013054830287206266,collecTRI
1926,,,,gsea_estimate,mcauprc,0.5612959265708923,0.0013054830287206266,collecTRI
1927,,,,gsea_estimate,mcauprc,0.5735234022140503,0.0013054830287206266,collecTRI
1928,,,,gsea_estimate,mcauprc,0.573701024055481,0.0013054830287206266,collecTRI
1929,,,,gsea_estimate,mcauprc,0.5465826988220215,0.0013054830287206266,collecTRI
1930,,,,gsea_estimate,mcauprc,0.5520730018615723,0.0013054830287206266,collecTRI
1931,,,,gsea_estimate,mcauprc,0.5360808372497559,0.0013054830287206266,collecTRI
1932,,,,gsea_estimate,mcauprc,0.570426881313324,0.0013054830287206266,collecTRI
1933,,,,gsea_estimate,mcauprc,0.5542187094688416,0.0013054830287206266,collecTRI
1934,,,,gsea_estimate,mcauprc,0.5256943106651306,0.0013054830287206266,collecTRI
1935,,,,gsea_estimate,mcauprc,0.5636188983917236,0.0013054830287206266,collecTRI
1936,,,,gsea_estimate,mcauprc,0.538046658039093,0.0013054830287206266,collecTRI
1937,,,,gsea_estimate,mcauprc,0.5473852157592773,0.0013054830287206266,collecTRI
1938,,,,gsea_estimate,mcauprc,0.5638977885246277,0.0013054830287206266,collecTRI
1939,,,,gsea_estimate,mcauprc,0.5389753580093384,0.0013054830287206266,collecTRI
1940,,,,gsea_estimate,mcauprc,0.5699113011360168,0.0013054830287206266,collecTRI
1941,,,,gsea_estimate,mcauprc,0.5373836159706116,0.0013054830287206266,collecTRI
1942,,,,gsea_estimate,mcauprc,0.5584492087364197,0.0013054830287206266,collecTRI
1943,,,,gsea_estimate,mcauprc,0.5425624847412109,0.0013054830287206266,collecTRI
1944,,,,gsea_estimate,mcauprc,0.5490881204605103,0.0013054830287206266,collecTRI
1945,,,,gsea_estimate,mcauprc,0.5458685755729675,0.0013054830287206266,collecTRI
1946,,,,gsea_estimate,mcauprc,0.5388513207435608,0.0013054830287206266,collecTRI
1947,,,,gsea_estimate,mcauprc,0.528491735458374,0.0013054830287206266,collecTRI
1948,,,,gsea_estimate,mcauprc,0.5633314847946167,0.0013054830287206266,collecTRI
1949,,,,gsea_estimate,mcauprc,0.5471797585487366,0.0013054830287206266,collecTRI
1950,,,,gsea_estimate,mcauprc,0.5801058411598206,0.0013054830287206266,collecTRI
1951,,,,gsea_estimate,mcauprc,0.5379482507705688,0.0013054830287206266,collecTRI
1952,,,,gsea_estimate,mcauprc,0.5592468976974487,0.0013054830287206266,collecTRI
1953,,,,gsea_estimate,mcauprc,0.518817663192749,0.0013054830287206266,collecTRI
1954,,,,gsea_estimate,mcauprc,0.5770283341407776,0.0013054830287206266,collecTRI
1955,,,,gsea_estimate,mcauprc,0.5673849582672119,0.0013054830287206266,collecTRI
1956,,,,gsea_estimate,mcauprc,0.5371442437171936,0.0013054830287206266,collecTRI
1957,,,,gsea_estimate,mcauprc,0.5683444142341614,0.0013054830287206266,collecTRI
1958,,,,gsea_estimate,mcauprc,0.5492635369300842,0.0013054830287206266,collecTRI
1959,,,,gsea_estimate,mcauprc,0.5416859984397888,0.0013054830287206266,collecTRI
1960,,,,gsea_estimate,mcauprc,0.5461391806602478,0.0013054830287206266,collecTRI
1961,,,,gsea_estimate,mcauprc,0.5789426565170288,0.0013054830287206266,collecTRI
1962,,,,gsea_estimate,mcauprc,0.5418867468833923,0.0013054830287206266,collecTRI
1963,,,,gsea_estimate,mcauprc,0.5487586855888367,0.0013054830287206266,collecTRI
1964,,,,gsea_estimate,mcauprc,0.5476733446121216,0.0013054830287206266,collecTRI
1965,,,,gsea_estimate,mcauprc,0.5603787302970886,0.0013054830287206266,collecTRI
1966,,,,gsea_estimate,mcauprc,0.5734557509422302,0.0013054830287206266,collecTRI
1967,,,,gsea_estimate,mcauprc,0.548008918762207,0.0013054830287206266,collecTRI
1968,,,,gsea_estimate,mcauprc,0.5637338161468506,0.0013054830287206266,collecTRI
1969,,,,gsea_estimate,mcauprc,0.5385051965713501,0.0013054830287206266,collecTRI
1970,,,,gsea_estimate,mcauprc,0.5542375445365906,0.0013054830287206266,collecTRI
1971,,,,gsea_estimate,mcauprc,0.532819390296936,0.0013054830287206266,collecTRI
1972,,,,gsea_estimate,mcauprc,0.5415539741516113,0.0013054830287206266,collecTRI
1973,,,,gsea_estimate,mcauprc,0.5491012334823608,0.0013054830287206266,collecTRI
1974,,,,gsea_estimate,mcauprc,0.5733032822608948,0.0013054830287206266,collecTRI
1975,,,,gsea_estimate,mcauprc,0.5973398685455322,0.0013054830287206266,collecTRI
1976,,,,gsea_estimate,mcauprc,0.5518975853919983,0.0013054830287206266,collecTRI
1977,,,,gsea_estimate,mcauprc,0.5739506483078003,0.0013054830287206266,collecTRI
1978,,,,gsea_estimate,mcauprc,0.5162156224250793,0.0013054830287206266,collecTRI
1979,,,,gsea_estimate,mcauprc,0.5656857490539551,0.0013054830287206266,collecTRI
1980,,,,gsea_estimate,mcauprc,0.5717819929122925,0.0013054830287206266,collecTRI
1981,,,,gsea_estimate,mcauprc,0.5328495502471924,0.0013054830287206266,collecTRI
1982,,,,gsea_estimate,mcauprc,0.5257530808448792,0.0013054830287206266,collecTRI
1983,,,,gsea_estimate,mcauprc,0.5101419687271118,0.0013054830287206266,collecTRI
1984,,,,gsea_estimate,mcauprc,0.5751028060913086,0.0013054830287206266,collecTRI
1985,,,,gsea_estimate,mcauprc,0.5702882409095764,0.0013054830287206266,collecTRI
1986,,,,gsea_estimate,mcauprc,0.5487477779388428,0.0013054830287206266,collecTRI
1987,,,,gsea_estimate,mcauprc,0.5248777270317078,0.0013054830287206266,collecTRI
1988,,,,gsea_estimate,mcauprc,0.5690110921859741,0.0013054830287206266,collecTRI
1989,,,,gsea_estimate,mcauprc,0.5130884647369385,0.0013054830287206266,collecTRI
1990,,,,gsea_estimate,mcauprc,0.5730030536651611,0.0013054830287206266,collecTRI
1991,,,,gsea_estimate,mcauprc,0.5347197651863098,0.0013054830287206266,collecTRI
1992,,,,gsea_estimate,mcauprc,0.5327591896057129,0.0013054830287206266,collecTRI
1993,,,,gsea_estimate,mcauprc,0.546745240688324,0.0013054830287206266,collecTRI
1994,,,,gsea_estimate,mcauprc,0.5640389323234558,0.0013054830287206266,collecTRI
1995,,,,gsea_estimate,mcauprc,0.5228005647659302,0.0013054830287206266,collecTRI
1996,,,,gsea_estimate,mcauprc,0.5286644697189331,0.0013054830287206266,collecTRI
1997,,,,gsea_estimate,mcauprc,0.5578247904777527,0.0013054830287206266,collecTRI
1998,,,,gsea_estimate,mcauprc,0.5480604767799377,0.0013054830287206266,collecTRI
1999,,,,gsea_estimate,mcauprc,0.5340127348899841,0.0013054830287206266,collecTRI
2000,,,,gsea_estimate,mcauprc,0.5714702010154724,0.0013054830287206266,collecTRI
2001,,,,gsea_estimate,mcauprc,0.5584766864776611,0.0013054830287206266,collecTRI
2002,,,,gsea_estimate,rank,541.0,,collecTRI
2003,,,,gsea_estimate,rank,358.0,,collecTRI
2004,,,,gsea_estimate,rank,470.0,,collecTRI
2005,,,,gsea_estimate,rank,323.0,,collecTRI
2006,,,,gsea_estimate,rank,341.0,,collecTRI
2007,,,,gsea_estimate,rank,378.0,,collecTRI
2008,,,,gsea_estimate,rank,272.0,,collecTRI
2009,,,,gsea_estimate,rank,380.0,,collecTRI
2010,,,,gsea_estimate,rank,458.0,,collecTRI
2011,,,,gsea_estimate,rank,286.0,,collecTRI
2012,,,,gsea_estimate,rank,267.0,,collecTRI
2013,,,,gsea_estimate,rank,262.0,,collecTRI
2014,,,,gsea_estimate,rank,180.0,,collecTRI
2015,,,,gsea_estimate,rank,124.0,,collecTRI
2016,,,,gsea_estimate,rank,286.0,,collecTRI
2017,,,,gsea_estimate,rank,326.0,,collecTRI
2018,,,,gsea_estimate,rank,315.0,,collecTRI
2019,,,,gsea_estimate,rank,437.0,,collecTRI
2020,,,,gsea_estimate,rank,243.0,,collecTRI
2021,,,,gsea_estimate,rank,112.0,,collecTRI
2022,,,,gsea_estimate,rank,705.0,,collecTRI
2023,,,,gsea_estimate,rank,547.0,,collecTRI
2024,,,,gsea_estimate,rank,454.0,,collecTRI
2025,,,,gsea_estimate,rank,312.0,,collecTRI
2026,,,,gsea_estimate,rank,307.0,,collecTRI
2027,,,,gsea_estimate,rank,456.0,,collecTRI
2028,,,,gsea_estimate,rank,388.0,,collecTRI
2029,,,,gsea_estimate,rank,77.0,,collecTRI
2030,,,,gsea_estimate,rank,688.0,,collecTRI
2031,,,,gsea_estimate,rank,579.0,,collecTRI
2032,,,,gsea_estimate,rank,111.0,,collecTRI
2033,,,,gsea_estimate,rank,267.0,,collecTRI
2034,,,,gsea_estimate,rank,248.0,,collecTRI
2035,,,,gsea_estimate,rank,593.0,,collecTRI
2036,,,,gsea_estimate,rank,289.0,,collecTRI
2037,,,,gsea_estimate,rank,538.0,,collecTRI
2038,,,,gsea_estimate,rank,467.0,,collecTRI
2039,,,,gsea_estimate,rank,311.0,,collecTRI
2040,,,,gsea_estimate,rank,75.0,,collecTRI
2041,,,,gsea_estimate,rank,166.0,,collecTRI
2042,,,,gsea_estimate,rank,309.0,,collecTRI
2043,,,,gsea_estimate,rank,392.0,,collecTRI
2044,,,,gsea_estimate,rank,571.0,,collecTRI
2045,,,,gsea_estimate,rank,422.0,,collecTRI
2046,,,,gsea_estimate,rank,510.0,,collecTRI
2047,,,,gsea_estimate,rank,142.0,,collecTRI
2048,,,,gsea_estimate,rank,480.0,,collecTRI
2049,,,,gsea_estimate,rank,597.0,,collecTRI
2050,,,,gsea_estimate,rank,524.0,,collecTRI
2051,,,,gsea_estimate,rank,544.0,,collecTRI
2052,,,,gsea_estimate,rank,226.0,,collecTRI
2053,,,,gsea_estimate,rank,258.0,,collecTRI
2054,,,,gsea_estimate,rank,147.0,,collecTRI
2055,,,,gsea_estimate,rank,170.0,,collecTRI
2056,,,,gsea_estimate,rank,381.0,,collecTRI
2057,,,,gsea_estimate,rank,100.0,,collecTRI
2058,,,,gsea_estimate,rank,95.0,,collecTRI
2059,,,,gsea_estimate,rank,350.0,,collecTRI
2060,,,,gsea_estimate,rank,241.0,,collecTRI
2061,,,,gsea_estimate,rank,707.0,,collecTRI
2062,,,,gsea_estimate,rank,340.0,,collecTRI
2063,,,,gsea_estimate,rank,289.0,,collecTRI
2064,,,,gsea_estimate,rank,20.0,,collecTRI
2065,,,,gsea_estimate,rank,239.0,,collecTRI
2066,,,,gsea_estimate,rank,35.0,,collecTRI
2067,,,,gsea_estimate,rank,99.0,,collecTRI
2068,,,,gsea_estimate,rank,761.0,,collecTRI
2069,,,,gsea_estimate,rank,669.0,,collecTRI
2070,,,,gsea_estimate,rank,150.0,,collecTRI
2071,,,,gsea_estimate,rank,763.0,,collecTRI
2072,,,,gsea_estimate,rank,50.0,,collecTRI
2073,,,,gsea_estimate,rank,225.0,,collecTRI
2074,,,,gsea_estimate,rank,421.0,,collecTRI
2075,,,,gsea_estimate,rank,85.0,,collecTRI
2076,,,,gsea_estimate,rank,32.0,,collecTRI
2077,,,,gsea_estimate,rank,416.0,,collecTRI
2078,,,,gsea_estimate,rank,109.0,,collecTRI
2079,,,,gsea_estimate,rank,144.0,,collecTRI
2080,,,,gsea_estimate,rank,179.0,,collecTRI
2081,,,,gsea_estimate,rank,363.0,,collecTRI
2082,,,,gsea_estimate,rank,145.0,,collecTRI
2083,,,,gsea_estimate,rank,311.0,,collecTRI
2084,,,,gsea_estimate,rank,367.0,,collecTRI
2085,,,,gsea_estimate,rank,132.0,,collecTRI
2086,,,,gsea_estimate,rank,741.0,,collecTRI
2087,,,,gsea_estimate,rank,585.0,,collecTRI
2088,,,,gsea_estimate,rank,87.0,,collecTRI
2089,,,,gsea_estimate,rank,174.0,,collecTRI
2090,,,,gsea_estimate,rank,83.0,,collecTRI
2091,,,,gsea_estimate,rank,196.0,,collecTRI
2092,,,,gsea_estimate,rank,342.0,,collecTRI
2093,,,,gsea_estimate,rank,269.0,,collecTRI
2094,,,,gsea_estimate,rank,210.0,,collecTRI
2095,,,,gsea_estimate,rank,439.0,,collecTRI
2096,,,,gsea_estimate,rank,40.0,,collecTRI
2097,,,,gsea_estimate,rank,257.0,,collecTRI
2098,,,,gsea_estimate,rank,260.0,,collecTRI
2099,,,,gsea_estimate,rank,376.0,,collecTRI
2100,,,,gsea_estimate,rank,285.0,,collecTRI
2101,,,,gsea_estimate,rank,229.0,,collecTRI
2102,,,,gsea_estimate,rank,135.0,,collecTRI
2103,,,,gsea_estimate,rank,761.0,,collecTRI
2104,,,,gsea_estimate,rank,9.0,,collecTRI
2105,,,,gsea_estimate,rank,27.0,,collecTRI
2106,,,,gsea_estimate,rank,161.0,,collecTRI
2107,,,,gsea_estimate,rank,205.0,,collecTRI
2108,,,,gsea_estimate,rank,225.0,,collecTRI
2109,,,,gsea_estimate,rank,129.0,,collecTRI
2110,,,,gsea_estimate,rank,214.0,,collecTRI
2111,,,,gsea_estimate,rank,317.0,,collecTRI
2112,,,,gsea_estimate,rank,223.0,,collecTRI
2113,,,,gsea_estimate,rank,103.0,,collecTRI
2114,,,,gsea_estimate,rank,143.0,,collecTRI
2115,,,,gsea_estimate,rank,225.0,,collecTRI
2116,,,,gsea_estimate,rank,121.0,,collecTRI
2117,,,,gsea_estimate,rank,209.0,,collecTRI
2118,,,,gsea_estimate,rank,498.0,,collecTRI
2119,,,,gsea_estimate,rank,438.0,,collecTRI
2120,,,,gsea_estimate,rank,153.0,,collecTRI
2121,,,,gsea_estimate,rank,211.0,,collecTRI
2122,,,,gsea_estimate,rank,318.0,,collecTRI
2123,,,,gsea_estimate,rank,47.0,,collecTRI
2124,,,,gsea_estimate,rank,133.0,,collecTRI
2125,,,,gsea_estimate,rank,192.0,,collecTRI
2126,,,,gsea_estimate,rank,511.0,,collecTRI
2127,,,,gsea_estimate,rank,454.0,,collecTRI
2128,,,,gsea_estimate,rank,287.0,,collecTRI
2129,,,,gsea_estimate,rank,62.0,,collecTRI
2130,,,,gsea_estimate,rank,104.0,,collecTRI
2131,,,,gsea_estimate,rank,257.0,,collecTRI
2132,,,,gsea_estimate,rank,262.0,,collecTRI
2133,,,,gsea_estimate,rank,13.0,,collecTRI
2134,,,,gsea_estimate,rank,274.0,,collecTRI
2135,,,,gsea_estimate,rank,742.0,,collecTRI
2136,,,,gsea_estimate,rank,79.0,,collecTRI
2137,,,,gsea_estimate,rank,230.0,,collecTRI
2138,,,,gsea_estimate,rank,460.0,,collecTRI
2139,,,,gsea_estimate,rank,460.0,,collecTRI
2140,,,,gsea_estimate,rank,97.0,,collecTRI
2141,,,,gsea_estimate,rank,72.0,,collecTRI
2142,,,,gsea_estimate,rank,74.0,,collecTRI
2143,,,,gsea_estimate,rank,210.0,,collecTRI
2144,,,,gsea_estimate,rank,210.0,,collecTRI
2145,,,,gsea_estimate,rank,6.0,,collecTRI
2146,,,,gsea_estimate,rank,674.0,,collecTRI
2147,,,,gsea_estimate,rank,259.0,,collecTRI
2148,,,,gsea_estimate,rank,761.0,,collecTRI
2149,,,,gsea_estimate,rank,756.0,,collecTRI
2150,,,,gsea_estimate,rank,224.0,,collecTRI
2151,,,,gsea_estimate,rank,525.0,,collecTRI
2152,,,,gsea_estimate,rank,47.0,,collecTRI
2153,,,,gsea_estimate,rank,335.0,,collecTRI
2154,,,,gsea_estimate,rank,94.0,,collecTRI
2155,,,,gsea_estimate,rank,239.0,,collecTRI
2156,,,,gsea_estimate,rank,364.0,,collecTRI
2157,,,,gsea_estimate,rank,519.0,,collecTRI
2158,,,,gsea_estimate,rank,452.0,,collecTRI
2159,,,,gsea_estimate,rank,223.0,,collecTRI
2160,,,,gsea_estimate,rank,117.0,,collecTRI
2161,,,,gsea_estimate,rank,182.0,,collecTRI
2162,,,,gsea_estimate,rank,177.0,,collecTRI
2163,,,,gsea_estimate,rank,585.0,,collecTRI
2164,,,,gsea_estimate,rank,358.0,,collecTRI
2165,,,,gsea_estimate,rank,490.0,,collecTRI
2166,,,,gsea_estimate,rank,19.0,,collecTRI
2167,,,,gsea_estimate,rank,714.0,,collecTRI
2168,,,,gsea_estimate,rank,332.0,,collecTRI
2169,,,,gsea_estimate,rank,640.0,,collecTRI
2170,,,,gsea_estimate,rank,442.0,,collecTRI
2171,,,,gsea_estimate,rank,81.0,,collecTRI
2172,,,,gsea_estimate,rank,263.0,,collecTRI
2173,,,,gsea_estimate,rank,87.0,,collecTRI
2174,,,,gsea_estimate,rank,194.0,,collecTRI
2175,,,,gsea_estimate,rank,515.0,,collecTRI
2176,,,,gsea_estimate,rank,591.0,,collecTRI
2177,,,,gsea_estimate,rank,486.0,,collecTRI
2178,,,,gsea_estimate,rank,87.0,,collecTRI
2179,,,,gsea_estimate,rank,141.0,,collecTRI
2180,,,,gsea_estimate,rank,10.0,,collecTRI
2181,,,,gsea_estimate,rank,523.0,,collecTRI
2182,,,,gsea_estimate,rank,197.0,,collecTRI
2183,,,,gsea_estimate,rank,383.0,,collecTRI
2184,,,,gsea_estimate,rank,417.0,,collecTRI
2185,,,,gsea_estimate,rank,355.0,,collecTRI
2186,,,,gsea_estimate,rank,312.0,,collecTRI
2187,,,,gsea_estimate,rank,720.0,,collecTRI
2188,,,,gsea_estimate,rank,162.0,,collecTRI
2189,,,,gsea_estimate,rank,351.0,,collecTRI
2190,,,,gsea_estimate,rank,181.0,,collecTRI
2191,,,,gsea_estimate,rank,219.0,,collecTRI
2192,,,,gsea_estimate,rank,224.0,,collecTRI
2193,,,,gsea_estimate,rank,429.0,,collecTRI
2194,,,,gsea_estimate,rank,319.0,,collecTRI
2195,,,,gsea_estimate,rank,406.0,,collecTRI
2196,,,,gsea_estimate,rank,574.0,,collecTRI
2197,,,,gsea_estimate,rank,315.0,,collecTRI
2198,,,,gsea_estimate,rank,370.0,,collecTRI
2199,,,,gsea_estimate,rank,223.0,,collecTRI
2200,,,,gsea_estimate,rank,648.0,,collecTRI
2201,,,,gsea_estimate,rank,161.0,,collecTRI
2202,,,,gsea_estimate,rank,541.0,,collecTRI
2203,,,,gsea_estimate,rank,639.0,,collecTRI
2204,,,,gsea_estimate,rank,45.0,,collecTRI
2205,,,,gsea_estimate,rank,236.0,,collecTRI
2206,,,,gsea_estimate,rank,146.0,,collecTRI
2207,,,,gsea_estimate,rank,316.0,,collecTRI
2208,,,,gsea_estimate,rank,194.0,,collecTRI
2209,,,,gsea_estimate,rank,165.0,,collecTRI
2210,,,,gsea_estimate,rank,107.0,,collecTRI
2211,,,,gsea_estimate,rank,244.0,,collecTRI
2212,,,,gsea_estimate,rank,172.0,,collecTRI
2213,,,,gsea_estimate,rank,521.0,,collecTRI
2214,,,,gsea_estimate,rank,704.0,,collecTRI
2215,,,,gsea_estimate,rank,324.0,,collecTRI
2216,,,,gsea_estimate,rank,193.0,,collecTRI
2217,,,,gsea_estimate,rank,35.0,,collecTRI
2218,,,,gsea_estimate,rank,133.0,,collecTRI
2219,,,,gsea_estimate,rank,402.0,,collecTRI
2220,,,,gsea_estimate,rank,64.0,,collecTRI
2221,,,,gsea_estimate,rank,376.0,,collecTRI
2222,,,,gsea_estimate,rank,88.0,,collecTRI
2223,,,,gsea_estimate,rank,167.0,,collecTRI
2224,,,,gsea_estimate,rank,255.0,,collecTRI
2225,,,,gsea_estimate,rank,294.0,,collecTRI
2226,,,,gsea_estimate,rank,165.0,,collecTRI
2227,,,,gsea_estimate,rank,70.0,,collecTRI
2228,,,,gsea_estimate,rank,172.0,,collecTRI
2229,,,,gsea_estimate,rank,238.0,,collecTRI
2230,,,,gsea_estimate,rank,129.0,,collecTRI
2231,,,,gsea_estimate,rank,274.0,,collecTRI
2232,,,,gsea_estimate,rank,221.0,,collecTRI
2233,,,,gsea_estimate,rank,204.0,,collecTRI
2234,,,,gsea_estimate,rank,138.0,,collecTRI
2235,,,,gsea_estimate,rank,237.0,,collecTRI
2236,,,,gsea_estimate,rank,61.0,,collecTRI
2237,,,,gsea_estimate,rank,294.0,,collecTRI
2238,,,,gsea_estimate,rank,305.0,,collecTRI
2239,,,,gsea_estimate,rank,454.0,,collecTRI
2240,,,,gsea_estimate,rank,325.0,,collecTRI
2241,,,,gsea_estimate,rank,101.0,,collecTRI
2242,,,,gsea_estimate,rank,209.0,,collecTRI
2243,,,,gsea_estimate,rank,211.0,,collecTRI
2244,,,,gsea_estimate,rank,299.0,,collecTRI
2245,,,,gsea_estimate,rank,764.0,,collecTRI
2246,,,,gsea_estimate,rank,115.0,,collecTRI
2247,,,,gsea_estimate,rank,674.0,,collecTRI
2248,,,,gsea_estimate,rank,106.0,,collecTRI
2249,,,,gsea_estimate,rank,151.0,,collecTRI
2250,,,,gsea_estimate,rank,94.0,,collecTRI
2251,,,,gsea_estimate,rank,3.0,,collecTRI
2252,,,,gsea_estimate,rank,447.0,,collecTRI
2253,,,,gsea_estimate,rank,241.0,,collecTRI
2254,,,,gsea_estimate,rank,149.0,,collecTRI
2255,,,,gsea_estimate,rank,567.0,,collecTRI
2256,,,,gsea_estimate,rank,403.0,,collecTRI
2257,,,,gsea_estimate,rank,313.0,,collecTRI
2258,,,,gsea_estimate,rank,103.0,,collecTRI
2259,,,,gsea_estimate,rank,438.0,,collecTRI
2260,,,,gsea_estimate,rank,326.0,,collecTRI
2261,,,,gsea_estimate,rank,341.0,,collecTRI
2262,,,,gsea_estimate,rank,407.0,,collecTRI
2263,,,,gsea_estimate,rank,332.0,,collecTRI
2264,,,,gsea_estimate,rank,390.0,,collecTRI
2265,,,,gsea_estimate,rank,108.0,,collecTRI
2266,,,,gsea_estimate,rank,355.0,,collecTRI
2267,,,,gsea_estimate,rank,672.0,,collecTRI
2268,,,,gsea_estimate,rank,83.0,,collecTRI
2269,,,,gsea_estimate,rank,91.0,,collecTRI
2270,,,,gsea_estimate,rank,472.0,,collecTRI
2271,,,,gsea_estimate,rank,89.0,,collecTRI
2272,,,,gsea_estimate,rank,282.0,,collecTRI
2273,,,,gsea_estimate,rank,16.0,,collecTRI
2274,,,,gsea_estimate,rank,493.0,,collecTRI
2275,,,,gsea_estimate,rank,320.0,,collecTRI
2276,,,,gsea_estimate,rank,584.0,,collecTRI
2277,,,,gsea_estimate,rank,212.0,,collecTRI
2278,,,,gsea_estimate,rank,528.0,,collecTRI
2279,,,,gsea_estimate,rank,303.0,,collecTRI
2280,,,,gsea_estimate,rank,400.0,,collecTRI
2281,,,,gsea_estimate,nrank,0.7058823529411765,,collecTRI
2282,,,,gsea_estimate,nrank,0.4666666666666667,,collecTRI
2283,,,,gsea_estimate,nrank,0.6130718954248366,,collecTRI
2284,,,,gsea_estimate,nrank,0.42091503267973857,,collecTRI
2285,,,,gsea_estimate,nrank,0.4444444444444444,,collecTRI
2286,,,,gsea_estimate,nrank,0.4928104575163399,,collecTRI
2287,,,,gsea_estimate,nrank,0.3542483660130719,,collecTRI
2288,,,,gsea_estimate,nrank,0.4954248366013072,,collecTRI
2289,,,,gsea_estimate,nrank,0.5973856209150327,,collecTRI
2290,,,,gsea_estimate,nrank,0.37254901960784315,,collecTRI
2291,,,,gsea_estimate,nrank,0.3477124183006536,,collecTRI
2292,,,,gsea_estimate,nrank,0.3411764705882353,,collecTRI
2293,,,,gsea_estimate,nrank,0.23398692810457516,,collecTRI
2294,,,,gsea_estimate,nrank,0.1607843137254902,,collecTRI
2295,,,,gsea_estimate,nrank,0.37254901960784315,,collecTRI
2296,,,,gsea_estimate,nrank,0.42483660130718953,,collecTRI
2297,,,,gsea_estimate,nrank,0.41045751633986927,,collecTRI
2298,,,,gsea_estimate,nrank,0.5699346405228758,,collecTRI
2299,,,,gsea_estimate,nrank,0.31633986928104574,,collecTRI
2300,,,,gsea_estimate,nrank,0.1450980392156863,,collecTRI
2301,,,,gsea_estimate,nrank,0.9202614379084967,,collecTRI
2302,,,,gsea_estimate,nrank,0.7137254901960784,,collecTRI
2303,,,,gsea_estimate,nrank,0.592156862745098,,collecTRI
2304,,,,gsea_estimate,nrank,0.4065359477124183,,collecTRI
2305,,,,gsea_estimate,nrank,0.4,,collecTRI
2306,,,,gsea_estimate,nrank,0.5947712418300654,,collecTRI
2307,,,,gsea_estimate,nrank,0.5058823529411764,,collecTRI
2308,,,,gsea_estimate,nrank,0.09934640522875816,,collecTRI
2309,,,,gsea_estimate,nrank,0.8980392156862745,,collecTRI
2310,,,,gsea_estimate,nrank,0.7555555555555555,,collecTRI
2311,,,,gsea_estimate,nrank,0.1437908496732026,,collecTRI
2312,,,,gsea_estimate,nrank,0.3477124183006536,,collecTRI
2313,,,,gsea_estimate,nrank,0.32287581699346407,,collecTRI
2314,,,,gsea_estimate,nrank,0.7738562091503268,,collecTRI
2315,,,,gsea_estimate,nrank,0.3764705882352941,,collecTRI
2316,,,,gsea_estimate,nrank,0.7019607843137254,,collecTRI
2317,,,,gsea_estimate,nrank,0.6091503267973856,,collecTRI
2318,,,,gsea_estimate,nrank,0.40522875816993464,,collecTRI
2319,,,,gsea_estimate,nrank,0.09673202614379085,,collecTRI
2320,,,,gsea_estimate,nrank,0.21568627450980393,,collecTRI
2321,,,,gsea_estimate,nrank,0.40261437908496733,,collecTRI
2322,,,,gsea_estimate,nrank,0.5111111111111111,,collecTRI
2323,,,,gsea_estimate,nrank,0.7450980392156863,,collecTRI
2324,,,,gsea_estimate,nrank,0.550326797385621,,collecTRI
2325,,,,gsea_estimate,nrank,0.665359477124183,,collecTRI
2326,,,,gsea_estimate,nrank,0.1843137254901961,,collecTRI
2327,,,,gsea_estimate,nrank,0.6261437908496732,,collecTRI
2328,,,,gsea_estimate,nrank,0.7790849673202614,,collecTRI
2329,,,,gsea_estimate,nrank,0.6836601307189543,,collecTRI
2330,,,,gsea_estimate,nrank,0.7098039215686275,,collecTRI
2331,,,,gsea_estimate,nrank,0.29411764705882354,,collecTRI
2332,,,,gsea_estimate,nrank,0.3359477124183007,,collecTRI
2333,,,,gsea_estimate,nrank,0.19084967320261437,,collecTRI
2334,,,,gsea_estimate,nrank,0.22091503267973855,,collecTRI
2335,,,,gsea_estimate,nrank,0.49673202614379086,,collecTRI
2336,,,,gsea_estimate,nrank,0.12941176470588237,,collecTRI
2337,,,,gsea_estimate,nrank,0.12287581699346405,,collecTRI
2338,,,,gsea_estimate,nrank,0.4562091503267974,,collecTRI
2339,,,,gsea_estimate,nrank,0.3137254901960784,,collecTRI
2340,,,,gsea_estimate,nrank,0.9228758169934641,,collecTRI
2341,,,,gsea_estimate,nrank,0.44313725490196076,,collecTRI
2342,,,,gsea_estimate,nrank,0.3764705882352941,,collecTRI
2343,,,,gsea_estimate,nrank,0.02483660130718954,,collecTRI
2344,,,,gsea_estimate,nrank,0.3111111111111111,,collecTRI
2345,,,,gsea_estimate,nrank,0.044444444444444446,,collecTRI
2346,,,,gsea_estimate,nrank,0.12810457516339868,,collecTRI
2347,,,,gsea_estimate,nrank,0.9934640522875817,,collecTRI
2348,,,,gsea_estimate,nrank,0.873202614379085,,collecTRI
2349,,,,gsea_estimate,nrank,0.19477124183006536,,collecTRI
2350,,,,gsea_estimate,nrank,0.996078431372549,,collecTRI
2351,,,,gsea_estimate,nrank,0.06405228758169934,,collecTRI
2352,,,,gsea_estimate,nrank,0.2928104575163399,,collecTRI
2353,,,,gsea_estimate,nrank,0.5490196078431373,,collecTRI
2354,,,,gsea_estimate,nrank,0.10980392156862745,,collecTRI
2355,,,,gsea_estimate,nrank,0.040522875816993466,,collecTRI
2356,,,,gsea_estimate,nrank,0.5424836601307189,,collecTRI
2357,,,,gsea_estimate,nrank,0.1411764705882353,,collecTRI
2358,,,,gsea_estimate,nrank,0.1869281045751634,,collecTRI
2359,,,,gsea_estimate,nrank,0.2326797385620915,,collecTRI
2360,,,,gsea_estimate,nrank,0.47320261437908495,,collecTRI
2361,,,,gsea_estimate,nrank,0.18823529411764706,,collecTRI
2362,,,,gsea_estimate,nrank,0.40522875816993464,,collecTRI
2363,,,,gsea_estimate,nrank,0.47843137254901963,,collecTRI
2364,,,,gsea_estimate,nrank,0.17124183006535948,,collecTRI
2365,,,,gsea_estimate,nrank,0.9673202614379085,,collecTRI
2366,,,,gsea_estimate,nrank,0.7633986928104575,,collecTRI
2367,,,,gsea_estimate,nrank,0.11241830065359477,,collecTRI
2368,,,,gsea_estimate,nrank,0.2261437908496732,,collecTRI
2369,,,,gsea_estimate,nrank,0.10718954248366012,,collecTRI
2370,,,,gsea_estimate,nrank,0.2549019607843137,,collecTRI
2371,,,,gsea_estimate,nrank,0.44575163398692813,,collecTRI
2372,,,,gsea_estimate,nrank,0.3503267973856209,,collecTRI
2373,,,,gsea_estimate,nrank,0.27320261437908494,,collecTRI
2374,,,,gsea_estimate,nrank,0.5725490196078431,,collecTRI
2375,,,,gsea_estimate,nrank,0.050980392156862744,,collecTRI
2376,,,,gsea_estimate,nrank,0.33464052287581697,,collecTRI
2377,,,,gsea_estimate,nrank,0.338562091503268,,collecTRI
2378,,,,gsea_estimate,nrank,0.49019607843137253,,collecTRI
2379,,,,gsea_estimate,nrank,0.3712418300653595,,collecTRI
2380,,,,gsea_estimate,nrank,0.2980392156862745,,collecTRI
2381,,,,gsea_estimate,nrank,0.17516339869281045,,collecTRI
2382,,,,gsea_estimate,nrank,0.9934640522875817,,collecTRI
2383,,,,gsea_estimate,nrank,0.01045751633986928,,collecTRI
2384,,,,gsea_estimate,nrank,0.03398692810457516,,collecTRI
2385,,,,gsea_estimate,nrank,0.20915032679738563,,collecTRI
2386,,,,gsea_estimate,nrank,0.26666666666666666,,collecTRI
2387,,,,gsea_estimate,nrank,0.2928104575163399,,collecTRI
2388,,,,gsea_estimate,nrank,0.16732026143790849,,collecTRI
2389,,,,gsea_estimate,nrank,0.2784313725490196,,collecTRI
2390,,,,gsea_estimate,nrank,0.4130718954248366,,collecTRI
2391,,,,gsea_estimate,nrank,0.2901960784313726,,collecTRI
2392,,,,gsea_estimate,nrank,0.13333333333333333,,collecTRI
2393,,,,gsea_estimate,nrank,0.18562091503267975,,collecTRI
2394,,,,gsea_estimate,nrank,0.2928104575163399,,collecTRI
2395,,,,gsea_estimate,nrank,0.1568627450980392,,collecTRI
2396,,,,gsea_estimate,nrank,0.2718954248366013,,collecTRI
2397,,,,gsea_estimate,nrank,0.6496732026143791,,collecTRI
2398,,,,gsea_estimate,nrank,0.5712418300653594,,collecTRI
2399,,,,gsea_estimate,nrank,0.19869281045751633,,collecTRI
2400,,,,gsea_estimate,nrank,0.27450980392156865,,collecTRI
2401,,,,gsea_estimate,nrank,0.4143790849673203,,collecTRI
2402,,,,gsea_estimate,nrank,0.06013071895424837,,collecTRI
2403,,,,gsea_estimate,nrank,0.17254901960784313,,collecTRI
2404,,,,gsea_estimate,nrank,0.2496732026143791,,collecTRI
2405,,,,gsea_estimate,nrank,0.6666666666666666,,collecTRI
2406,,,,gsea_estimate,nrank,0.592156862745098,,collecTRI
2407,,,,gsea_estimate,nrank,0.3738562091503268,,collecTRI
2408,,,,gsea_estimate,nrank,0.07973856209150326,,collecTRI
2409,,,,gsea_estimate,nrank,0.134640522875817,,collecTRI
2410,,,,gsea_estimate,nrank,0.33464052287581697,,collecTRI
2411,,,,gsea_estimate,nrank,0.3411764705882353,,collecTRI
2412,,,,gsea_estimate,nrank,0.01568627450980392,,collecTRI
2413,,,,gsea_estimate,nrank,0.3568627450980392,,collecTRI
2414,,,,gsea_estimate,nrank,0.9686274509803922,,collecTRI
2415,,,,gsea_estimate,nrank,0.10196078431372549,,collecTRI
2416,,,,gsea_estimate,nrank,0.29934640522875816,,collecTRI
2417,,,,gsea_estimate,nrank,0.6,,collecTRI
2418,,,,gsea_estimate,nrank,0.6,,collecTRI
2419,,,,gsea_estimate,nrank,0.12549019607843137,,collecTRI
2420,,,,gsea_estimate,nrank,0.09281045751633987,,collecTRI
2421,,,,gsea_estimate,nrank,0.09542483660130718,,collecTRI
2422,,,,gsea_estimate,nrank,0.27320261437908494,,collecTRI
2423,,,,gsea_estimate,nrank,0.27320261437908494,,collecTRI
2424,,,,gsea_estimate,nrank,0.006535947712418301,,collecTRI
2425,,,,gsea_estimate,nrank,0.8797385620915033,,collecTRI
2426,,,,gsea_estimate,nrank,0.33725490196078434,,collecTRI
2427,,,,gsea_estimate,nrank,0.9934640522875817,,collecTRI
2428,,,,gsea_estimate,nrank,0.9869281045751634,,collecTRI
2429,,,,gsea_estimate,nrank,0.29150326797385623,,collecTRI
2430,,,,gsea_estimate,nrank,0.6849673202614379,,collecTRI
2431,,,,gsea_estimate,nrank,0.06013071895424837,,collecTRI
2432,,,,gsea_estimate,nrank,0.4366013071895425,,collecTRI
2433,,,,gsea_estimate,nrank,0.12156862745098039,,collecTRI
2434,,,,gsea_estimate,nrank,0.3111111111111111,,collecTRI
2435,,,,gsea_estimate,nrank,0.4745098039215686,,collecTRI
2436,,,,gsea_estimate,nrank,0.677124183006536,,collecTRI
2437,,,,gsea_estimate,nrank,0.5895424836601307,,collecTRI
2438,,,,gsea_estimate,nrank,0.2901960784313726,,collecTRI
2439,,,,gsea_estimate,nrank,0.15163398692810456,,collecTRI
2440,,,,gsea_estimate,nrank,0.23660130718954248,,collecTRI
2441,,,,gsea_estimate,nrank,0.23006535947712417,,collecTRI
2442,,,,gsea_estimate,nrank,0.7633986928104575,,collecTRI
2443,,,,gsea_estimate,nrank,0.4666666666666667,,collecTRI
2444,,,,gsea_estimate,nrank,0.6392156862745098,,collecTRI
2445,,,,gsea_estimate,nrank,0.023529411764705882,,collecTRI
2446,,,,gsea_estimate,nrank,0.9320261437908497,,collecTRI
2447,,,,gsea_estimate,nrank,0.4326797385620915,,collecTRI
2448,,,,gsea_estimate,nrank,0.8352941176470589,,collecTRI
2449,,,,gsea_estimate,nrank,0.5764705882352941,,collecTRI
2450,,,,gsea_estimate,nrank,0.10457516339869281,,collecTRI
2451,,,,gsea_estimate,nrank,0.34248366013071896,,collecTRI
2452,,,,gsea_estimate,nrank,0.11241830065359477,,collecTRI
2453,,,,gsea_estimate,nrank,0.2522875816993464,,collecTRI
2454,,,,gsea_estimate,nrank,0.6718954248366014,,collecTRI
2455,,,,gsea_estimate,nrank,0.7712418300653595,,collecTRI
2456,,,,gsea_estimate,nrank,0.6339869281045751,,collecTRI
2457,,,,gsea_estimate,nrank,0.11241830065359477,,collecTRI
2458,,,,gsea_estimate,nrank,0.1830065359477124,,collecTRI
2459,,,,gsea_estimate,nrank,0.011764705882352941,,collecTRI
2460,,,,gsea_estimate,nrank,0.6823529411764706,,collecTRI
2461,,,,gsea_estimate,nrank,0.25620915032679736,,collecTRI
2462,,,,gsea_estimate,nrank,0.4993464052287582,,collecTRI
2463,,,,gsea_estimate,nrank,0.5437908496732026,,collecTRI
2464,,,,gsea_estimate,nrank,0.4627450980392157,,collecTRI
2465,,,,gsea_estimate,nrank,0.4065359477124183,,collecTRI
2466,,,,gsea_estimate,nrank,0.9398692810457516,,collecTRI
2467,,,,gsea_estimate,nrank,0.21045751633986928,,collecTRI
2468,,,,gsea_estimate,nrank,0.45751633986928103,,collecTRI
2469,,,,gsea_estimate,nrank,0.23529411764705882,,collecTRI
2470,,,,gsea_estimate,nrank,0.2849673202614379,,collecTRI
2471,,,,gsea_estimate,nrank,0.29150326797385623,,collecTRI
2472,,,,gsea_estimate,nrank,0.5594771241830065,,collecTRI
2473,,,,gsea_estimate,nrank,0.41568627450980394,,collecTRI
2474,,,,gsea_estimate,nrank,0.5294117647058824,,collecTRI
2475,,,,gsea_estimate,nrank,0.7490196078431373,,collecTRI
2476,,,,gsea_estimate,nrank,0.41045751633986927,,collecTRI
2477,,,,gsea_estimate,nrank,0.4823529411764706,,collecTRI
2478,,,,gsea_estimate,nrank,0.2901960784313726,,collecTRI
2479,,,,gsea_estimate,nrank,0.8457516339869281,,collecTRI
2480,,,,gsea_estimate,nrank,0.20915032679738563,,collecTRI
2481,,,,gsea_estimate,nrank,0.7058823529411765,,collecTRI
2482,,,,gsea_estimate,nrank,0.8339869281045752,,collecTRI
2483,,,,gsea_estimate,nrank,0.05751633986928104,,collecTRI
2484,,,,gsea_estimate,nrank,0.30718954248366015,,collecTRI
2485,,,,gsea_estimate,nrank,0.1895424836601307,,collecTRI
2486,,,,gsea_estimate,nrank,0.4117647058823529,,collecTRI
2487,,,,gsea_estimate,nrank,0.2522875816993464,,collecTRI
2488,,,,gsea_estimate,nrank,0.21437908496732025,,collecTRI
2489,,,,gsea_estimate,nrank,0.13856209150326798,,collecTRI
2490,,,,gsea_estimate,nrank,0.3176470588235294,,collecTRI
2491,,,,gsea_estimate,nrank,0.2235294117647059,,collecTRI
2492,,,,gsea_estimate,nrank,0.6797385620915033,,collecTRI
2493,,,,gsea_estimate,nrank,0.918954248366013,,collecTRI
2494,,,,gsea_estimate,nrank,0.4222222222222222,,collecTRI
2495,,,,gsea_estimate,nrank,0.25098039215686274,,collecTRI
2496,,,,gsea_estimate,nrank,0.044444444444444446,,collecTRI
2497,,,,gsea_estimate,nrank,0.17254901960784313,,collecTRI
2498,,,,gsea_estimate,nrank,0.5241830065359477,,collecTRI
2499,,,,gsea_estimate,nrank,0.08235294117647059,,collecTRI
2500,,,,gsea_estimate,nrank,0.49019607843137253,,collecTRI
2501,,,,gsea_estimate,nrank,0.11372549019607843,,collecTRI
2502,,,,gsea_estimate,nrank,0.2169934640522876,,collecTRI
2503,,,,gsea_estimate,nrank,0.33202614379084966,,collecTRI
2504,,,,gsea_estimate,nrank,0.38300653594771245,,collecTRI
2505,,,,gsea_estimate,nrank,0.21437908496732025,,collecTRI
2506,,,,gsea_estimate,nrank,0.09019607843137255,,collecTRI
2507,,,,gsea_estimate,nrank,0.2235294117647059,,collecTRI
2508,,,,gsea_estimate,nrank,0.30980392156862746,,collecTRI
2509,,,,gsea_estimate,nrank,0.16732026143790849,,collecTRI
2510,,,,gsea_estimate,nrank,0.3568627450980392,,collecTRI
2511,,,,gsea_estimate,nrank,0.2875816993464052,,collecTRI
2512,,,,gsea_estimate,nrank,0.265359477124183,,collecTRI
2513,,,,gsea_estimate,nrank,0.17908496732026144,,collecTRI
2514,,,,gsea_estimate,nrank,0.3084967320261438,,collecTRI
2515,,,,gsea_estimate,nrank,0.0784313725490196,,collecTRI
2516,,,,gsea_estimate,nrank,0.38300653594771245,,collecTRI
2517,,,,gsea_estimate,nrank,0.39738562091503266,,collecTRI
2518,,,,gsea_estimate,nrank,0.592156862745098,,collecTRI
2519,,,,gsea_estimate,nrank,0.4235294117647059,,collecTRI
2520,,,,gsea_estimate,nrank,0.13071895424836602,,collecTRI
2521,,,,gsea_estimate,nrank,0.2718954248366013,,collecTRI
2522,,,,gsea_estimate,nrank,0.27450980392156865,,collecTRI
2523,,,,gsea_estimate,nrank,0.3895424836601307,,collecTRI
2524,,,,gsea_estimate,nrank,0.9973856209150327,,collecTRI
2525,,,,gsea_estimate,nrank,0.14901960784313725,,collecTRI
2526,,,,gsea_estimate,nrank,0.8831254103742613,,collecTRI
2527,,,,gsea_estimate,nrank,0.13725490196078433,,collecTRI
2528,,,,gsea_estimate,nrank,0.19607843137254902,,collecTRI
2529,,,,gsea_estimate,nrank,0.12156862745098039,,collecTRI
2530,,,,gsea_estimate,nrank,0.00261437908496732,,collecTRI
2531,,,,gsea_estimate,nrank,0.5830065359477125,,collecTRI
2532,,,,gsea_estimate,nrank,0.3137254901960784,,collecTRI
2533,,,,gsea_estimate,nrank,0.1934640522875817,,collecTRI
2534,,,,gsea_estimate,nrank,0.7398692810457517,,collecTRI
2535,,,,gsea_estimate,nrank,0.5254901960784314,,collecTRI
2536,,,,gsea_estimate,nrank,0.40784313725490196,,collecTRI
2537,,,,gsea_estimate,nrank,0.13333333333333333,,collecTRI
2538,,,,gsea_estimate,nrank,0.5712418300653594,,collecTRI
2539,,,,gsea_estimate,nrank,0.42483660130718953,,collecTRI
2540,,,,gsea_estimate,nrank,0.4444444444444444,,collecTRI
2541,,,,gsea_estimate,nrank,0.530718954248366,,collecTRI
2542,,,,gsea_estimate,nrank,0.4326797385620915,,collecTRI
2543,,,,gsea_estimate,nrank,0.5084967320261438,,collecTRI
2544,,,,gsea_estimate,nrank,0.13986928104575164,,collecTRI
2545,,,,gsea_estimate,nrank,0.4627450980392157,,collecTRI
2546,,,,gsea_estimate,nrank,0.8771241830065359,,collecTRI
2547,,,,gsea_estimate,nrank,0.10718954248366012,,collecTRI
2548,,,,gsea_estimate,nrank,0.11764705882352941,,collecTRI
2549,,,,gsea_estimate,nrank,0.615686274509804,,collecTRI
2550,,,,gsea_estimate,nrank,0.11503267973856209,,collecTRI
2551,,,,gsea_estimate,nrank,0.3673202614379085,,collecTRI
2552,,,,gsea_estimate,nrank,0.0196078431372549,,collecTRI
2553,,,,gsea_estimate,nrank,0.6431372549019608,,collecTRI
2554,,,,gsea_estimate,nrank,0.4169934640522876,,collecTRI
2555,,,,gsea_estimate,nrank,0.7620915032679738,,collecTRI
2556,,,,gsea_estimate,nrank,0.2758169934640523,,collecTRI
2557,,,,gsea_estimate,nrank,0.6888888888888889,,collecTRI
2558,,,,gsea_estimate,nrank,0.39477124183006534,,collecTRI
2559,,,,gsea_estimate,nrank,0.5215686274509804,,collecTRI
2560,,,,gsea_estimate,recall,1.0,0.0013054830287206266,collecTRI
2561,,,,gsea_norm,auroc,0.653162956237793,0.0013054830287206266,collecTRI
2562,,,,gsea_norm,auprc,0.6585261225700378,0.0013054830287206266,collecTRI
2563,,,,gsea_norm,mcauroc,0.663570761680603,0.0013054830287206266,collecTRI
2564,,,,gsea_norm,mcauroc,0.675557017326355,0.0013054830287206266,collecTRI
2565,,,,gsea_norm,mcauroc,0.6522015333175659,0.0013054830287206266,collecTRI
2566,,,,gsea_norm,mcauroc,0.6528440117835999,0.0013054830287206266,collecTRI
2567,,,,gsea_norm,mcauroc,0.6721524596214294,0.0013054830287206266,collecTRI
2568,,,,gsea_norm,mcauroc,0.6490541696548462,0.0013054830287206266,collecTRI
2569,,,,gsea_norm,mcauroc,0.6644960045814514,0.0013054830287206266,collecTRI
2570,,,,gsea_norm,mcauroc,0.6565954089164734,0.0013054830287206266,collecTRI
2571,,,,gsea_norm,mcauroc,0.6415132284164429,0.0013054830287206266,collecTRI
2572,,,,gsea_norm,mcauroc,0.6505957841873169,0.0013054830287206266,collecTRI
2573,,,,gsea_norm,mcauroc,0.683753252029419,0.0013054830287206266,collecTRI
2574,,,,gsea_norm,mcauroc,0.6539357900619507,0.0013054830287206266,collecTRI
2575,,,,gsea_norm,mcauroc,0.6111692786216736,0.0013054830287206266,collecTRI
2576,,,,gsea_norm,mcauroc,0.6650741100311279,0.0013054830287206266,collecTRI
2577,,,,gsea_norm,mcauroc,0.6450974345207214,0.0013054830287206266,collecTRI
2578,,,,gsea_norm,mcauroc,0.6403952836990356,0.0013054830287206266,collecTRI
2579,,,,gsea_norm,mcauroc,0.6278825998306274,0.0013054830287206266,collecTRI
2580,,,,gsea_norm,mcauroc,0.64261794090271,0.0013054830287206266,collecTRI
2581,,,,gsea_norm,mcauroc,0.6636863946914673,0.0013054830287206266,collecTRI
2582,,,,gsea_norm,mcauroc,0.6495550274848938,0.0013054830287206266,collecTRI
2583,,,,gsea_norm,mcauroc,0.6464461088180542,0.0013054830287206266,collecTRI
2584,,,,gsea_norm,mcauroc,0.6817876100540161,0.0013054830287206266,collecTRI
2585,,,,gsea_norm,mcauroc,0.6749788522720337,0.0013054830287206266,collecTRI
2586,,,,gsea_norm,mcauroc,0.6658833026885986,0.0013054830287206266,collecTRI
2587,,,,gsea_norm,mcauroc,0.662967324256897,0.0013054830287206266,collecTRI
2588,,,,gsea_norm,mcauroc,0.6438770294189453,0.0013054830287206266,collecTRI
2589,,,,gsea_norm,mcauroc,0.6787428259849548,0.0013054830287206266,collecTRI
2590,,,,gsea_norm,mcauroc,0.6239387392997742,0.0013054830287206266,collecTRI
2591,,,,gsea_norm,mcauroc,0.6555931568145752,0.0013054830287206266,collecTRI
2592,,,,gsea_norm,mcauroc,0.6485658288002014,0.0013054830287206266,collecTRI
2593,,,,gsea_norm,mcauroc,0.6657421588897705,0.0013054830287206266,collecTRI
2594,,,,gsea_norm,mcauroc,0.6430934071540833,0.0013054830287206266,collecTRI
2595,,,,gsea_norm,mcauroc,0.653087854385376,0.0013054830287206266,collecTRI
2596,,,,gsea_norm,mcauroc,0.6451358795166016,0.0013054830287206266,collecTRI
2597,,,,gsea_norm,mcauroc,0.6752356886863708,0.0013054830287206266,collecTRI
2598,,,,gsea_norm,mcauroc,0.6707009673118591,0.0013054830287206266,collecTRI
2599,,,,gsea_norm,mcauroc,0.6568008065223694,0.0013054830287206266,collecTRI
2600,,,,gsea_norm,mcauroc,0.697948694229126,0.0013054830287206266,collecTRI
2601,,,,gsea_norm,mcauroc,0.6749660968780518,0.0013054830287206266,collecTRI
2602,,,,gsea_norm,mcauroc,0.6540775299072266,0.0013054830287206266,collecTRI
2603,,,,gsea_norm,mcauroc,0.6612328290939331,0.0013054830287206266,collecTRI
2604,,,,gsea_norm,mcauroc,0.6482831239700317,0.0013054830287206266,collecTRI
2605,,,,gsea_norm,mcauroc,0.664675772190094,0.0013054830287206266,collecTRI
2606,,,,gsea_norm,mcauroc,0.6435174345970154,0.0013054830287206266,collecTRI
2607,,,,gsea_norm,mcauroc,0.6647270917892456,0.0013054830287206266,collecTRI
2608,,,,gsea_norm,mcauroc,0.6280241012573242,0.0013054830287206266,collecTRI
2609,,,,gsea_norm,mcauroc,0.6446478366851807,0.0013054830287206266,collecTRI
2610,,,,gsea_norm,mcauroc,0.6397659182548523,0.0013054830287206266,collecTRI
2611,,,,gsea_norm,mcauroc,0.6726022362709045,0.0013054830287206266,collecTRI
2612,,,,gsea_norm,mcauroc,0.6727433800697327,0.0013054830287206266,collecTRI
2613,,,,gsea_norm,mcauroc,0.6605261564254761,0.0013054830287206266,collecTRI
2614,,,,gsea_norm,mcauroc,0.6336765885353088,0.0013054830287206266,collecTRI
2615,,,,gsea_norm,mcauroc,0.6401644349098206,0.0013054830287206266,collecTRI
2616,,,,gsea_norm,mcauroc,0.6504543423652649,0.0013054830287206266,collecTRI
2617,,,,gsea_norm,mcauroc,0.6547582149505615,0.0013054830287206266,collecTRI
2618,,,,gsea_norm,mcauroc,0.6440053582191467,0.0013054830287206266,collecTRI
2619,,,,gsea_norm,mcauroc,0.6432216763496399,0.0013054830287206266,collecTRI
2620,,,,gsea_norm,mcauroc,0.6412561535835266,0.0013054830287206266,collecTRI
2621,,,,gsea_norm,mcauroc,0.6561970114707947,0.0013054830287206266,collecTRI
2622,,,,gsea_norm,mcauroc,0.6455211043357849,0.0013054830287206266,collecTRI
2623,,,,gsea_norm,mcauroc,0.6501334309577942,0.0013054830287206266,collecTRI
2624,,,,gsea_norm,mcauroc,0.6695446372032166,0.0013054830287206266,collecTRI
2625,,,,gsea_norm,mcauroc,0.6616309285163879,0.0013054830287206266,collecTRI
2626,,,,gsea_norm,mcauroc,0.6474611163139343,0.0013054830287206266,collecTRI
2627,,,,gsea_norm,mcauroc,0.6563255190849304,0.0013054830287206266,collecTRI
2628,,,,gsea_norm,mcauroc,0.6415901184082031,0.0013054830287206266,collecTRI
2629,,,,gsea_norm,mcauroc,0.6504418253898621,0.0013054830287206266,collecTRI
2630,,,,gsea_norm,mcauroc,0.6453799605369568,0.0013054830287206266,collecTRI
2631,,,,gsea_norm,mcauroc,0.6589975357055664,0.0013054830287206266,collecTRI
2632,,,,gsea_norm,mcauroc,0.6774451732635498,0.0013054830287206266,collecTRI
2633,,,,gsea_norm,mcauroc,0.6747604608535767,0.0013054830287206266,collecTRI
2634,,,,gsea_norm,mcauroc,0.6508013010025024,0.0013054830287206266,collecTRI
2635,,,,gsea_norm,mcauroc,0.6354236006736755,0.0013054830287206266,collecTRI
2636,,,,gsea_norm,mcauroc,0.6519575119018555,0.0013054830287206266,collecTRI
2637,,,,gsea_norm,mcauroc,0.6732059121131897,0.0013054830287206266,collecTRI
2638,,,,gsea_norm,mcauroc,0.6414745450019836,0.0013054830287206266,collecTRI
2639,,,,gsea_norm,mcauroc,0.6426563858985901,0.0013054830287206266,collecTRI
2640,,,,gsea_norm,mcauroc,0.6702768802642822,0.0013054830287206266,collecTRI
2641,,,,gsea_norm,mcauroc,0.6757752895355225,0.0013054830287206266,collecTRI
2642,,,,gsea_norm,mcauroc,0.6531265377998352,0.0013054830287206266,collecTRI
2643,,,,gsea_norm,mcauroc,0.6479237675666809,0.0013054830287206266,collecTRI
2644,,,,gsea_norm,mcauroc,0.6642518639564514,0.0013054830287206266,collecTRI
2645,,,,gsea_norm,mcauroc,0.6640077233314514,0.0013054830287206266,collecTRI
2646,,,,gsea_norm,mcauroc,0.6767386794090271,0.0013054830287206266,collecTRI
2647,,,,gsea_norm,mcauroc,0.6389309167861938,0.0013054830287206266,collecTRI
2648,,,,gsea_norm,mcauroc,0.6576743721961975,0.0013054830287206266,collecTRI
2649,,,,gsea_norm,mcauroc,0.6424381136894226,0.0013054830287206266,collecTRI
2650,,,,gsea_norm,mcauroc,0.6466773152351379,0.0013054830287206266,collecTRI
2651,,,,gsea_norm,mcauroc,0.6511353850364685,0.0013054830287206266,collecTRI
2652,,,,gsea_norm,mcauroc,0.6587661504745483,0.0013054830287206266,collecTRI
2653,,,,gsea_norm,mcauroc,0.6450716853141785,0.0013054830287206266,collecTRI
2654,,,,gsea_norm,mcauroc,0.6580339670181274,0.0013054830287206266,collecTRI
2655,,,,gsea_norm,mcauroc,0.6219347715377808,0.0013054830287206266,collecTRI
2656,,,,gsea_norm,mcauroc,0.683573305606842,0.0013054830287206266,collecTRI
2657,,,,gsea_norm,mcauroc,0.6298353672027588,0.0013054830287206266,collecTRI
2658,,,,gsea_norm,mcauroc,0.650929868221283,0.0013054830287206266,collecTRI
2659,,,,gsea_norm,mcauroc,0.6424252986907959,0.0013054830287206266,collecTRI
2660,,,,gsea_norm,mcauroc,0.6517260670661926,0.0013054830287206266,collecTRI
2661,,,,gsea_norm,mcauroc,0.6665768623352051,0.0013054830287206266,collecTRI
2662,,,,gsea_norm,mcauroc,0.6414744853973389,0.0013054830287206266,collecTRI
2663,,,,gsea_norm,mcauroc,0.6674892902374268,0.0013054830287206266,collecTRI
2664,,,,gsea_norm,mcauroc,0.6213052868843079,0.0013054830287206266,collecTRI
2665,,,,gsea_norm,mcauroc,0.6669110655784607,0.0013054830287206266,collecTRI
2666,,,,gsea_norm,mcauroc,0.6664872169494629,0.0013054830287206266,collecTRI
2667,,,,gsea_norm,mcauroc,0.6656522154808044,0.0013054830287206266,collecTRI
2668,,,,gsea_norm,mcauroc,0.6141239404678345,0.0013054830287206266,collecTRI
2669,,,,gsea_norm,mcauroc,0.6571216583251953,0.0013054830287206266,collecTRI
2670,,,,gsea_norm,mcauroc,0.6676046848297119,0.0013054830287206266,collecTRI
2671,,,,gsea_norm,mcauroc,0.6639564633369446,0.0013054830287206266,collecTRI
2672,,,,gsea_norm,mcauroc,0.6147407293319702,0.0013054830287206266,collecTRI
2673,,,,gsea_norm,mcauroc,0.6538330316543579,0.0013054830287206266,collecTRI
2674,,,,gsea_norm,mcauroc,0.648758590221405,0.0013054830287206266,collecTRI
2675,,,,gsea_norm,mcauroc,0.6678745150566101,0.0013054830287206266,collecTRI
2676,,,,gsea_norm,mcauroc,0.6747860908508301,0.0013054830287206266,collecTRI
2677,,,,gsea_norm,mcauroc,0.6562096476554871,0.0013054830287206266,collecTRI
2678,,,,gsea_norm,mcauroc,0.6251851320266724,0.0013054830287206266,collecTRI
2679,,,,gsea_norm,mcauroc,0.6527540683746338,0.0013054830287206266,collecTRI
2680,,,,gsea_norm,mcauroc,0.6356421709060669,0.0013054830287206266,collecTRI
2681,,,,gsea_norm,mcauroc,0.6595627069473267,0.0013054830287206266,collecTRI
2682,,,,gsea_norm,mcauroc,0.6444548964500427,0.0013054830287206266,collecTRI
2683,,,,gsea_norm,mcauroc,0.6169887185096741,0.0013054830287206266,collecTRI
2684,,,,gsea_norm,mcauroc,0.6737715005874634,0.0013054830287206266,collecTRI
2685,,,,gsea_norm,mcauroc,0.6449432373046875,0.0013054830287206266,collecTRI
2686,,,,gsea_norm,mcauroc,0.6509553790092468,0.0013054830287206266,collecTRI
2687,,,,gsea_norm,mcauroc,0.6518161296844482,0.0013054830287206266,collecTRI
2688,,,,gsea_norm,mcauroc,0.654590904712677,0.0013054830287206266,collecTRI
2689,,,,gsea_norm,mcauroc,0.6622989177703857,0.0013054830287206266,collecTRI
2690,,,,gsea_norm,mcauroc,0.6643157601356506,0.0013054830287206266,collecTRI
2691,,,,gsea_norm,mcauroc,0.6543857455253601,0.0013054830287206266,collecTRI
2692,,,,gsea_norm,mcauroc,0.617759644985199,0.0013054830287206266,collecTRI
2693,,,,gsea_norm,mcauroc,0.6844853162765503,0.0013054830287206266,collecTRI
2694,,,,gsea_norm,mcauroc,0.6271120309829712,0.0013054830287206266,collecTRI
2695,,,,gsea_norm,mcauroc,0.6574430465698242,0.0013054830287206266,collecTRI
2696,,,,gsea_norm,mcauroc,0.6614384651184082,0.0013054830287206266,collecTRI
2697,,,,gsea_norm,mcauroc,0.6552719473838806,0.0013054830287206266,collecTRI
2698,,,,gsea_norm,mcauroc,0.6558113098144531,0.0013054830287206266,collecTRI
2699,,,,gsea_norm,mcauroc,0.659691333770752,0.0013054830287206266,collecTRI
2700,,,,gsea_norm,mcauroc,0.626045823097229,0.0013054830287206266,collecTRI
2701,,,,gsea_norm,mcauroc,0.6713688373565674,0.0013054830287206266,collecTRI
2702,,,,gsea_norm,mcauroc,0.6518675088882446,0.0013054830287206266,collecTRI
2703,,,,gsea_norm,mcauroc,0.6798346638679504,0.0013054830287206266,collecTRI
2704,,,,gsea_norm,mcauroc,0.6422709822654724,0.0013054830287206266,collecTRI
2705,,,,gsea_norm,mcauroc,0.6471013426780701,0.0013054830287206266,collecTRI
2706,,,,gsea_norm,mcauroc,0.6447121500968933,0.0013054830287206266,collecTRI
2707,,,,gsea_norm,mcauroc,0.6481934189796448,0.0013054830287206266,collecTRI
2708,,,,gsea_norm,mcauroc,0.6390978693962097,0.0013054830287206266,collecTRI
2709,,,,gsea_norm,mcauroc,0.6613484025001526,0.0013054830287206266,collecTRI
2710,,,,gsea_norm,mcauroc,0.6709964871406555,0.0013054830287206266,collecTRI
2711,,,,gsea_norm,mcauroc,0.6311072707176208,0.0013054830287206266,collecTRI
2712,,,,gsea_norm,mcauroc,0.6655107736587524,0.0013054830287206266,collecTRI
2713,,,,gsea_norm,mcauroc,0.6718056797981262,0.0013054830287206266,collecTRI
2714,,,,gsea_norm,mcauroc,0.6415003538131714,0.0013054830287206266,collecTRI
2715,,,,gsea_norm,mcauroc,0.6746707558631897,0.0013054830287206266,collecTRI
2716,,,,gsea_norm,mcauroc,0.6558499932289124,0.0013054830287206266,collecTRI
2717,,,,gsea_norm,mcauroc,0.6425924897193909,0.0013054830287206266,collecTRI
2718,,,,gsea_norm,mcauroc,0.633856475353241,0.0013054830287206266,collecTRI
2719,,,,gsea_norm,mcauroc,0.6592159867286682,0.0013054830287206266,collecTRI
2720,,,,gsea_norm,mcauroc,0.6599098443984985,0.0013054830287206266,collecTRI
2721,,,,gsea_norm,mcauroc,0.6328285336494446,0.0013054830287206266,collecTRI
2722,,,,gsea_norm,mcauroc,0.6575841903686523,0.0013054830287206266,collecTRI
2723,,,,gsea_norm,mcauroc,0.646086573600769,0.0013054830287206266,collecTRI
2724,,,,gsea_norm,mcauroc,0.6432216763496399,0.0013054830287206266,collecTRI
2725,,,,gsea_norm,mcauroc,0.657558798789978,0.0013054830287206266,collecTRI
2726,,,,gsea_norm,mcauroc,0.6452513337135315,0.0013054830287206266,collecTRI
2727,,,,gsea_norm,mcauroc,0.6427204608917236,0.0013054830287206266,collecTRI
2728,,,,gsea_norm,mcauroc,0.6242215633392334,0.0013054830287206266,collecTRI
2729,,,,gsea_norm,mcauroc,0.6431444883346558,0.0013054830287206266,collecTRI
2730,,,,gsea_norm,mcauroc,0.6583551168441772,0.0013054830287206266,collecTRI
2731,,,,gsea_norm,mcauroc,0.6465744376182556,0.0013054830287206266,collecTRI
2732,,,,gsea_norm,mcauroc,0.6716645956039429,0.0013054830287206266,collecTRI
2733,,,,gsea_norm,mcauroc,0.6672707796096802,0.0013054830287206266,collecTRI
2734,,,,gsea_norm,mcauroc,0.6339849233627319,0.0013054830287206266,collecTRI
2735,,,,gsea_norm,mcauroc,0.6380962133407593,0.0013054830287206266,collecTRI
2736,,,,gsea_norm,mcauroc,0.6476282477378845,0.0013054830287206266,collecTRI
2737,,,,gsea_norm,mcauroc,0.6632367372512817,0.0013054830287206266,collecTRI
2738,,,,gsea_norm,mcauroc,0.6651895642280579,0.0013054830287206266,collecTRI
2739,,,,gsea_norm,mcauroc,0.6338179707527161,0.0013054830287206266,collecTRI
2740,,,,gsea_norm,mcauroc,0.6282808184623718,0.0013054830287206266,collecTRI
2741,,,,gsea_norm,mcauroc,0.6369652152061462,0.0013054830287206266,collecTRI
2742,,,,gsea_norm,mcauroc,0.6436328291893005,0.0013054830287206266,collecTRI
2743,,,,gsea_norm,mcauroc,0.6635838747024536,0.0013054830287206266,collecTRI
2744,,,,gsea_norm,mcauroc,0.6710861325263977,0.0013054830287206266,collecTRI
2745,,,,gsea_norm,mcauroc,0.6643800735473633,0.0013054830287206266,collecTRI
2746,,,,gsea_norm,mcauroc,0.6348971724510193,0.0013054830287206266,collecTRI
2747,,,,gsea_norm,mcauroc,0.6522399187088013,0.0013054830287206266,collecTRI
2748,,,,gsea_norm,mcauroc,0.6684656739234924,0.0013054830287206266,collecTRI
2749,,,,gsea_norm,mcauroc,0.6807082891464233,0.0013054830287206266,collecTRI
2750,,,,gsea_norm,mcauroc,0.646664559841156,0.0013054830287206266,collecTRI
2751,,,,gsea_norm,mcauroc,0.6545910835266113,0.0013054830287206266,collecTRI
2752,,,,gsea_norm,mcauroc,0.6594472527503967,0.0013054830287206266,collecTRI
2753,,,,gsea_norm,mcauroc,0.6491697430610657,0.0013054830287206266,collecTRI
2754,,,,gsea_norm,mcauroc,0.6513664126396179,0.0013054830287206266,collecTRI
2755,,,,gsea_norm,mcauroc,0.6835088133811951,0.0013054830287206266,collecTRI
2756,,,,gsea_norm,mcauroc,0.6486815214157104,0.0013054830287206266,collecTRI
2757,,,,gsea_norm,mcauroc,0.6749913096427917,0.0013054830287206266,collecTRI
2758,,,,gsea_norm,mcauroc,0.6378005146980286,0.0013054830287206266,collecTRI
2759,,,,gsea_norm,mcauroc,0.6596270203590393,0.0013054830287206266,collecTRI
2760,,,,gsea_norm,mcauroc,0.6712789535522461,0.0013054830287206266,collecTRI
2761,,,,gsea_norm,mcauroc,0.6442753672599792,0.0013054830287206266,collecTRI
2762,,,,gsea_norm,mcauroc,0.6604878306388855,0.0013054830287206266,collecTRI
2763,,,,gsea_norm,mcauroc,0.6350513100624084,0.0013054830287206266,collecTRI
2764,,,,gsea_norm,mcauroc,0.6514309048652649,0.0013054830287206266,collecTRI
2765,,,,gsea_norm,mcauroc,0.6210996508598328,0.0013054830287206266,collecTRI
2766,,,,gsea_norm,mcauroc,0.6581494808197021,0.0013054830287206266,collecTRI
2767,,,,gsea_norm,mcauroc,0.653357982635498,0.0013054830287206266,collecTRI
2768,,,,gsea_norm,mcauroc,0.6809394955635071,0.0013054830287206266,collecTRI
2769,,,,gsea_norm,mcauroc,0.6431316137313843,0.0013054830287206266,collecTRI
2770,,,,gsea_norm,mcauroc,0.6549251079559326,0.0013054830287206266,collecTRI
2771,,,,gsea_norm,mcauroc,0.6484375596046448,0.0013054830287206266,collecTRI
2772,,,,gsea_norm,mcauroc,0.6555289030075073,0.0013054830287206266,collecTRI
2773,,,,gsea_norm,mcauroc,0.6611686944961548,0.0013054830287206266,collecTRI
2774,,,,gsea_norm,mcauroc,0.6441855430603027,0.0013054830287206266,collecTRI
2775,,,,gsea_norm,mcauroc,0.6620422601699829,0.0013054830287206266,collecTRI
2776,,,,gsea_norm,mcauroc,0.6665256023406982,0.0013054830287206266,collecTRI
2777,,,,gsea_norm,mcauroc,0.640511155128479,0.0013054830287206266,collecTRI
2778,,,,gsea_norm,mcauroc,0.644120991230011,0.0013054830287206266,collecTRI
2779,,,,gsea_norm,mcauroc,0.6498892307281494,0.0013054830287206266,collecTRI
2780,,,,gsea_norm,mcauroc,0.6497993469238281,0.0013054830287206266,collecTRI
2781,,,,gsea_norm,mcauroc,0.6321478486061096,0.0013054830287206266,collecTRI
2782,,,,gsea_norm,mcauroc,0.6503130793571472,0.0013054830287206266,collecTRI
2783,,,,gsea_norm,mcauroc,0.6636480689048767,0.0013054830287206266,collecTRI
2784,,,,gsea_norm,mcauroc,0.6523943543434143,0.0013054830287206266,collecTRI
2785,,,,gsea_norm,mcauroc,0.6374149918556213,0.0013054830287206266,collecTRI
2786,,,,gsea_norm,mcauroc,0.6494007110595703,0.0013054830287206266,collecTRI
2787,,,,gsea_norm,mcauroc,0.6459451913833618,0.0013054830287206266,collecTRI
2788,,,,gsea_norm,mcauroc,0.6669109463691711,0.0013054830287206266,collecTRI
2789,,,,gsea_norm,mcauroc,0.6471400856971741,0.0013054830287206266,collecTRI
2790,,,,gsea_norm,mcauroc,0.6342547535896301,0.0013054830287206266,collecTRI
2791,,,,gsea_norm,mcauroc,0.6498762369155884,0.0013054830287206266,collecTRI
2792,,,,gsea_norm,mcauroc,0.6515335440635681,0.0013054830287206266,collecTRI
2793,,,,gsea_norm,mcauroc,0.6492210030555725,0.0013054830287206266,collecTRI
2794,,,,gsea_norm,mcauroc,0.651006817817688,0.0013054830287206266,collecTRI
2795,,,,gsea_norm,mcauroc,0.6577000617980957,0.0013054830287206266,collecTRI
2796,,,,gsea_norm,mcauroc,0.6091906428337097,0.0013054830287206266,collecTRI
2797,,,,gsea_norm,mcauroc,0.6550021767616272,0.0013054830287206266,collecTRI
2798,,,,gsea_norm,mcauroc,0.6231294870376587,0.0013054830287206266,collecTRI
2799,,,,gsea_norm,mcauroc,0.646112322807312,0.0013054830287206266,collecTRI
2800,,,,gsea_norm,mcauroc,0.6714845895767212,0.0013054830287206266,collecTRI
2801,,,,gsea_norm,mcauroc,0.6596141457557678,0.0013054830287206266,collecTRI
2802,,,,gsea_norm,mcauroc,0.6376334428787231,0.0013054830287206266,collecTRI
2803,,,,gsea_norm,mcauroc,0.6701228022575378,0.0013054830287206266,collecTRI
2804,,,,gsea_norm,mcauroc,0.6391364932060242,0.0013054830287206266,collecTRI
2805,,,,gsea_norm,mcauroc,0.64523845911026,0.0013054830287206266,collecTRI
2806,,,,gsea_norm,mcauroc,0.64621502161026,0.0013054830287206266,collecTRI
2807,,,,gsea_norm,mcauroc,0.6496961712837219,0.0013054830287206266,collecTRI
2808,,,,gsea_norm,mcauroc,0.6496193408966064,0.0013054830287206266,collecTRI
2809,,,,gsea_norm,mcauroc,0.6604745984077454,0.0013054830287206266,collecTRI
2810,,,,gsea_norm,mcauroc,0.6429005265235901,0.0013054830287206266,collecTRI
2811,,,,gsea_norm,mcauroc,0.6568906307220459,0.0013054830287206266,collecTRI
2812,,,,gsea_norm,mcauroc,0.664187490940094,0.0013054830287206266,collecTRI
2813,,,,gsea_norm,mcauroc,0.662453293800354,0.0013054830287206266,collecTRI
2814,,,,gsea_norm,mcauroc,0.654809296131134,0.0013054830287206266,collecTRI
2815,,,,gsea_norm,mcauroc,0.6301051378250122,0.0013054830287206266,collecTRI
2816,,,,gsea_norm,mcauroc,0.6439024209976196,0.0013054830287206266,collecTRI
2817,,,,gsea_norm,mcauroc,0.6384556293487549,0.0013054830287206266,collecTRI
2818,,,,gsea_norm,mcauroc,0.670842170715332,0.0013054830287206266,collecTRI
2819,,,,gsea_norm,mcauroc,0.6609886884689331,0.0013054830287206266,collecTRI
2820,,,,gsea_norm,mcauroc,0.6465616822242737,0.0013054830287206266,collecTRI
2821,,,,gsea_norm,mcauroc,0.6379545331001282,0.0013054830287206266,collecTRI
2822,,,,gsea_norm,mcauroc,0.6442625522613525,0.0013054830287206266,collecTRI
2823,,,,gsea_norm,mcauroc,0.6543342471122742,0.0013054830287206266,collecTRI
2824,,,,gsea_norm,mcauroc,0.6756853461265564,0.0013054830287206266,collecTRI
2825,,,,gsea_norm,mcauroc,0.6563637256622314,0.0013054830287206266,collecTRI
2826,,,,gsea_norm,mcauroc,0.676353394985199,0.0013054830287206266,collecTRI
2827,,,,gsea_norm,mcauroc,0.6481032967567444,0.0013054830287206266,collecTRI
2828,,,,gsea_norm,mcauroc,0.6728078126907349,0.0013054830287206266,collecTRI
2829,,,,gsea_norm,mcauroc,0.6576995849609375,0.0013054830287206266,collecTRI
2830,,,,gsea_norm,mcauroc,0.6417698860168457,0.0013054830287206266,collecTRI
2831,,,,gsea_norm,mcauroc,0.6689921021461487,0.0013054830287206266,collecTRI
2832,,,,gsea_norm,mcauroc,0.6488614082336426,0.0013054830287206266,collecTRI
2833,,,,gsea_norm,mcauroc,0.6630827188491821,0.0013054830287206266,collecTRI
2834,,,,gsea_norm,mcauroc,0.6451229453086853,0.0013054830287206266,collecTRI
2835,,,,gsea_norm,mcauroc,0.6593058109283447,0.0013054830287206266,collecTRI
2836,,,,gsea_norm,mcauroc,0.634395956993103,0.0013054830287206266,collecTRI
2837,,,,gsea_norm,mcauroc,0.6582138538360596,0.0013054830287206266,collecTRI
2838,,,,gsea_norm,mcauroc,0.6533066034317017,0.0013054830287206266,collecTRI
2839,,,,gsea_norm,mcauroc,0.6611687541007996,0.0013054830287206266,collecTRI
2840,,,,gsea_norm,mcauroc,0.6142781376838684,0.0013054830287206266,collecTRI
2841,,,,gsea_norm,mcauroc,0.6340235471725464,0.0013054830287206266,collecTRI
2842,,,,gsea_norm,mcauroc,0.6510196924209595,0.0013054830287206266,collecTRI
2843,,,,gsea_norm,mcauroc,0.639290452003479,0.0013054830287206266,collecTRI
2844,,,,gsea_norm,mcauroc,0.6508910059928894,0.0013054830287206266,collecTRI
2845,,,,gsea_norm,mcauroc,0.6807470917701721,0.0013054830287206266,collecTRI
2846,,,,gsea_norm,mcauroc,0.6426178812980652,0.0013054830287206266,collecTRI
2847,,,,gsea_norm,mcauroc,0.6607186794281006,0.0013054830287206266,collecTRI
2848,,,,gsea_norm,mcauroc,0.644442081451416,0.0013054830287206266,collecTRI
2849,,,,gsea_norm,mcauroc,0.6682214736938477,0.0013054830287206266,collecTRI
2850,,,,gsea_norm,mcauroc,0.6552590727806091,0.0013054830287206266,collecTRI
2851,,,,gsea_norm,mcauroc,0.6481806635856628,0.0013054830287206266,collecTRI
2852,,,,gsea_norm,mcauroc,0.6555289626121521,0.0013054830287206266,collecTRI
2853,,,,gsea_norm,mcauroc,0.6143167018890381,0.0013054830287206266,collecTRI
2854,,,,gsea_norm,mcauroc,0.6550792455673218,0.0013054830287206266,collecTRI
2855,,,,gsea_norm,mcauroc,0.6563253998756409,0.0013054830287206266,collecTRI
2856,,,,gsea_norm,mcauroc,0.6375177502632141,0.0013054830287206266,collecTRI
2857,,,,gsea_norm,mcauroc,0.6589332222938538,0.0013054830287206266,collecTRI
2858,,,,gsea_norm,mcauroc,0.6432859897613525,0.0013054830287206266,collecTRI
2859,,,,gsea_norm,mcauroc,0.640613853931427,0.0013054830287206266,collecTRI
2860,,,,gsea_norm,mcauroc,0.6480394005775452,0.0013054830287206266,collecTRI
2861,,,,gsea_norm,mcauroc,0.6472169160842896,0.0013054830287206266,collecTRI
2862,,,,gsea_norm,mcauroc,0.6223713755607605,0.0013054830287206266,collecTRI
2863,,,,gsea_norm,mcauroc,0.6617851853370667,0.0013054830287206266,collecTRI
2864,,,,gsea_norm,mcauroc,0.6486043334007263,0.0013054830287206266,collecTRI
2865,,,,gsea_norm,mcauroc,0.6694546341896057,0.0013054830287206266,collecTRI
2866,,,,gsea_norm,mcauroc,0.6310558915138245,0.0013054830287206266,collecTRI
2867,,,,gsea_norm,mcauroc,0.6761348843574524,0.0013054830287206266,collecTRI
2868,,,,gsea_norm,mcauroc,0.6793596744537354,0.0013054830287206266,collecTRI
2869,,,,gsea_norm,mcauroc,0.6584580540657043,0.0013054830287206266,collecTRI
2870,,,,gsea_norm,mcauroc,0.6347942352294922,0.0013054830287206266,collecTRI
2871,,,,gsea_norm,mcauroc,0.6669110059738159,0.0013054830287206266,collecTRI
2872,,,,gsea_norm,mcauroc,0.6567620038986206,0.0013054830287206266,collecTRI
2873,,,,gsea_norm,mcauroc,0.6431960463523865,0.0013054830287206266,collecTRI
2874,,,,gsea_norm,mcauroc,0.6493238210678101,0.0013054830287206266,collecTRI
2875,,,,gsea_norm,mcauroc,0.6628258228302002,0.0013054830287206266,collecTRI
2876,,,,gsea_norm,mcauroc,0.652099072933197,0.0013054830287206266,collecTRI
2877,,,,gsea_norm,mcauroc,0.6487715840339661,0.0013054830287206266,collecTRI
2878,,,,gsea_norm,mcauroc,0.6577513813972473,0.0013054830287206266,collecTRI
2879,,,,gsea_norm,mcauroc,0.6490799784660339,0.0013054830287206266,collecTRI
2880,,,,gsea_norm,mcauroc,0.6809012293815613,0.0013054830287206266,collecTRI
2881,,,,gsea_norm,mcauroc,0.6569289565086365,0.0013054830287206266,collecTRI
2882,,,,gsea_norm,mcauroc,0.6647142171859741,0.0013054830287206266,collecTRI
2883,,,,gsea_norm,mcauroc,0.6670587658882141,0.0013054830287206266,collecTRI
2884,,,,gsea_norm,mcauroc,0.6598324179649353,0.0013054830287206266,collecTRI
2885,,,,gsea_norm,mcauroc,0.6460220813751221,0.0013054830287206266,collecTRI
2886,,,,gsea_norm,mcauroc,0.6546040773391724,0.0013054830287206266,collecTRI
2887,,,,gsea_norm,mcauroc,0.6455596685409546,0.0013054830287206266,collecTRI
2888,,,,gsea_norm,mcauroc,0.6323018670082092,0.0013054830287206266,collecTRI
2889,,,,gsea_norm,mcauroc,0.6436711549758911,0.0013054830287206266,collecTRI
2890,,,,gsea_norm,mcauroc,0.6734375357627869,0.0013054830287206266,collecTRI
2891,,,,gsea_norm,mcauroc,0.6435300707817078,0.0013054830287206266,collecTRI
2892,,,,gsea_norm,mcauroc,0.6707653403282166,0.0013054830287206266,collecTRI
2893,,,,gsea_norm,mcauroc,0.6559144854545593,0.0013054830287206266,collecTRI
2894,,,,gsea_norm,mcauroc,0.6604233980178833,0.0013054830287206266,collecTRI
2895,,,,gsea_norm,mcauroc,0.6522786617279053,0.0013054830287206266,collecTRI
2896,,,,gsea_norm,mcauroc,0.6499406099319458,0.0013054830287206266,collecTRI
2897,,,,gsea_norm,mcauroc,0.6478592157363892,0.0013054830287206266,collecTRI
2898,,,,gsea_norm,mcauroc,0.6638534665107727,0.0013054830287206266,collecTRI
2899,,,,gsea_norm,mcauroc,0.6578929424285889,0.0013054830287206266,collecTRI
2900,,,,gsea_norm,mcauroc,0.6627101898193359,0.0013054830287206266,collecTRI
2901,,,,gsea_norm,mcauroc,0.6708806157112122,0.0013054830287206266,collecTRI
2902,,,,gsea_norm,mcauroc,0.6625559329986572,0.0013054830287206266,collecTRI
2903,,,,gsea_norm,mcauroc,0.6475637555122375,0.0013054830287206266,collecTRI
2904,,,,gsea_norm,mcauroc,0.6686453819274902,0.0013054830287206266,collecTRI
2905,,,,gsea_norm,mcauroc,0.644699215888977,0.0013054830287206266,collecTRI
2906,,,,gsea_norm,mcauroc,0.6430547833442688,0.0013054830287206266,collecTRI
2907,,,,gsea_norm,mcauroc,0.6571218371391296,0.0013054830287206266,collecTRI
2908,,,,gsea_norm,mcauroc,0.6606033444404602,0.0013054830287206266,collecTRI
2909,,,,gsea_norm,mcauroc,0.6633780598640442,0.0013054830287206266,collecTRI
2910,,,,gsea_norm,mcauroc,0.6180294156074524,0.0013054830287206266,collecTRI
2911,,,,gsea_norm,mcauroc,0.6643288135528564,0.0013054830287206266,collecTRI
2912,,,,gsea_norm,mcauroc,0.6246711611747742,0.0013054830287206266,collecTRI
2913,,,,gsea_norm,mcauroc,0.6303876638412476,0.0013054830287206266,collecTRI
2914,,,,gsea_norm,mcauroc,0.6556956768035889,0.0013054830287206266,collecTRI
2915,,,,gsea_norm,mcauroc,0.6664742827415466,0.0013054830287206266,collecTRI
2916,,,,gsea_norm,mcauroc,0.6536147594451904,0.0013054830287206266,collecTRI
2917,,,,gsea_norm,mcauroc,0.6564281582832336,0.0013054830287206266,collecTRI
2918,,,,gsea_norm,mcauroc,0.6779078841209412,0.0013054830287206266,collecTRI
2919,,,,gsea_norm,mcauroc,0.6390978693962097,0.0013054830287206266,collecTRI
2920,,,,gsea_norm,mcauroc,0.6485531330108643,0.0013054830287206266,collecTRI
2921,,,,gsea_norm,mcauroc,0.6678744554519653,0.0013054830287206266,collecTRI
2922,,,,gsea_norm,mcauroc,0.6548612117767334,0.0013054830287206266,collecTRI
2923,,,,gsea_norm,mcauroc,0.6550663113594055,0.0013054830287206266,collecTRI
2924,,,,gsea_norm,mcauroc,0.6695830821990967,0.0013054830287206266,collecTRI
2925,,,,gsea_norm,mcauroc,0.6302850842475891,0.0013054830287206266,collecTRI
2926,,,,gsea_norm,mcauroc,0.6610914468765259,0.0013054830287206266,collecTRI
2927,,,,gsea_norm,mcauroc,0.646394670009613,0.0013054830287206266,collecTRI
2928,,,,gsea_norm,mcauroc,0.6398301124572754,0.0013054830287206266,collecTRI
2929,,,,gsea_norm,mcauroc,0.654218316078186,0.0013054830287206266,collecTRI
2930,,,,gsea_norm,mcauroc,0.6354750990867615,0.0013054830287206266,collecTRI
2931,,,,gsea_norm,mcauroc,0.6708420515060425,0.0013054830287206266,collecTRI
2932,,,,gsea_norm,mcauroc,0.643606960773468,0.0013054830287206266,collecTRI
2933,,,,gsea_norm,mcauroc,0.6668596863746643,0.0013054830287206266,collecTRI
2934,,,,gsea_norm,mcauroc,0.6706364750862122,0.0013054830287206266,collecTRI
2935,,,,gsea_norm,mcauroc,0.6541801691055298,0.0013054830287206266,collecTRI
2936,,,,gsea_norm,mcauroc,0.6434788107872009,0.0013054830287206266,collecTRI
2937,,,,gsea_norm,mcauroc,0.6648041605949402,0.0013054830287206266,collecTRI
2938,,,,gsea_norm,mcauroc,0.6605135202407837,0.0013054830287206266,collecTRI
2939,,,,gsea_norm,mcauroc,0.6594213247299194,0.0013054830287206266,collecTRI
2940,,,,gsea_norm,mcauroc,0.6403955221176147,0.0013054830287206266,collecTRI
2941,,,,gsea_norm,mcauroc,0.6271761059761047,0.0013054830287206266,collecTRI
2942,,,,gsea_norm,mcauroc,0.6463178396224976,0.0013054830287206266,collecTRI
2943,,,,gsea_norm,mcauroc,0.649259626865387,0.0013054830287206266,collecTRI
2944,,,,gsea_norm,mcauroc,0.6547579765319824,0.0013054830287206266,collecTRI
2945,,,,gsea_norm,mcauroc,0.6561326384544373,0.0013054830287206266,collecTRI
2946,,,,gsea_norm,mcauroc,0.6530236601829529,0.0013054830287206266,collecTRI
2947,,,,gsea_norm,mcauroc,0.6535376906394958,0.0013054830287206266,collecTRI
2948,,,,gsea_norm,mcauroc,0.6349483728408813,0.0013054830287206266,collecTRI
2949,,,,gsea_norm,mcauroc,0.6423608660697937,0.0013054830287206266,collecTRI
2950,,,,gsea_norm,mcauroc,0.6531651020050049,0.0013054830287206266,collecTRI
2951,,,,gsea_norm,mcauroc,0.6342290639877319,0.0013054830287206266,collecTRI
2952,,,,gsea_norm,mcauroc,0.6702384352684021,0.0013054830287206266,collecTRI
2953,,,,gsea_norm,mcauroc,0.6815692186355591,0.0013054830287206266,collecTRI
2954,,,,gsea_norm,mcauroc,0.6559656262397766,0.0013054830287206266,collecTRI
2955,,,,gsea_norm,mcauroc,0.644801914691925,0.0013054830287206266,collecTRI
2956,,,,gsea_norm,mcauroc,0.6462022662162781,0.0013054830287206266,collecTRI
2957,,,,gsea_norm,mcauroc,0.6590875387191772,0.0013054830287206266,collecTRI
2958,,,,gsea_norm,mcauroc,0.667938768863678,0.0013054830287206266,collecTRI
2959,,,,gsea_norm,mcauroc,0.6315312385559082,0.0013054830287206266,collecTRI
2960,,,,gsea_norm,mcauroc,0.6426180005073547,0.0013054830287206266,collecTRI
2961,,,,gsea_norm,mcauroc,0.6261997818946838,0.0013054830287206266,collecTRI
2962,,,,gsea_norm,mcauroc,0.6537045836448669,0.0013054830287206266,collecTRI
2963,,,,gsea_norm,mcauroc,0.6493878960609436,0.0013054830287206266,collecTRI
2964,,,,gsea_norm,mcauroc,0.6367213129997253,0.0013054830287206266,collecTRI
2965,,,,gsea_norm,mcauroc,0.6715874075889587,0.0013054830287206266,collecTRI
2966,,,,gsea_norm,mcauroc,0.6225513815879822,0.0013054830287206266,collecTRI
2967,,,,gsea_norm,mcauroc,0.6484503149986267,0.0013054830287206266,collecTRI
2968,,,,gsea_norm,mcauroc,0.6388024687767029,0.0013054830287206266,collecTRI
2969,,,,gsea_norm,mcauroc,0.6562999486923218,0.0013054830287206266,collecTRI
2970,,,,gsea_norm,mcauroc,0.6448789834976196,0.0013054830287206266,collecTRI
2971,,,,gsea_norm,mcauroc,0.6184403300285339,0.0013054830287206266,collecTRI
2972,,,,gsea_norm,mcauroc,0.653306245803833,0.0013054830287206266,collecTRI
2973,,,,gsea_norm,mcauroc,0.6500688791275024,0.0013054830287206266,collecTRI
2974,,,,gsea_norm,mcauroc,0.6739640831947327,0.0013054830287206266,collecTRI
2975,,,,gsea_norm,mcauroc,0.6728719472885132,0.0013054830287206266,collecTRI
2976,,,,gsea_norm,mcauroc,0.642733633518219,0.0013054830287206266,collecTRI
2977,,,,gsea_norm,mcauroc,0.6589459180831909,0.0013054830287206266,collecTRI
2978,,,,gsea_norm,mcauroc,0.6537434458732605,0.0013054830287206266,collecTRI
2979,,,,gsea_norm,mcauroc,0.6520217657089233,0.0013054830287206266,collecTRI
2980,,,,gsea_norm,mcauroc,0.6772657632827759,0.0013054830287206266,collecTRI
2981,,,,gsea_norm,mcauroc,0.6592029333114624,0.0013054830287206266,collecTRI
2982,,,,gsea_norm,mcauroc,0.6426175236701965,0.0013054830287206266,collecTRI
2983,,,,gsea_norm,mcauroc,0.6496320962905884,0.0013054830287206266,collecTRI
2984,,,,gsea_norm,mcauroc,0.6690692901611328,0.0013054830287206266,collecTRI
2985,,,,gsea_norm,mcauroc,0.6539100408554077,0.0013054830287206266,collecTRI
2986,,,,gsea_norm,mcauroc,0.6282168030738831,0.0013054830287206266,collecTRI
2987,,,,gsea_norm,mcauroc,0.6509812474250793,0.0013054830287206266,collecTRI
2988,,,,gsea_norm,mcauroc,0.6379931569099426,0.0013054830287206266,collecTRI
2989,,,,gsea_norm,mcauroc,0.6174253821372986,0.0013054830287206266,collecTRI
2990,,,,gsea_norm,mcauroc,0.6450973749160767,0.0013054830287206266,collecTRI
2991,,,,gsea_norm,mcauroc,0.6276900172233582,0.0013054830287206266,collecTRI
2992,,,,gsea_norm,mcauroc,0.6606931090354919,0.0013054830287206266,collecTRI
2993,,,,gsea_norm,mcauroc,0.6941078305244446,0.0013054830287206266,collecTRI
2994,,,,gsea_norm,mcauroc,0.6376333236694336,0.0013054830287206266,collecTRI
2995,,,,gsea_norm,mcauroc,0.6327518820762634,0.0013054830287206266,collecTRI
2996,,,,gsea_norm,mcauroc,0.647846519947052,0.0013054830287206266,collecTRI
2997,,,,gsea_norm,mcauroc,0.6624787449836731,0.0013054830287206266,collecTRI
2998,,,,gsea_norm,mcauroc,0.6419242024421692,0.0013054830287206266,collecTRI
2999,,,,gsea_norm,mcauroc,0.6611558198928833,0.0013054830287206266,collecTRI
3000,,,,gsea_norm,mcauroc,0.6538716554641724,0.0013054830287206266,collecTRI
3001,,,,gsea_norm,mcauroc,0.6931570768356323,0.0013054830287206266,collecTRI
3002,,,,gsea_norm,mcauroc,0.6504416465759277,0.0013054830287206266,collecTRI
3003,,,,gsea_norm,mcauroc,0.6478980183601379,0.0013054830287206266,collecTRI
3004,,,,gsea_norm,mcauroc,0.6603977084159851,0.0013054830287206266,collecTRI
3005,,,,gsea_norm,mcauroc,0.6536788940429688,0.0013054830287206266,collecTRI
3006,,,,gsea_norm,mcauroc,0.6651125550270081,0.0013054830287206266,collecTRI
3007,,,,gsea_norm,mcauroc,0.6444422602653503,0.0013054830287206266,collecTRI
3008,,,,gsea_norm,mcauroc,0.6486817002296448,0.0013054830287206266,collecTRI
3009,,,,gsea_norm,mcauroc,0.659460186958313,0.0013054830287206266,collecTRI
3010,,,,gsea_norm,mcauroc,0.6566464304924011,0.0013054830287206266,collecTRI
3011,,,,gsea_norm,mcauroc,0.6393160820007324,0.0013054830287206266,collecTRI
3012,,,,gsea_norm,mcauroc,0.6569545865058899,0.0013054830287206266,collecTRI
3013,,,,gsea_norm,mcauroc,0.6430805325508118,0.0013054830287206266,collecTRI
3014,,,,gsea_norm,mcauroc,0.654488205909729,0.0013054830287206266,collecTRI
3015,,,,gsea_norm,mcauroc,0.6602306365966797,0.0013054830287206266,collecTRI
3016,,,,gsea_norm,mcauroc,0.6566466093063354,0.0013054830287206266,collecTRI
3017,,,,gsea_norm,mcauroc,0.6314539909362793,0.0013054830287206266,collecTRI
3018,,,,gsea_norm,mcauroc,0.6570960879325867,0.0013054830287206266,collecTRI
3019,,,,gsea_norm,mcauroc,0.6512894630432129,0.0013054830287206266,collecTRI
3020,,,,gsea_norm,mcauroc,0.6419757008552551,0.0013054830287206266,collecTRI
3021,,,,gsea_norm,mcauroc,0.6479363441467285,0.0013054830287206266,collecTRI
3022,,,,gsea_norm,mcauroc,0.6380831003189087,0.0013054830287206266,collecTRI
3023,,,,gsea_norm,mcauroc,0.6480648517608643,0.0013054830287206266,collecTRI
3024,,,,gsea_norm,mcauroc,0.6313127875328064,0.0013054830287206266,collecTRI
3025,,,,gsea_norm,mcauroc,0.643915593624115,0.0013054830287206266,collecTRI
3026,,,,gsea_norm,mcauroc,0.6698017716407776,0.0013054830287206266,collecTRI
3027,,,,gsea_norm,mcauroc,0.6591516137123108,0.0013054830287206266,collecTRI
3028,,,,gsea_norm,mcauroc,0.6522273421287537,0.0013054830287206266,collecTRI
3029,,,,gsea_norm,mcauroc,0.6398688554763794,0.0013054830287206266,collecTRI
3030,,,,gsea_norm,mcauroc,0.662286102771759,0.0013054830287206266,collecTRI
3031,,,,gsea_norm,mcauroc,0.646189272403717,0.0013054830287206266,collecTRI
3032,,,,gsea_norm,mcauroc,0.6636220216751099,0.0013054830287206266,collecTRI
3033,,,,gsea_norm,mcauroc,0.6623761653900146,0.0013054830287206266,collecTRI
3034,,,,gsea_norm,mcauroc,0.6503515839576721,0.0013054830287206266,collecTRI
3035,,,,gsea_norm,mcauroc,0.6554902791976929,0.0013054830287206266,collecTRI
3036,,,,gsea_norm,mcauroc,0.6553232669830322,0.0013054830287206266,collecTRI
3037,,,,gsea_norm,mcauroc,0.6484886407852173,0.0013054830287206266,collecTRI
3038,,,,gsea_norm,mcauroc,0.670276939868927,0.0013054830287206266,collecTRI
3039,,,,gsea_norm,mcauroc,0.6542571783065796,0.0013054830287206266,collecTRI
3040,,,,gsea_norm,mcauroc,0.652689516544342,0.0013054830287206266,collecTRI
3041,,,,gsea_norm,mcauroc,0.6650999188423157,0.0013054830287206266,collecTRI
3042,,,,gsea_norm,mcauroc,0.6564022898674011,0.0013054830287206266,collecTRI
3043,,,,gsea_norm,mcauroc,0.6544626355171204,0.0013054830287206266,collecTRI
3044,,,,gsea_norm,mcauroc,0.63881516456604,0.0013054830287206266,collecTRI
3045,,,,gsea_norm,mcauroc,0.6436842083930969,0.0013054830287206266,collecTRI
3046,,,,gsea_norm,mcauroc,0.6647142171859741,0.0013054830287206266,collecTRI
3047,,,,gsea_norm,mcauroc,0.6454440951347351,0.0013054830287206266,collecTRI
3048,,,,gsea_norm,mcauroc,0.6233862638473511,0.0013054830287206266,collecTRI
3049,,,,gsea_norm,mcauroc,0.6494524478912354,0.0013054830287206266,collecTRI
3050,,,,gsea_norm,mcauroc,0.6442623138427734,0.0013054830287206266,collecTRI
3051,,,,gsea_norm,mcauroc,0.6218447685241699,0.0013054830287206266,collecTRI
3052,,,,gsea_norm,mcauroc,0.6721909642219543,0.0013054830287206266,collecTRI
3053,,,,gsea_norm,mcauroc,0.6381216645240784,0.0013054830287206266,collecTRI
3054,,,,gsea_norm,mcauroc,0.6750687956809998,0.0013054830287206266,collecTRI
3055,,,,gsea_norm,mcauroc,0.6552848815917969,0.0013054830287206266,collecTRI
3056,,,,gsea_norm,mcauroc,0.6486301422119141,0.0013054830287206266,collecTRI
3057,,,,gsea_norm,mcauroc,0.6433115601539612,0.0013054830287206266,collecTRI
3058,,,,gsea_norm,mcauroc,0.6397018432617188,0.0013054830287206266,collecTRI
3059,,,,gsea_norm,mcauroc,0.6632369160652161,0.0013054830287206266,collecTRI
3060,,,,gsea_norm,mcauroc,0.6523431539535522,0.0013054830287206266,collecTRI
3061,,,,gsea_norm,mcauroc,0.670726478099823,0.0013054830287206266,collecTRI
3062,,,,gsea_norm,mcauroc,0.6312999129295349,0.0013054830287206266,collecTRI
3063,,,,gsea_norm,mcauroc,0.6272018551826477,0.0013054830287206266,collecTRI
3064,,,,gsea_norm,mcauroc,0.6667055487632751,0.0013054830287206266,collecTRI
3065,,,,gsea_norm,mcauroc,0.6808110475540161,0.0013054830287206266,collecTRI
3066,,,,gsea_norm,mcauroc,0.6287689805030823,0.0013054830287206266,collecTRI
3067,,,,gsea_norm,mcauroc,0.6685555577278137,0.0013054830287206266,collecTRI
3068,,,,gsea_norm,mcauroc,0.6424509882926941,0.0013054830287206266,collecTRI
3069,,,,gsea_norm,mcauroc,0.6559399366378784,0.0013054830287206266,collecTRI
3070,,,,gsea_norm,mcauroc,0.6887376308441162,0.0013054830287206266,collecTRI
3071,,,,gsea_norm,mcauroc,0.6395991444587708,0.0013054830287206266,collecTRI
3072,,,,gsea_norm,mcauroc,0.6762123107910156,0.0013054830287206266,collecTRI
3073,,,,gsea_norm,mcauroc,0.6536664366722107,0.0013054830287206266,collecTRI
3074,,,,gsea_norm,mcauroc,0.6778821349143982,0.0013054830287206266,collecTRI
3075,,,,gsea_norm,mcauroc,0.6779976487159729,0.0013054830287206266,collecTRI
3076,,,,gsea_norm,mcauroc,0.6483731269836426,0.0013054830287206266,collecTRI
3077,,,,gsea_norm,mcauroc,0.650326132774353,0.0013054830287206266,collecTRI
3078,,,,gsea_norm,mcauroc,0.6429004669189453,0.0013054830287206266,collecTRI
3079,,,,gsea_norm,mcauroc,0.6567491292953491,0.0013054830287206266,collecTRI
3080,,,,gsea_norm,mcauroc,0.6709191799163818,0.0013054830287206266,collecTRI
3081,,,,gsea_norm,mcauroc,0.6578027009963989,0.0013054830287206266,collecTRI
3082,,,,gsea_norm,mcauroc,0.6382243037223816,0.0013054830287206266,collecTRI
3083,,,,gsea_norm,mcauroc,0.65312659740448,0.0013054830287206266,collecTRI
3084,,,,gsea_norm,mcauroc,0.6559656262397766,0.0013054830287206266,collecTRI
3085,,,,gsea_norm,mcauroc,0.6479750871658325,0.0013054830287206266,collecTRI
3086,,,,gsea_norm,mcauroc,0.6577643752098083,0.0013054830287206266,collecTRI
3087,,,,gsea_norm,mcauroc,0.6638407111167908,0.0013054830287206266,collecTRI
3088,,,,gsea_norm,mcauroc,0.6881598234176636,0.0013054830287206266,collecTRI
3089,,,,gsea_norm,mcauroc,0.6615154147148132,0.0013054830287206266,collecTRI
3090,,,,gsea_norm,mcauroc,0.6907033324241638,0.0013054830287206266,collecTRI
3091,,,,gsea_norm,mcauroc,0.6379417181015015,0.0013054830287206266,collecTRI
3092,,,,gsea_norm,mcauroc,0.6700069904327393,0.0013054830287206266,collecTRI
3093,,,,gsea_norm,mcauroc,0.6401769518852234,0.0013054830287206266,collecTRI
3094,,,,gsea_norm,mcauroc,0.6476154327392578,0.0013054830287206266,collecTRI
3095,,,,gsea_norm,mcauroc,0.6357064247131348,0.0013054830287206266,collecTRI
3096,,,,gsea_norm,mcauroc,0.6364385485649109,0.0013054830287206266,collecTRI
3097,,,,gsea_norm,mcauroc,0.6632242798805237,0.0013054830287206266,collecTRI
3098,,,,gsea_norm,mcauroc,0.6470242142677307,0.0013054830287206266,collecTRI
3099,,,,gsea_norm,mcauroc,0.6512636542320251,0.0013054830287206266,collecTRI
3100,,,,gsea_norm,mcauroc,0.6822372078895569,0.0013054830287206266,collecTRI
3101,,,,gsea_norm,mcauroc,0.6646884679794312,0.0013054830287206266,collecTRI
3102,,,,gsea_norm,mcauroc,0.6698528528213501,0.0013054830287206266,collecTRI
3103,,,,gsea_norm,mcauroc,0.656376838684082,0.0013054830287206266,collecTRI
3104,,,,gsea_norm,mcauroc,0.6602177619934082,0.0013054830287206266,collecTRI
3105,,,,gsea_norm,mcauroc,0.6496450901031494,0.0013054830287206266,collecTRI
3106,,,,gsea_norm,mcauroc,0.6547067761421204,0.0013054830287206266,collecTRI
3107,,,,gsea_norm,mcauroc,0.662222146987915,0.0013054830287206266,collecTRI
3108,,,,gsea_norm,mcauroc,0.6456496715545654,0.0013054830287206266,collecTRI
3109,,,,gsea_norm,mcauroc,0.6883134841918945,0.0013054830287206266,collecTRI
3110,,,,gsea_norm,mcauroc,0.667000949382782,0.0013054830287206266,collecTRI
3111,,,,gsea_norm,mcauroc,0.645688533782959,0.0013054830287206266,collecTRI
3112,,,,gsea_norm,mcauroc,0.6563382148742676,0.0013054830287206266,collecTRI
3113,,,,gsea_norm,mcauroc,0.6366700530052185,0.0013054830287206266,collecTRI
3114,,,,gsea_norm,mcauroc,0.660898745059967,0.0013054830287206266,collecTRI
3115,,,,gsea_norm,mcauroc,0.6512510776519775,0.0013054830287206266,collecTRI
3116,,,,gsea_norm,mcauroc,0.6416542530059814,0.0013054830287206266,collecTRI
3117,,,,gsea_norm,mcauroc,0.6318910121917725,0.0013054830287206266,collecTRI
3118,,,,gsea_norm,mcauroc,0.6390976905822754,0.0013054830287206266,collecTRI
3119,,,,gsea_norm,mcauroc,0.6639691591262817,0.0013054830287206266,collecTRI
3120,,,,gsea_norm,mcauroc,0.6469088792800903,0.0013054830287206266,collecTRI
3121,,,,gsea_norm,mcauroc,0.6579568982124329,0.0013054830287206266,collecTRI
3122,,,,gsea_norm,mcauroc,0.6550407409667969,0.0013054830287206266,collecTRI
3123,,,,gsea_norm,mcauroc,0.6526895761489868,0.0013054830287206266,collecTRI
3124,,,,gsea_norm,mcauroc,0.658894956111908,0.0013054830287206266,collecTRI
3125,,,,gsea_norm,mcauroc,0.6616694927215576,0.0013054830287206266,collecTRI
3126,,,,gsea_norm,mcauroc,0.6219860911369324,0.0013054830287206266,collecTRI
3127,,,,gsea_norm,mcauroc,0.6636605858802795,0.0013054830287206266,collecTRI
3128,,,,gsea_norm,mcauroc,0.6487330794334412,0.0013054830287206266,collecTRI
3129,,,,gsea_norm,mcauroc,0.6494139432907104,0.0013054830287206266,collecTRI
3130,,,,gsea_norm,mcauroc,0.6629284024238586,0.0013054830287206266,collecTRI
3131,,,,gsea_norm,mcauroc,0.66092449426651,0.0013054830287206266,collecTRI
3132,,,,gsea_norm,mcauroc,0.6672962307929993,0.0013054830287206266,collecTRI
3133,,,,gsea_norm,mcauroc,0.6420013904571533,0.0013054830287206266,collecTRI
3134,,,,gsea_norm,mcauroc,0.6317110061645508,0.0013054830287206266,collecTRI
3135,,,,gsea_norm,mcauroc,0.6460993885993958,0.0013054830287206266,collecTRI
3136,,,,gsea_norm,mcauroc,0.6390079855918884,0.0013054830287206266,collecTRI
3137,,,,gsea_norm,mcauroc,0.6395604014396667,0.0013054830287206266,collecTRI
3138,,,,gsea_norm,mcauroc,0.6426438093185425,0.0013054830287206266,collecTRI
3139,,,,gsea_norm,mcauroc,0.6461505889892578,0.0013054830287206266,collecTRI
3140,,,,gsea_norm,mcauroc,0.650068998336792,0.0013054830287206266,collecTRI
3141,,,,gsea_norm,mcauroc,0.644814670085907,0.0013054830287206266,collecTRI
3142,,,,gsea_norm,mcauroc,0.6266493201255798,0.0013054830287206266,collecTRI
3143,,,,gsea_norm,mcauroc,0.6450973749160767,0.0013054830287206266,collecTRI
3144,,,,gsea_norm,mcauroc,0.6716001629829407,0.0013054830287206266,collecTRI
3145,,,,gsea_norm,mcauroc,0.6544113755226135,0.0013054830287206266,collecTRI
3146,,,,gsea_norm,mcauroc,0.6550149917602539,0.0013054830287206266,collecTRI
3147,,,,gsea_norm,mcauroc,0.6544241309165955,0.0013054830287206266,collecTRI
3148,,,,gsea_norm,mcauroc,0.6725509762763977,0.0013054830287206266,collecTRI
3149,,,,gsea_norm,mcauroc,0.6395602226257324,0.0013054830287206266,collecTRI
3150,,,,gsea_norm,mcauroc,0.644082248210907,0.0013054830287206266,collecTRI
3151,,,,gsea_norm,mcauroc,0.6433374285697937,0.0013054830287206266,collecTRI
3152,,,,gsea_norm,mcauroc,0.6737712025642395,0.0013054830287206266,collecTRI
3153,,,,gsea_norm,mcauroc,0.6519960165023804,0.0013054830287206266,collecTRI
3154,,,,gsea_norm,mcauroc,0.6491696834564209,0.0013054830287206266,collecTRI
3155,,,,gsea_norm,mcauroc,0.6538845896720886,0.0013054830287206266,collecTRI
3156,,,,gsea_norm,mcauroc,0.6454569101333618,0.0013054830287206266,collecTRI
3157,,,,gsea_norm,mcauroc,0.6612713932991028,0.0013054830287206266,collecTRI
3158,,,,gsea_norm,mcauroc,0.6572372913360596,0.0013054830287206266,collecTRI
3159,,,,gsea_norm,mcauroc,0.6714716553688049,0.0013054830287206266,collecTRI
3160,,,,gsea_norm,mcauroc,0.6459967494010925,0.0013054830287206266,collecTRI
3161,,,,gsea_norm,mcauroc,0.6251206398010254,0.0013054830287206266,collecTRI
3162,,,,gsea_norm,mcauroc,0.6745032668113708,0.0013054830287206266,collecTRI
3163,,,,gsea_norm,mcauroc,0.6382115483283997,0.0013054830287206266,collecTRI
3164,,,,gsea_norm,mcauroc,0.6559271216392517,0.0013054830287206266,collecTRI
3165,,,,gsea_norm,mcauroc,0.6432345509529114,0.0013054830287206266,collecTRI
3166,,,,gsea_norm,mcauroc,0.6597297191619873,0.0013054830287206266,collecTRI
3167,,,,gsea_norm,mcauroc,0.6414232850074768,0.0013054830287206266,collecTRI
3168,,,,gsea_norm,mcauroc,0.6409733891487122,0.0013054830287206266,collecTRI
3169,,,,gsea_norm,mcauroc,0.6522143483161926,0.0013054830287206266,collecTRI
3170,,,,gsea_norm,mcauroc,0.6555417776107788,0.0013054830287206266,collecTRI
3171,,,,gsea_norm,mcauroc,0.6743237376213074,0.0013054830287206266,collecTRI
3172,,,,gsea_norm,mcauroc,0.6289875507354736,0.0013054830287206266,collecTRI
3173,,,,gsea_norm,mcauroc,0.6424124836921692,0.0013054830287206266,collecTRI
3174,,,,gsea_norm,mcauroc,0.6737197637557983,0.0013054830287206266,collecTRI
3175,,,,gsea_norm,mcauroc,0.6512896418571472,0.0013054830287206266,collecTRI
3176,,,,gsea_norm,mcauroc,0.6313386559486389,0.0013054830287206266,collecTRI
3177,,,,gsea_norm,mcauroc,0.6513792276382446,0.0013054830287206266,collecTRI
3178,,,,gsea_norm,mcauroc,0.6772652268409729,0.0013054830287206266,collecTRI
3179,,,,gsea_norm,mcauroc,0.6626202464103699,0.0013054830287206266,collecTRI
3180,,,,gsea_norm,mcauroc,0.6730517148971558,0.0013054830287206266,collecTRI
3181,,,,gsea_norm,mcauroc,0.6813892722129822,0.0013054830287206266,collecTRI
3182,,,,gsea_norm,mcauroc,0.669120728969574,0.0013054830287206266,collecTRI
3183,,,,gsea_norm,mcauroc,0.6541734933853149,0.0013054830287206266,collecTRI
3184,,,,gsea_norm,mcauroc,0.6640719175338745,0.0013054830287206266,collecTRI
3185,,,,gsea_norm,mcauroc,0.6324561238288879,0.0013054830287206266,collecTRI
3186,,,,gsea_norm,mcauroc,0.6798346638679504,0.0013054830287206266,collecTRI
3187,,,,gsea_norm,mcauroc,0.631119966506958,0.0013054830287206266,collecTRI
3188,,,,gsea_norm,mcauroc,0.6433887481689453,0.0013054830287206266,collecTRI
3189,,,,gsea_norm,mcauroc,0.6540769338607788,0.0013054830287206266,collecTRI
3190,,,,gsea_norm,mcauroc,0.6706621646881104,0.0013054830287206266,collecTRI
3191,,,,gsea_norm,mcauroc,0.6602819561958313,0.0013054830287206266,collecTRI
3192,,,,gsea_norm,mcauroc,0.6710736155509949,0.0013054830287206266,collecTRI
3193,,,,gsea_norm,mcauroc,0.6396759748458862,0.0013054830287206266,collecTRI
3194,,,,gsea_norm,mcauroc,0.646073579788208,0.0013054830287206266,collecTRI
3195,,,,gsea_norm,mcauroc,0.68105548620224,0.0013054830287206266,collecTRI
3196,,,,gsea_norm,mcauroc,0.6648555397987366,0.0013054830287206266,collecTRI
3197,,,,gsea_norm,mcauroc,0.6356936693191528,0.0013054830287206266,collecTRI
3198,,,,gsea_norm,mcauroc,0.6501976251602173,0.0013054830287206266,collecTRI
3199,,,,gsea_norm,mcauroc,0.6298611760139465,0.0013054830287206266,collecTRI
3200,,,,gsea_norm,mcauroc,0.6455469727516174,0.0013054830287206266,collecTRI
3201,,,,gsea_norm,mcauroc,0.6570062637329102,0.0013054830287206266,collecTRI
3202,,,,gsea_norm,mcauroc,0.654154360294342,0.0013054830287206266,collecTRI
3203,,,,gsea_norm,mcauroc,0.657224714756012,0.0013054830287206266,collecTRI
3204,,,,gsea_norm,mcauroc,0.6532806754112244,0.0013054830287206266,collecTRI
3205,,,,gsea_norm,mcauroc,0.6422198414802551,0.0013054830287206266,collecTRI
3206,,,,gsea_norm,mcauroc,0.676096498966217,0.0013054830287206266,collecTRI
3207,,,,gsea_norm,mcauroc,0.6627614498138428,0.0013054830287206266,collecTRI
3208,,,,gsea_norm,mcauroc,0.6648941040039062,0.0013054830287206266,collecTRI
3209,,,,gsea_norm,mcauroc,0.6490540504455566,0.0013054830287206266,collecTRI
3210,,,,gsea_norm,mcauroc,0.6574944257736206,0.0013054830287206266,collecTRI
3211,,,,gsea_norm,mcauroc,0.6507755517959595,0.0013054830287206266,collecTRI
3212,,,,gsea_norm,mcauroc,0.6672580242156982,0.0013054830287206266,collecTRI
3213,,,,gsea_norm,mcauroc,0.6566724181175232,0.0013054830287206266,collecTRI
3214,,,,gsea_norm,mcauroc,0.6567109227180481,0.0013054830287206266,collecTRI
3215,,,,gsea_norm,mcauroc,0.6403569579124451,0.0013054830287206266,collecTRI
3216,,,,gsea_norm,mcauroc,0.6235405206680298,0.0013054830287206266,collecTRI
3217,,,,gsea_norm,mcauroc,0.6507757306098938,0.0013054830287206266,collecTRI
3218,,,,gsea_norm,mcauroc,0.6713047623634338,0.0013054830287206266,collecTRI
3219,,,,gsea_norm,mcauroc,0.6568649411201477,0.0013054830287206266,collecTRI
3220,,,,gsea_norm,mcauroc,0.6413975358009338,0.0013054830287206266,collecTRI
3221,,,,gsea_norm,mcauroc,0.6472169160842896,0.0013054830287206266,collecTRI
3222,,,,gsea_norm,mcauroc,0.6488100290298462,0.0013054830287206266,collecTRI
3223,,,,gsea_norm,mcauroc,0.6802847385406494,0.0013054830287206266,collecTRI
3224,,,,gsea_norm,mcauroc,0.6801561117172241,0.0013054830287206266,collecTRI
3225,,,,gsea_norm,mcauroc,0.6551434993743896,0.0013054830287206266,collecTRI
3226,,,,gsea_norm,mcauroc,0.6695961356163025,0.0013054830287206266,collecTRI
3227,,,,gsea_norm,mcauroc,0.6368496417999268,0.0013054830287206266,collecTRI
3228,,,,gsea_norm,mcauroc,0.6692751049995422,0.0013054830287206266,collecTRI
3229,,,,gsea_norm,mcauroc,0.6588946580886841,0.0013054830287206266,collecTRI
3230,,,,gsea_norm,mcauroc,0.6259171366691589,0.0013054830287206266,collecTRI
3231,,,,gsea_norm,mcauroc,0.6612972617149353,0.0013054830287206266,collecTRI
3232,,,,gsea_norm,mcauroc,0.6639175415039062,0.0013054830287206266,collecTRI
3233,,,,gsea_norm,mcauroc,0.6514948010444641,0.0013054830287206266,collecTRI
3234,,,,gsea_norm,mcauroc,0.6492597460746765,0.0013054830287206266,collecTRI
3235,,,,gsea_norm,mcauroc,0.6463050246238708,0.0013054830287206266,collecTRI
3236,,,,gsea_norm,mcauroc,0.667823076248169,0.0013054830287206266,collecTRI
3237,,,,gsea_norm,mcauroc,0.6726665496826172,0.0013054830287206266,collecTRI
3238,,,,gsea_norm,mcauroc,0.6770086288452148,0.0013054830287206266,collecTRI
3239,,,,gsea_norm,mcauroc,0.6252234578132629,0.0013054830287206266,collecTRI
3240,,,,gsea_norm,mcauroc,0.6481549143791199,0.0013054830287206266,collecTRI
3241,,,,gsea_norm,mcauroc,0.6546168327331543,0.0013054830287206266,collecTRI
3242,,,,gsea_norm,mcauroc,0.6598067879676819,0.0013054830287206266,collecTRI
3243,,,,gsea_norm,mcauroc,0.6571733355522156,0.0013054830287206266,collecTRI
3244,,,,gsea_norm,mcauroc,0.6361045241355896,0.0013054830287206266,collecTRI
3245,,,,gsea_norm,mcauroc,0.6346270442008972,0.0013054830287206266,collecTRI
3246,,,,gsea_norm,mcauroc,0.636785626411438,0.0013054830287206266,collecTRI
3247,,,,gsea_norm,mcauroc,0.6588818430900574,0.0013054830287206266,collecTRI
3248,,,,gsea_norm,mcauroc,0.634768545627594,0.0013054830287206266,collecTRI
3249,,,,gsea_norm,mcauroc,0.6397786140441895,0.0013054830287206266,collecTRI
3250,,,,gsea_norm,mcauroc,0.6634683012962341,0.0013054830287206266,collecTRI
3251,,,,gsea_norm,mcauroc,0.6624530553817749,0.0013054830287206266,collecTRI
3252,,,,gsea_norm,mcauroc,0.651032567024231,0.0013054830287206266,collecTRI
3253,,,,gsea_norm,mcauroc,0.6195581555366516,0.0013054830287206266,collecTRI
3254,,,,gsea_norm,mcauroc,0.6552846431732178,0.0013054830287206266,collecTRI
3255,,,,gsea_norm,mcauroc,0.6278310418128967,0.0013054830287206266,collecTRI
3256,,,,gsea_norm,mcauroc,0.6512895822525024,0.0013054830287206266,collecTRI
3257,,,,gsea_norm,mcauroc,0.6280884146690369,0.0013054830287206266,collecTRI
3258,,,,gsea_norm,mcauroc,0.6454058289527893,0.0013054830287206266,collecTRI
3259,,,,gsea_norm,mcauroc,0.655811607837677,0.0013054830287206266,collecTRI
3260,,,,gsea_norm,mcauroc,0.6502232551574707,0.0013054830287206266,collecTRI
3261,,,,gsea_norm,mcauroc,0.6613098978996277,0.0013054830287206266,collecTRI
3262,,,,gsea_norm,mcauroc,0.6286278963088989,0.0013054830287206266,collecTRI
3263,,,,gsea_norm,mcauroc,0.6728848814964294,0.0013054830287206266,collecTRI
3264,,,,gsea_norm,mcauroc,0.6423352956771851,0.0013054830287206266,collecTRI
3265,,,,gsea_norm,mcauroc,0.6595368981361389,0.0013054830287206266,collecTRI
3266,,,,gsea_norm,mcauroc,0.6535376906394958,0.0013054830287206266,collecTRI
3267,,,,gsea_norm,mcauroc,0.6583551168441772,0.0013054830287206266,collecTRI
3268,,,,gsea_norm,mcauroc,0.6600250601768494,0.0013054830287206266,collecTRI
3269,,,,gsea_norm,mcauroc,0.6479621529579163,0.0013054830287206266,collecTRI
3270,,,,gsea_norm,mcauroc,0.648476243019104,0.0013054830287206266,collecTRI
3271,,,,gsea_norm,mcauroc,0.6561453342437744,0.0013054830287206266,collecTRI
3272,,,,gsea_norm,mcauroc,0.6577515602111816,0.0013054830287206266,collecTRI
3273,,,,gsea_norm,mcauroc,0.6616054773330688,0.0013054830287206266,collecTRI
3274,,,,gsea_norm,mcauroc,0.6700454354286194,0.0013054830287206266,collecTRI
3275,,,,gsea_norm,mcauroc,0.6406781077384949,0.0013054830287206266,collecTRI
3276,,,,gsea_norm,mcauroc,0.6651253700256348,0.0013054830287206266,collecTRI
3277,,,,gsea_norm,mcauroc,0.6523558497428894,0.0013054830287206266,collecTRI
3278,,,,gsea_norm,mcauroc,0.6443265676498413,0.0013054830287206266,collecTRI
3279,,,,gsea_norm,mcauroc,0.6433629989624023,0.0013054830287206266,collecTRI
3280,,,,gsea_norm,mcauroc,0.654385507106781,0.0013054830287206266,collecTRI
3281,,,,gsea_norm,mcauroc,0.6592671275138855,0.0013054830287206266,collecTRI
3282,,,,gsea_norm,mcauroc,0.6511093378067017,0.0013054830287206266,collecTRI
3283,,,,gsea_norm,mcauroc,0.6567621827125549,0.0013054830287206266,collecTRI
3284,,,,gsea_norm,mcauroc,0.6532807946205139,0.0013054830287206266,collecTRI
3285,,,,gsea_norm,mcauroc,0.6600894927978516,0.0013054830287206266,collecTRI
3286,,,,gsea_norm,mcauroc,0.6332396864891052,0.0013054830287206266,collecTRI
3287,,,,gsea_norm,mcauroc,0.6585993766784668,0.0013054830287206266,collecTRI
3288,,,,gsea_norm,mcauroc,0.647383987903595,0.0013054830287206266,collecTRI
3289,,,,gsea_norm,mcauroc,0.6633139848709106,0.0013054830287206266,collecTRI
3290,,,,gsea_norm,mcauroc,0.6168858408927917,0.0013054830287206266,collecTRI
3291,,,,gsea_norm,mcauroc,0.6488102078437805,0.0013054830287206266,collecTRI
3292,,,,gsea_norm,mcauroc,0.6433888673782349,0.0013054830287206266,collecTRI
3293,,,,gsea_norm,mcauroc,0.6742849946022034,0.0013054830287206266,collecTRI
3294,,,,gsea_norm,mcauroc,0.6585478782653809,0.0013054830287206266,collecTRI
3295,,,,gsea_norm,mcauroc,0.6414486765861511,0.0013054830287206266,collecTRI
3296,,,,gsea_norm,mcauroc,0.6591000556945801,0.0013054830287206266,collecTRI
3297,,,,gsea_norm,mcauroc,0.6507113575935364,0.0013054830287206266,collecTRI
3298,,,,gsea_norm,mcauroc,0.6260713338851929,0.0013054830287206266,collecTRI
3299,,,,gsea_norm,mcauroc,0.6689152121543884,0.0013054830287206266,collecTRI
3300,,,,gsea_norm,mcauroc,0.6795137524604797,0.0013054830287206266,collecTRI
3301,,,,gsea_norm,mcauroc,0.6595884561538696,0.0013054830287206266,collecTRI
3302,,,,gsea_norm,mcauroc,0.6336896419525146,0.0013054830287206266,collecTRI
3303,,,,gsea_norm,mcauroc,0.6388281583786011,0.0013054830287206266,collecTRI
3304,,,,gsea_norm,mcauroc,0.6530494689941406,0.0013054830287206266,collecTRI
3305,,,,gsea_norm,mcauroc,0.6449818015098572,0.0013054830287206266,collecTRI
3306,,,,gsea_norm,mcauroc,0.6533576250076294,0.0013054830287206266,collecTRI
3307,,,,gsea_norm,mcauroc,0.6535890102386475,0.0013054830287206266,collecTRI
3308,,,,gsea_norm,mcauroc,0.6743237376213074,0.0013054830287206266,collecTRI
3309,,,,gsea_norm,mcauroc,0.6844213604927063,0.0013054830287206266,collecTRI
3310,,,,gsea_norm,mcauroc,0.6390467882156372,0.0013054830287206266,collecTRI
3311,,,,gsea_norm,mcauroc,0.6477565169334412,0.0013054830287206266,collecTRI
3312,,,,gsea_norm,mcauroc,0.6635195016860962,0.0013054830287206266,collecTRI
3313,,,,gsea_norm,mcauroc,0.6583164930343628,0.0013054830287206266,collecTRI
3314,,,,gsea_norm,mcauroc,0.6718568801879883,0.0013054830287206266,collecTRI
3315,,,,gsea_norm,mcauroc,0.6415513157844543,0.0013054830287206266,collecTRI
3316,,,,gsea_norm,mcauroc,0.6694675087928772,0.0013054830287206266,collecTRI
3317,,,,gsea_norm,mcauroc,0.6436198353767395,0.0013054830287206266,collecTRI
3318,,,,gsea_norm,mcauroc,0.6606162786483765,0.0013054830287206266,collecTRI
3319,,,,gsea_norm,mcauroc,0.6499019265174866,0.0013054830287206266,collecTRI
3320,,,,gsea_norm,mcauroc,0.686245322227478,0.0013054830287206266,collecTRI
3321,,,,gsea_norm,mcauroc,0.6551820635795593,0.0013054830287206266,collecTRI
3322,,,,gsea_norm,mcauroc,0.6694034934043884,0.0013054830287206266,collecTRI
3323,,,,gsea_norm,mcauroc,0.6500433087348938,0.0013054830287206266,collecTRI
3324,,,,gsea_norm,mcauroc,0.6423607468605042,0.0013054830287206266,collecTRI
3325,,,,gsea_norm,mcauroc,0.6635065078735352,0.0013054830287206266,collecTRI
3326,,,,gsea_norm,mcauroc,0.6696089506149292,0.0013054830287206266,collecTRI
3327,,,,gsea_norm,mcauroc,0.670495331287384,0.0013054830287206266,collecTRI
3328,,,,gsea_norm,mcauroc,0.6684012413024902,0.0013054830287206266,collecTRI
3329,,,,gsea_norm,mcauroc,0.6344729661941528,0.0013054830287206266,collecTRI
3330,,,,gsea_norm,mcauroc,0.6628386378288269,0.0013054830287206266,collecTRI
3331,,,,gsea_norm,mcauroc,0.6514308452606201,0.0013054830287206266,collecTRI
3332,,,,gsea_norm,mcauroc,0.660128116607666,0.0013054830287206266,collecTRI
3333,,,,gsea_norm,mcauroc,0.6519960165023804,0.0013054830287206266,collecTRI
3334,,,,gsea_norm,mcauroc,0.6487714052200317,0.0013054830287206266,collecTRI
3335,,,,gsea_norm,mcauroc,0.643362820148468,0.0013054830287206266,collecTRI
3336,,,,gsea_norm,mcauroc,0.6411150693893433,0.0013054830287206266,collecTRI
3337,,,,gsea_norm,mcauroc,0.6452774405479431,0.0013054830287206266,collecTRI
3338,,,,gsea_norm,mcauroc,0.652355968952179,0.0013054830287206266,collecTRI
3339,,,,gsea_norm,mcauroc,0.6449303030967712,0.0013054830287206266,collecTRI
3340,,,,gsea_norm,mcauroc,0.6512380242347717,0.0013054830287206266,collecTRI
3341,,,,gsea_norm,mcauroc,0.6524325609207153,0.0013054830287206266,collecTRI
3342,,,,gsea_norm,mcauroc,0.6469472050666809,0.0013054830287206266,collecTRI
3343,,,,gsea_norm,mcauroc,0.6681700348854065,0.0013054830287206266,collecTRI
3344,,,,gsea_norm,mcauroc,0.6399844884872437,0.0013054830287206266,collecTRI
3345,,,,gsea_norm,mcauroc,0.6583292484283447,0.0013054830287206266,collecTRI
3346,,,,gsea_norm,mcauroc,0.6534221768379211,0.0013054830287206266,collecTRI
3347,,,,gsea_norm,mcauroc,0.6365029215812683,0.0013054830287206266,collecTRI
3348,,,,gsea_norm,mcauroc,0.6897780299186707,0.0013054830287206266,collecTRI
3349,,,,gsea_norm,mcauroc,0.6607188582420349,0.0013054830287206266,collecTRI
3350,,,,gsea_norm,mcauroc,0.6227182149887085,0.0013054830287206266,collecTRI
3351,,,,gsea_norm,mcauroc,0.6583808064460754,0.0013054830287206266,collecTRI
3352,,,,gsea_norm,mcauroc,0.6779205799102783,0.0013054830287206266,collecTRI
3353,,,,gsea_norm,mcauroc,0.6243755221366882,0.0013054830287206266,collecTRI
3354,,,,gsea_norm,mcauroc,0.6595243215560913,0.0013054830287206266,collecTRI
3355,,,,gsea_norm,mcauroc,0.6412177681922913,0.0013054830287206266,collecTRI
3356,,,,gsea_norm,mcauroc,0.6523299813270569,0.0013054830287206266,collecTRI
3357,,,,gsea_norm,mcauroc,0.634306013584137,0.0013054830287206266,collecTRI
3358,,,,gsea_norm,mcauroc,0.6443907022476196,0.0013054830287206266,collecTRI
3359,,,,gsea_norm,mcauroc,0.6306447386741638,0.0013054830287206266,collecTRI
3360,,,,gsea_norm,mcauroc,0.648900032043457,0.0013054830287206266,collecTRI
3361,,,,gsea_norm,mcauroc,0.6300023794174194,0.0013054830287206266,collecTRI
3362,,,,gsea_norm,mcauroc,0.6359119415283203,0.0013054830287206266,collecTRI
3363,,,,gsea_norm,mcauroc,0.6491824388504028,0.0013054830287206266,collecTRI
3364,,,,gsea_norm,mcauroc,0.6576228141784668,0.0013054830287206266,collecTRI
3365,,,,gsea_norm,mcauroc,0.6736298203468323,0.0013054830287206266,collecTRI
3366,,,,gsea_norm,mcauroc,0.6645601391792297,0.0013054830287206266,collecTRI
3367,,,,gsea_norm,mcauroc,0.625313401222229,0.0013054830287206266,collecTRI
3368,,,,gsea_norm,mcauroc,0.629951000213623,0.0013054830287206266,collecTRI
3369,,,,gsea_norm,mcauroc,0.6829438209533691,0.0013054830287206266,collecTRI
3370,,,,gsea_norm,mcauroc,0.6379032731056213,0.0013054830287206266,collecTRI
3371,,,,gsea_norm,mcauroc,0.6764819025993347,0.0013054830287206266,collecTRI
3372,,,,gsea_norm,mcauroc,0.6580080986022949,0.0013054830287206266,collecTRI
3373,,,,gsea_norm,mcauroc,0.68032306432724,0.0013054830287206266,collecTRI
3374,,,,gsea_norm,mcauroc,0.6304776668548584,0.0013054830287206266,collecTRI
3375,,,,gsea_norm,mcauroc,0.6529468297958374,0.0013054830287206266,collecTRI
3376,,,,gsea_norm,mcauroc,0.6193780899047852,0.0013054830287206266,collecTRI
3377,,,,gsea_norm,mcauroc,0.6637891530990601,0.0013054830287206266,collecTRI
3378,,,,gsea_norm,mcauroc,0.6712405681610107,0.0013054830287206266,collecTRI
3379,,,,gsea_norm,mcauroc,0.6893416047096252,0.0013054830287206266,collecTRI
3380,,,,gsea_norm,mcauroc,0.640742301940918,0.0013054830287206266,collecTRI
3381,,,,gsea_norm,mcauroc,0.6656009554862976,0.0013054830287206266,collecTRI
3382,,,,gsea_norm,mcauroc,0.6420267224311829,0.0013054830287206266,collecTRI
3383,,,,gsea_norm,mcauroc,0.6623631715774536,0.0013054830287206266,collecTRI
3384,,,,gsea_norm,mcauroc,0.6451873779296875,0.0013054830287206266,collecTRI
3385,,,,gsea_norm,mcauroc,0.645881175994873,0.0013054830287206266,collecTRI
3386,,,,gsea_norm,mcauroc,0.6603463292121887,0.0013054830287206266,collecTRI
3387,,,,gsea_norm,mcauroc,0.6824427843093872,0.0013054830287206266,collecTRI
3388,,,,gsea_norm,mcauroc,0.6710991263389587,0.0013054830287206266,collecTRI
3389,,,,gsea_norm,mcauroc,0.6628770232200623,0.0013054830287206266,collecTRI
3390,,,,gsea_norm,mcauroc,0.6501717567443848,0.0013054830287206266,collecTRI
3391,,,,gsea_norm,mcauroc,0.648411750793457,0.0013054830287206266,collecTRI
3392,,,,gsea_norm,mcauroc,0.6455470323562622,0.0013054830287206266,collecTRI
3393,,,,gsea_norm,mcauroc,0.6201489567756653,0.0013054830287206266,collecTRI
3394,,,,gsea_norm,mcauroc,0.648116409778595,0.0013054830287206266,collecTRI
3395,,,,gsea_norm,mcauroc,0.6498247385025024,0.0013054830287206266,collecTRI
3396,,,,gsea_norm,mcauroc,0.6548864841461182,0.0013054830287206266,collecTRI
3397,,,,gsea_norm,mcauroc,0.6347045302391052,0.0013054830287206266,collecTRI
3398,,,,gsea_norm,mcauroc,0.6579184532165527,0.0013054830287206266,collecTRI
3399,,,,gsea_norm,mcauroc,0.6553747057914734,0.0013054830287206266,collecTRI
3400,,,,gsea_norm,mcauroc,0.6686453819274902,0.0013054830287206266,collecTRI
3401,,,,gsea_norm,mcauroc,0.6310172080993652,0.0013054830287206266,collecTRI
3402,,,,gsea_norm,mcauroc,0.6409734487533569,0.0013054830287206266,collecTRI
3403,,,,gsea_norm,mcauroc,0.6462281346321106,0.0013054830287206266,collecTRI
3404,,,,gsea_norm,mcauroc,0.6618365049362183,0.0013054830287206266,collecTRI
3405,,,,gsea_norm,mcauroc,0.6506984829902649,0.0013054830287206266,collecTRI
3406,,,,gsea_norm,mcauroc,0.6524972319602966,0.0013054830287206266,collecTRI
3407,,,,gsea_norm,mcauroc,0.6336123943328857,0.0013054830287206266,collecTRI
3408,,,,gsea_norm,mcauroc,0.6391233801841736,0.0013054830287206266,collecTRI
3409,,,,gsea_norm,mcauroc,0.6418601274490356,0.0013054830287206266,collecTRI
3410,,,,gsea_norm,mcauroc,0.6583423614501953,0.0013054830287206266,collecTRI
3411,,,,gsea_norm,mcauroc,0.6397144198417664,0.0013054830287206266,collecTRI
3412,,,,gsea_norm,mcauroc,0.6720625162124634,0.0013054830287206266,collecTRI
3413,,,,gsea_norm,mcauroc,0.657789945602417,0.0013054830287206266,collecTRI
3414,,,,gsea_norm,mcauroc,0.6564923524856567,0.0013054830287206266,collecTRI
3415,,,,gsea_norm,mcauroc,0.6463306546211243,0.0013054830287206266,collecTRI
3416,,,,gsea_norm,mcauroc,0.6551434993743896,0.0013054830287206266,collecTRI
3417,,,,gsea_norm,mcauroc,0.6530107855796814,0.0013054830287206266,collecTRI
3418,,,,gsea_norm,mcauroc,0.63372802734375,0.0013054830287206266,collecTRI
3419,,,,gsea_norm,mcauroc,0.6714203357696533,0.0013054830287206266,collecTRI
3420,,,,gsea_norm,mcauroc,0.6648426651954651,0.0013054830287206266,collecTRI
3421,,,,gsea_norm,mcauroc,0.6722554564476013,0.0013054830287206266,collecTRI
3422,,,,gsea_norm,mcauroc,0.6509038805961609,0.0013054830287206266,collecTRI
3423,,,,gsea_norm,mcauroc,0.6489768028259277,0.0013054830287206266,collecTRI
3424,,,,gsea_norm,mcauroc,0.6613610982894897,0.0013054830287206266,collecTRI
3425,,,,gsea_norm,mcauroc,0.6485018134117126,0.0013054830287206266,collecTRI
3426,,,,gsea_norm,mcauroc,0.625904381275177,0.0013054830287206266,collecTRI
3427,,,,gsea_norm,mcauroc,0.6615539193153381,0.0013054830287206266,collecTRI
3428,,,,gsea_norm,mcauroc,0.637427568435669,0.0013054830287206266,collecTRI
3429,,,,gsea_norm,mcauroc,0.6401898264884949,0.0013054830287206266,collecTRI
3430,,,,gsea_norm,mcauroc,0.6619521975517273,0.0013054830287206266,collecTRI
3431,,,,gsea_norm,mcauroc,0.6500818729400635,0.0013054830287206266,collecTRI
3432,,,,gsea_norm,mcauroc,0.6524584293365479,0.0013054830287206266,collecTRI
3433,,,,gsea_norm,mcauroc,0.6552461981773376,0.0013054830287206266,collecTRI
3434,,,,gsea_norm,mcauroc,0.6526771187782288,0.0013054830287206266,collecTRI
3435,,,,gsea_norm,mcauroc,0.6741952896118164,0.0013054830287206266,collecTRI
3436,,,,gsea_norm,mcauroc,0.667694628238678,0.0013054830287206266,collecTRI
3437,,,,gsea_norm,mcauroc,0.6456496715545654,0.0013054830287206266,collecTRI
3438,,,,gsea_norm,mcauroc,0.6538588404655457,0.0013054830287206266,collecTRI
3439,,,,gsea_norm,mcauroc,0.6450071930885315,0.0013054830287206266,collecTRI
3440,,,,gsea_norm,mcauroc,0.6607959270477295,0.0013054830287206266,collecTRI
3441,,,,gsea_norm,mcauroc,0.6471012830734253,0.0013054830287206266,collecTRI
3442,,,,gsea_norm,mcauroc,0.6610144972801208,0.0013054830287206266,collecTRI
3443,,,,gsea_norm,mcauroc,0.6227825284004211,0.0013054830287206266,collecTRI
3444,,,,gsea_norm,mcauroc,0.6389177441596985,0.0013054830287206266,collecTRI
3445,,,,gsea_norm,mcauroc,0.6507627964019775,0.0013054830287206266,collecTRI
3446,,,,gsea_norm,mcauroc,0.6805284023284912,0.0013054830287206266,collecTRI
3447,,,,gsea_norm,mcauroc,0.6698271036148071,0.0013054830287206266,collecTRI
3448,,,,gsea_norm,mcauroc,0.6516491770744324,0.0013054830287206266,collecTRI
3449,,,,gsea_norm,mcauroc,0.6706368327140808,0.0013054830287206266,collecTRI
3450,,,,gsea_norm,mcauroc,0.6612969636917114,0.0013054830287206266,collecTRI
3451,,,,gsea_norm,mcauroc,0.6624274849891663,0.0013054830287206266,collecTRI
3452,,,,gsea_norm,mcauroc,0.6440182328224182,0.0013054830287206266,collecTRI
3453,,,,gsea_norm,mcauroc,0.6345758438110352,0.0013054830287206266,collecTRI
3454,,,,gsea_norm,mcauroc,0.6522400975227356,0.0013054830287206266,collecTRI
3455,,,,gsea_norm,mcauroc,0.6368368268013,0.0013054830287206266,collecTRI
3456,,,,gsea_norm,mcauroc,0.650081992149353,0.0013054830287206266,collecTRI
3457,,,,gsea_norm,mcauroc,0.6379415988922119,0.0013054830287206266,collecTRI
3458,,,,gsea_norm,mcauroc,0.6744908094406128,0.0013054830287206266,collecTRI
3459,,,,gsea_norm,mcauroc,0.6634038090705872,0.0013054830287206266,collecTRI
3460,,,,gsea_norm,mcauroc,0.6533836126327515,0.0013054830287206266,collecTRI
3461,,,,gsea_norm,mcauroc,0.648296058177948,0.0013054830287206266,collecTRI
3462,,,,gsea_norm,mcauroc,0.6662429571151733,0.0013054830287206266,collecTRI
3463,,,,gsea_norm,mcauroc,0.6357706785202026,0.0013054830287206266,collecTRI
3464,,,,gsea_norm,mcauroc,0.6538585424423218,0.0013054830287206266,collecTRI
3465,,,,gsea_norm,mcauroc,0.6327900886535645,0.0013054830287206266,collecTRI
3466,,,,gsea_norm,mcauroc,0.6330728530883789,0.0013054830287206266,collecTRI
3467,,,,gsea_norm,mcauroc,0.6405237317085266,0.0013054830287206266,collecTRI
3468,,,,gsea_norm,mcauroc,0.6592414379119873,0.0013054830287206266,collecTRI
3469,,,,gsea_norm,mcauroc,0.6724479794502258,0.0013054830287206266,collecTRI
3470,,,,gsea_norm,mcauroc,0.6483990550041199,0.0013054830287206266,collecTRI
3471,,,,gsea_norm,mcauroc,0.6263024210929871,0.0013054830287206266,collecTRI
3472,,,,gsea_norm,mcauroc,0.6527794599533081,0.0013054830287206266,collecTRI
3473,,,,gsea_norm,mcauroc,0.6493494510650635,0.0013054830287206266,collecTRI
3474,,,,gsea_norm,mcauroc,0.6624789834022522,0.0013054830287206266,collecTRI
3475,,,,gsea_norm,mcauroc,0.6780491471290588,0.0013054830287206266,collecTRI
3476,,,,gsea_norm,mcauroc,0.6556315422058105,0.0013054830287206266,collecTRI
3477,,,,gsea_norm,mcauroc,0.6595629453659058,0.0013054830287206266,collecTRI
3478,,,,gsea_norm,mcauroc,0.6747218370437622,0.0013054830287206266,collecTRI
3479,,,,gsea_norm,mcauroc,0.6464077830314636,0.0013054830287206266,collecTRI
3480,,,,gsea_norm,mcauroc,0.6362329721450806,0.0013054830287206266,collecTRI
3481,,,,gsea_norm,mcauroc,0.6664999127388,0.0013054830287206266,collecTRI
3482,,,,gsea_norm,mcauroc,0.6490026712417603,0.0013054830287206266,collecTRI
3483,,,,gsea_norm,mcauroc,0.6794880032539368,0.0013054830287206266,collecTRI
3484,,,,gsea_norm,mcauroc,0.6486301422119141,0.0013054830287206266,collecTRI
3485,,,,gsea_norm,mcauroc,0.6509426236152649,0.0013054830287206266,collecTRI
3486,,,,gsea_norm,mcauroc,0.6473584771156311,0.0013054830287206266,collecTRI
3487,,,,gsea_norm,mcauroc,0.6615926027297974,0.0013054830287206266,collecTRI
3488,,,,gsea_norm,mcauroc,0.6821601986885071,0.0013054830287206266,collecTRI
3489,,,,gsea_norm,mcauroc,0.6665384769439697,0.0013054830287206266,collecTRI
3490,,,,gsea_norm,mcauroc,0.6618881225585938,0.0013054830287206266,collecTRI
3491,,,,gsea_norm,mcauroc,0.6478205919265747,0.0013054830287206266,collecTRI
3492,,,,gsea_norm,mcauroc,0.6462535858154297,0.0013054830287206266,collecTRI
3493,,,,gsea_norm,mcauroc,0.6614511013031006,0.0013054830287206266,collecTRI
3494,,,,gsea_norm,mcauroc,0.6470499634742737,0.0013054830287206266,collecTRI
3495,,,,gsea_norm,mcauroc,0.6390721201896667,0.0013054830287206266,collecTRI
3496,,,,gsea_norm,mcauroc,0.6697887778282166,0.0013054830287206266,collecTRI
3497,,,,gsea_norm,mcauroc,0.6329571604728699,0.0013054830287206266,collecTRI
3498,,,,gsea_norm,mcauroc,0.6433243155479431,0.0013054830287206266,collecTRI
3499,,,,gsea_norm,mcauroc,0.6689532995223999,0.0013054830287206266,collecTRI
3500,,,,gsea_norm,mcauroc,0.64177006483078,0.0013054830287206266,collecTRI
3501,,,,gsea_norm,mcauroc,0.6629669666290283,0.0013054830287206266,collecTRI
3502,,,,gsea_norm,mcauroc,0.6370809674263,0.0013054830287206266,collecTRI
3503,,,,gsea_norm,mcauroc,0.6728848814964294,0.0013054830287206266,collecTRI
3504,,,,gsea_norm,mcauroc,0.6485787034034729,0.0013054830287206266,collecTRI
3505,,,,gsea_norm,mcauroc,0.6603719592094421,0.0013054830287206266,collecTRI
3506,,,,gsea_norm,mcauroc,0.6670780181884766,0.0013054830287206266,collecTRI
3507,,,,gsea_norm,mcauroc,0.6364642977714539,0.0013054830287206266,collecTRI
3508,,,,gsea_norm,mcauroc,0.644339382648468,0.0013054830287206266,collecTRI
3509,,,,gsea_norm,mcauroc,0.6524839997291565,0.0013054830287206266,collecTRI
3510,,,,gsea_norm,mcauroc,0.6395732164382935,0.0013054830287206266,collecTRI
3511,,,,gsea_norm,mcauroc,0.6686838865280151,0.0013054830287206266,collecTRI
3512,,,,gsea_norm,mcauroc,0.652214527130127,0.0013054830287206266,collecTRI
3513,,,,gsea_norm,mcauroc,0.6706238389015198,0.0013054830287206266,collecTRI
3514,,,,gsea_norm,mcauroc,0.6351668238639832,0.0013054830287206266,collecTRI
3515,,,,gsea_norm,mcauroc,0.6589203476905823,0.0013054830287206266,collecTRI
3516,,,,gsea_norm,mcauroc,0.660461962223053,0.0013054830287206266,collecTRI
3517,,,,gsea_norm,mcauroc,0.6341776251792908,0.0013054830287206266,collecTRI
3518,,,,gsea_norm,mcauroc,0.653087854385376,0.0013054830287206266,collecTRI
3519,,,,gsea_norm,mcauroc,0.6447632908821106,0.0013054830287206266,collecTRI
3520,,,,gsea_norm,mcauroc,0.6446346640586853,0.0013054830287206266,collecTRI
3521,,,,gsea_norm,mcauroc,0.6556570529937744,0.0013054830287206266,collecTRI
3522,,,,gsea_norm,mcauroc,0.6519960761070251,0.0013054830287206266,collecTRI
3523,,,,gsea_norm,mcauroc,0.6378645896911621,0.0013054830287206266,collecTRI
3524,,,,gsea_norm,mcauroc,0.645855188369751,0.0013054830287206266,collecTRI
3525,,,,gsea_norm,mcauroc,0.6555933952331543,0.0013054830287206266,collecTRI
3526,,,,gsea_norm,mcauroc,0.6635837554931641,0.0013054830287206266,collecTRI
3527,,,,gsea_norm,mcauroc,0.6647272109985352,0.0013054830287206266,collecTRI
3528,,,,gsea_norm,mcauroc,0.6615153551101685,0.0013054830287206266,collecTRI
3529,,,,gsea_norm,mcauroc,0.6641747951507568,0.0013054830287206266,collecTRI
3530,,,,gsea_norm,mcauroc,0.628460705280304,0.0013054830287206266,collecTRI
3531,,,,gsea_norm,mcauroc,0.6667312383651733,0.0013054830287206266,collecTRI
3532,,,,gsea_norm,mcauroc,0.6551177501678467,0.0013054830287206266,collecTRI
3533,,,,gsea_norm,mcauroc,0.6450073719024658,0.0013054830287206266,collecTRI
3534,,,,gsea_norm,mcauroc,0.6555159687995911,0.0013054830287206266,collecTRI
3535,,,,gsea_norm,mcauroc,0.6745935678482056,0.0013054830287206266,collecTRI
3536,,,,gsea_norm,mcauroc,0.6881465315818787,0.0013054830287206266,collecTRI
3537,,,,gsea_norm,mcauroc,0.6517006158828735,0.0013054830287206266,collecTRI
3538,,,,gsea_norm,mcauroc,0.6833419799804688,0.0013054830287206266,collecTRI
3539,,,,gsea_norm,mcauroc,0.6292701959609985,0.0013054830287206266,collecTRI
3540,,,,gsea_norm,mcauroc,0.660320520401001,0.0013054830287206266,collecTRI
3541,,,,gsea_norm,mcauroc,0.6718827486038208,0.0013054830287206266,collecTRI
3542,,,,gsea_norm,mcauroc,0.645135760307312,0.0013054830287206266,collecTRI
3543,,,,gsea_norm,mcauroc,0.6393420100212097,0.0013054830287206266,collecTRI
3544,,,,gsea_norm,mcauroc,0.6197636723518372,0.0013054830287206266,collecTRI
3545,,,,gsea_norm,mcauroc,0.6739896535873413,0.0013054830287206266,collecTRI
3546,,,,gsea_norm,mcauroc,0.6690047383308411,0.0013054830287206266,collecTRI
3547,,,,gsea_norm,mcauroc,0.6435428261756897,0.0013054830287206266,collecTRI
3548,,,,gsea_norm,mcauroc,0.6461508274078369,0.0013054830287206266,collecTRI
3549,,,,gsea_norm,mcauroc,0.6616311073303223,0.0013054830287206266,collecTRI
3550,,,,gsea_norm,mcauroc,0.6339592933654785,0.0013054830287206266,collecTRI
3551,,,,gsea_norm,mcauroc,0.658008337020874,0.0013054830287206266,collecTRI
3552,,,,gsea_norm,mcauroc,0.6394705176353455,0.0013054830287206266,collecTRI
3553,,,,gsea_norm,mcauroc,0.636605441570282,0.0013054830287206266,collecTRI
3554,,,,gsea_norm,mcauroc,0.6460737586021423,0.0013054830287206266,collecTRI
3555,,,,gsea_norm,mcauroc,0.6702252626419067,0.0013054830287206266,collecTRI
3556,,,,gsea_norm,mcauroc,0.6454569101333618,0.0013054830287206266,collecTRI
3557,,,,gsea_norm,mcauroc,0.6450716257095337,0.0013054830287206266,collecTRI
3558,,,,gsea_norm,mcauroc,0.6617852449417114,0.0013054830287206266,collecTRI
3559,,,,gsea_norm,mcauroc,0.6816331744194031,0.0013054830287206266,collecTRI
3560,,,,gsea_norm,mcauroc,0.6376331448554993,0.0013054830287206266,collecTRI
3561,,,,gsea_norm,mcauroc,0.6691977977752686,0.0013054830287206266,collecTRI
3562,,,,gsea_norm,mcauroc,0.662838876247406,0.0013054830287206266,collecTRI
3563,,,,gsea_norm,mcauprc,0.6846214532852173,0.0013054830287206266,collecTRI
3564,,,,gsea_norm,mcauprc,0.6683140993118286,0.0013054830287206266,collecTRI
3565,,,,gsea_norm,mcauprc,0.6657382845878601,0.0013054830287206266,collecTRI
3566,,,,gsea_norm,mcauprc,0.674085259437561,0.0013054830287206266,collecTRI
3567,,,,gsea_norm,mcauprc,0.6868744492530823,0.0013054830287206266,collecTRI
3568,,,,gsea_norm,mcauprc,0.655612587928772,0.0013054830287206266,collecTRI
3569,,,,gsea_norm,mcauprc,0.6804126501083374,0.0013054830287206266,collecTRI
3570,,,,gsea_norm,mcauprc,0.6678959727287292,0.0013054830287206266,collecTRI
3571,,,,gsea_norm,mcauprc,0.675785481929779,0.0013054830287206266,collecTRI
3572,,,,gsea_norm,mcauprc,0.6693259477615356,0.0013054830287206266,collecTRI
3573,,,,gsea_norm,mcauprc,0.7102341055870056,0.0013054830287206266,collecTRI
3574,,,,gsea_norm,mcauprc,0.6527879238128662,0.0013054830287206266,collecTRI
3575,,,,gsea_norm,mcauprc,0.6110066771507263,0.0013054830287206266,collecTRI
3576,,,,gsea_norm,mcauprc,0.6604682207107544,0.0013054830287206266,collecTRI
3577,,,,gsea_norm,mcauprc,0.6446897387504578,0.0013054830287206266,collecTRI
3578,,,,gsea_norm,mcauprc,0.6447423696517944,0.0013054830287206266,collecTRI
3579,,,,gsea_norm,mcauprc,0.609023928642273,0.0013054830287206266,collecTRI
3580,,,,gsea_norm,mcauprc,0.6463600993156433,0.0013054830287206266,collecTRI
3581,,,,gsea_norm,mcauprc,0.6668631434440613,0.0013054830287206266,collecTRI
3582,,,,gsea_norm,mcauprc,0.6586931943893433,0.0013054830287206266,collecTRI
3583,,,,gsea_norm,mcauprc,0.6599351167678833,0.0013054830287206266,collecTRI
3584,,,,gsea_norm,mcauprc,0.6953151822090149,0.0013054830287206266,collecTRI
3585,,,,gsea_norm,mcauprc,0.6735104322433472,0.0013054830287206266,collecTRI
3586,,,,gsea_norm,mcauprc,0.668803870677948,0.0013054830287206266,collecTRI
3587,,,,gsea_norm,mcauprc,0.6661224961280823,0.0013054830287206266,collecTRI
3588,,,,gsea_norm,mcauprc,0.6290948987007141,0.0013054830287206266,collecTRI
3589,,,,gsea_norm,mcauprc,0.6779828071594238,0.0013054830287206266,collecTRI
3590,,,,gsea_norm,mcauprc,0.6125513315200806,0.0013054830287206266,collecTRI
3591,,,,gsea_norm,mcauprc,0.6630876064300537,0.0013054830287206266,collecTRI
3592,,,,gsea_norm,mcauprc,0.6497316956520081,0.0013054830287206266,collecTRI
3593,,,,gsea_norm,mcauprc,0.6682347059249878,0.0013054830287206266,collecTRI
3594,,,,gsea_norm,mcauprc,0.6492878794670105,0.0013054830287206266,collecTRI
3595,,,,gsea_norm,mcauprc,0.6681929230690002,0.0013054830287206266,collecTRI
3596,,,,gsea_norm,mcauprc,0.6254177093505859,0.0013054830287206266,collecTRI
3597,,,,gsea_norm,mcauprc,0.6943950653076172,0.0013054830287206266,collecTRI
3598,,,,gsea_norm,mcauprc,0.6702664494514465,0.0013054830287206266,collecTRI
3599,,,,gsea_norm,mcauprc,0.6555494070053101,0.0013054830287206266,collecTRI
3600,,,,gsea_norm,mcauprc,0.6937644481658936,0.0013054830287206266,collecTRI
3601,,,,gsea_norm,mcauprc,0.6908151507377625,0.0013054830287206266,collecTRI
3602,,,,gsea_norm,mcauprc,0.6651892066001892,0.0013054830287206266,collecTRI
3603,,,,gsea_norm,mcauprc,0.6625615954399109,0.0013054830287206266,collecTRI
3604,,,,gsea_norm,mcauprc,0.6648128032684326,0.0013054830287206266,collecTRI
3605,,,,gsea_norm,mcauprc,0.6847114562988281,0.0013054830287206266,collecTRI
3606,,,,gsea_norm,mcauprc,0.638110876083374,0.0013054830287206266,collecTRI
3607,,,,gsea_norm,mcauprc,0.6833738684654236,0.0013054830287206266,collecTRI
3608,,,,gsea_norm,mcauprc,0.6318725943565369,0.0013054830287206266,collecTRI
3609,,,,gsea_norm,mcauprc,0.6391372084617615,0.0013054830287206266,collecTRI
3610,,,,gsea_norm,mcauprc,0.654152512550354,0.0013054830287206266,collecTRI
3611,,,,gsea_norm,mcauprc,0.6751611232757568,0.0013054830287206266,collecTRI
3612,,,,gsea_norm,mcauprc,0.6798821091651917,0.0013054830287206266,collecTRI
3613,,,,gsea_norm,mcauprc,0.6902868151664734,0.0013054830287206266,collecTRI
3614,,,,gsea_norm,mcauprc,0.6590463519096375,0.0013054830287206266,collecTRI
3615,,,,gsea_norm,mcauprc,0.6318932175636292,0.0013054830287206266,collecTRI
3616,,,,gsea_norm,mcauprc,0.6663861274719238,0.0013054830287206266,collecTRI
3617,,,,gsea_norm,mcauprc,0.6723934412002563,0.0013054830287206266,collecTRI
3618,,,,gsea_norm,mcauprc,0.6521626710891724,0.0013054830287206266,collecTRI
3619,,,,gsea_norm,mcauprc,0.6317703127861023,0.0013054830287206266,collecTRI
3620,,,,gsea_norm,mcauprc,0.6481852531433105,0.0013054830287206266,collecTRI
3621,,,,gsea_norm,mcauprc,0.6642491817474365,0.0013054830287206266,collecTRI
3622,,,,gsea_norm,mcauprc,0.6401081681251526,0.0013054830287206266,collecTRI
3623,,,,gsea_norm,mcauprc,0.6547760367393494,0.0013054830287206266,collecTRI
3624,,,,gsea_norm,mcauprc,0.6917698383331299,0.0013054830287206266,collecTRI
3625,,,,gsea_norm,mcauprc,0.671295166015625,0.0013054830287206266,collecTRI
3626,,,,gsea_norm,mcauprc,0.6472753882408142,0.0013054830287206266,collecTRI
3627,,,,gsea_norm,mcauprc,0.6742116212844849,0.0013054830287206266,collecTRI
3628,,,,gsea_norm,mcauprc,0.6319195032119751,0.0013054830287206266,collecTRI
3629,,,,gsea_norm,mcauprc,0.6343302130699158,0.0013054830287206266,collecTRI
3630,,,,gsea_norm,mcauprc,0.6757123470306396,0.0013054830287206266,collecTRI
3631,,,,gsea_norm,mcauprc,0.6685953140258789,0.0013054830287206266,collecTRI
3632,,,,gsea_norm,mcauprc,0.6964078545570374,0.0013054830287206266,collecTRI
3633,,,,gsea_norm,mcauprc,0.7102896571159363,0.0013054830287206266,collecTRI
3634,,,,gsea_norm,mcauprc,0.654362678527832,0.0013054830287206266,collecTRI
3635,,,,gsea_norm,mcauprc,0.6244016885757446,0.0013054830287206266,collecTRI
3636,,,,gsea_norm,mcauprc,0.6348775029182434,0.0013054830287206266,collecTRI
3637,,,,gsea_norm,mcauprc,0.6832025647163391,0.0013054830287206266,collecTRI
3638,,,,gsea_norm,mcauprc,0.6387214064598083,0.0013054830287206266,collecTRI
3639,,,,gsea_norm,mcauprc,0.6314600706100464,0.0013054830287206266,collecTRI
3640,,,,gsea_norm,mcauprc,0.6736347079277039,0.0013054830287206266,collecTRI
3641,,,,gsea_norm,mcauprc,0.6950975656509399,0.0013054830287206266,collecTRI
3642,,,,gsea_norm,mcauprc,0.6522908806800842,0.0013054830287206266,collecTRI
3643,,,,gsea_norm,mcauprc,0.6479247212409973,0.0013054830287206266,collecTRI
3644,,,,gsea_norm,mcauprc,0.6805974245071411,0.0013054830287206266,collecTRI
3645,,,,gsea_norm,mcauprc,0.680454671382904,0.0013054830287206266,collecTRI
3646,,,,gsea_norm,mcauprc,0.6853886842727661,0.0013054830287206266,collecTRI
3647,,,,gsea_norm,mcauprc,0.6590314507484436,0.0013054830287206266,collecTRI
3648,,,,gsea_norm,mcauprc,0.6757365465164185,0.0013054830287206266,collecTRI
3649,,,,gsea_norm,mcauprc,0.645969808101654,0.0013054830287206266,collecTRI
3650,,,,gsea_norm,mcauprc,0.6628808975219727,0.0013054830287206266,collecTRI
3651,,,,gsea_norm,mcauprc,0.6605559587478638,0.0013054830287206266,collecTRI
3652,,,,gsea_norm,mcauprc,0.6667370796203613,0.0013054830287206266,collecTRI
3653,,,,gsea_norm,mcauprc,0.644074559211731,0.0013054830287206266,collecTRI
3654,,,,gsea_norm,mcauprc,0.6683688759803772,0.0013054830287206266,collecTRI
3655,,,,gsea_norm,mcauprc,0.6083409190177917,0.0013054830287206266,collecTRI
3656,,,,gsea_norm,mcauprc,0.6832579970359802,0.0013054830287206266,collecTRI
3657,,,,gsea_norm,mcauprc,0.6468918323516846,0.0013054830287206266,collecTRI
3658,,,,gsea_norm,mcauprc,0.6595941185951233,0.0013054830287206266,collecTRI
3659,,,,gsea_norm,mcauprc,0.6228638291358948,0.0013054830287206266,collecTRI
3660,,,,gsea_norm,mcauprc,0.6438781023025513,0.0013054830287206266,collecTRI
3661,,,,gsea_norm,mcauprc,0.6745922565460205,0.0013054830287206266,collecTRI
3662,,,,gsea_norm,mcauprc,0.6518651247024536,0.0013054830287206266,collecTRI
3663,,,,gsea_norm,mcauprc,0.6943174600601196,0.0013054830287206266,collecTRI
3664,,,,gsea_norm,mcauprc,0.6078743934631348,0.0013054830287206266,collecTRI
3665,,,,gsea_norm,mcauprc,0.7144439220428467,0.0013054830287206266,collecTRI
3666,,,,gsea_norm,mcauprc,0.6642728447914124,0.0013054830287206266,collecTRI
3667,,,,gsea_norm,mcauprc,0.6818844079971313,0.0013054830287206266,collecTRI
3668,,,,gsea_norm,mcauprc,0.6101018190383911,0.0013054830287206266,collecTRI
3669,,,,gsea_norm,mcauprc,0.6798912882804871,0.0013054830287206266,collecTRI
3670,,,,gsea_norm,mcauprc,0.6876012682914734,0.0013054830287206266,collecTRI
3671,,,,gsea_norm,mcauprc,0.6745700240135193,0.0013054830287206266,collecTRI
3672,,,,gsea_norm,mcauprc,0.617226779460907,0.0013054830287206266,collecTRI
3673,,,,gsea_norm,mcauprc,0.646896243095398,0.0013054830287206266,collecTRI
3674,,,,gsea_norm,mcauprc,0.664928674697876,0.0013054830287206266,collecTRI
3675,,,,gsea_norm,mcauprc,0.668228805065155,0.0013054830287206266,collecTRI
3676,,,,gsea_norm,mcauprc,0.6886097192764282,0.0013054830287206266,collecTRI
3677,,,,gsea_norm,mcauprc,0.6728599071502686,0.0013054830287206266,collecTRI
3678,,,,gsea_norm,mcauprc,0.6115859746932983,0.0013054830287206266,collecTRI
3679,,,,gsea_norm,mcauprc,0.6333034038543701,0.0013054830287206266,collecTRI
3680,,,,gsea_norm,mcauprc,0.6396147012710571,0.0013054830287206266,collecTRI
3681,,,,gsea_norm,mcauprc,0.6680651903152466,0.0013054830287206266,collecTRI
3682,,,,gsea_norm,mcauprc,0.6470125913619995,0.0013054830287206266,collecTRI
3683,,,,gsea_norm,mcauprc,0.5933718085289001,0.0013054830287206266,collecTRI
3684,,,,gsea_norm,mcauprc,0.6974268555641174,0.0013054830287206266,collecTRI
3685,,,,gsea_norm,mcauprc,0.6403409838676453,0.0013054830287206266,collecTRI
3686,,,,gsea_norm,mcauprc,0.6612299680709839,0.0013054830287206266,collecTRI
3687,,,,gsea_norm,mcauprc,0.665223240852356,0.0013054830287206266,collecTRI
3688,,,,gsea_norm,mcauprc,0.6638482213020325,0.0013054830287206266,collecTRI
3689,,,,gsea_norm,mcauprc,0.6695656180381775,0.0013054830287206266,collecTRI
3690,,,,gsea_norm,mcauprc,0.6578205823898315,0.0013054830287206266,collecTRI
3691,,,,gsea_norm,mcauprc,0.6754614114761353,0.0013054830287206266,collecTRI
3692,,,,gsea_norm,mcauprc,0.6240829825401306,0.0013054830287206266,collecTRI
3693,,,,gsea_norm,mcauprc,0.6831182837486267,0.0013054830287206266,collecTRI
3694,,,,gsea_norm,mcauprc,0.637278139591217,0.0013054830287206266,collecTRI
3695,,,,gsea_norm,mcauprc,0.6503860950469971,0.0013054830287206266,collecTRI
3696,,,,gsea_norm,mcauprc,0.6671454310417175,0.0013054830287206266,collecTRI
3697,,,,gsea_norm,mcauprc,0.6666215062141418,0.0013054830287206266,collecTRI
3698,,,,gsea_norm,mcauprc,0.6582086086273193,0.0013054830287206266,collecTRI
3699,,,,gsea_norm,mcauprc,0.669790506362915,0.0013054830287206266,collecTRI
3700,,,,gsea_norm,mcauprc,0.6450273990631104,0.0013054830287206266,collecTRI
3701,,,,gsea_norm,mcauprc,0.6835197806358337,0.0013054830287206266,collecTRI
3702,,,,gsea_norm,mcauprc,0.6595998406410217,0.0013054830287206266,collecTRI
3703,,,,gsea_norm,mcauprc,0.6978687644004822,0.0013054830287206266,collecTRI
3704,,,,gsea_norm,mcauprc,0.6247830390930176,0.0013054830287206266,collecTRI
3705,,,,gsea_norm,mcauprc,0.6612465977668762,0.0013054830287206266,collecTRI
3706,,,,gsea_norm,mcauprc,0.6535002589225769,0.0013054830287206266,collecTRI
3707,,,,gsea_norm,mcauprc,0.6399752497673035,0.0013054830287206266,collecTRI
3708,,,,gsea_norm,mcauprc,0.6455417275428772,0.0013054830287206266,collecTRI
3709,,,,gsea_norm,mcauprc,0.6816565990447998,0.0013054830287206266,collecTRI
3710,,,,gsea_norm,mcauprc,0.6895362138748169,0.0013054830287206266,collecTRI
3711,,,,gsea_norm,mcauprc,0.6532367467880249,0.0013054830287206266,collecTRI
3712,,,,gsea_norm,mcauprc,0.6702193021774292,0.0013054830287206266,collecTRI
3713,,,,gsea_norm,mcauprc,0.6733809113502502,0.0013054830287206266,collecTRI
3714,,,,gsea_norm,mcauprc,0.620934784412384,0.0013054830287206266,collecTRI
3715,,,,gsea_norm,mcauprc,0.6901302337646484,0.0013054830287206266,collecTRI
3716,,,,gsea_norm,mcauprc,0.6584948301315308,0.0013054830287206266,collecTRI
3717,,,,gsea_norm,mcauprc,0.6334982514381409,0.0013054830287206266,collecTRI
3718,,,,gsea_norm,mcauprc,0.614025890827179,0.0013054830287206266,collecTRI
3719,,,,gsea_norm,mcauprc,0.6444962024688721,0.0013054830287206266,collecTRI
3720,,,,gsea_norm,mcauprc,0.680415689945221,0.0013054830287206266,collecTRI
3721,,,,gsea_norm,mcauprc,0.6302899122238159,0.0013054830287206266,collecTRI
3722,,,,gsea_norm,mcauprc,0.6731143593788147,0.0013054830287206266,collecTRI
3723,,,,gsea_norm,mcauprc,0.652592122554779,0.0013054830287206266,collecTRI
3724,,,,gsea_norm,mcauprc,0.6453055143356323,0.0013054830287206266,collecTRI
3725,,,,gsea_norm,mcauprc,0.6690677404403687,0.0013054830287206266,collecTRI
3726,,,,gsea_norm,mcauprc,0.6648219227790833,0.0013054830287206266,collecTRI
3727,,,,gsea_norm,mcauprc,0.6303675174713135,0.0013054830287206266,collecTRI
3728,,,,gsea_norm,mcauprc,0.6114355325698853,0.0013054830287206266,collecTRI
3729,,,,gsea_norm,mcauprc,0.6400352120399475,0.0013054830287206266,collecTRI
3730,,,,gsea_norm,mcauprc,0.6665676236152649,0.0013054830287206266,collecTRI
3731,,,,gsea_norm,mcauprc,0.6726561188697815,0.0013054830287206266,collecTRI
3732,,,,gsea_norm,mcauprc,0.6888831257820129,0.0013054830287206266,collecTRI
3733,,,,gsea_norm,mcauprc,0.6673998832702637,0.0013054830287206266,collecTRI
3734,,,,gsea_norm,mcauprc,0.6195805072784424,0.0013054830287206266,collecTRI
3735,,,,gsea_norm,mcauprc,0.649766743183136,0.0013054830287206266,collecTRI
3736,,,,gsea_norm,mcauprc,0.6536158323287964,0.0013054830287206266,collecTRI
3737,,,,gsea_norm,mcauprc,0.6851078271865845,0.0013054830287206266,collecTRI
3738,,,,gsea_norm,mcauprc,0.6776495575904846,0.0013054830287206266,collecTRI
3739,,,,gsea_norm,mcauprc,0.6500347852706909,0.0013054830287206266,collecTRI
3740,,,,gsea_norm,mcauprc,0.637654185295105,0.0013054830287206266,collecTRI
3741,,,,gsea_norm,mcauprc,0.6571823358535767,0.0013054830287206266,collecTRI
3742,,,,gsea_norm,mcauprc,0.6321377158164978,0.0013054830287206266,collecTRI
3743,,,,gsea_norm,mcauprc,0.6863390803337097,0.0013054830287206266,collecTRI
3744,,,,gsea_norm,mcauprc,0.6721088290214539,0.0013054830287206266,collecTRI
3745,,,,gsea_norm,mcauprc,0.6734911799430847,0.0013054830287206266,collecTRI
3746,,,,gsea_norm,mcauprc,0.6448941230773926,0.0013054830287206266,collecTRI
3747,,,,gsea_norm,mcauprc,0.6500809192657471,0.0013054830287206266,collecTRI
3748,,,,gsea_norm,mcauprc,0.6713283061981201,0.0013054830287206266,collecTRI
3749,,,,gsea_norm,mcauprc,0.6921312808990479,0.0013054830287206266,collecTRI
3750,,,,gsea_norm,mcauprc,0.6659443974494934,0.0013054830287206266,collecTRI
3751,,,,gsea_norm,mcauprc,0.6677035093307495,0.0013054830287206266,collecTRI
3752,,,,gsea_norm,mcauprc,0.6697564125061035,0.0013054830287206266,collecTRI
3753,,,,gsea_norm,mcauprc,0.6508299112319946,0.0013054830287206266,collecTRI
3754,,,,gsea_norm,mcauprc,0.6719096302986145,0.0013054830287206266,collecTRI
3755,,,,gsea_norm,mcauprc,0.699396550655365,0.0013054830287206266,collecTRI
3756,,,,gsea_norm,mcauprc,0.6597139835357666,0.0013054830287206266,collecTRI
3757,,,,gsea_norm,mcauprc,0.6796317100524902,0.0013054830287206266,collecTRI
3758,,,,gsea_norm,mcauprc,0.6412129402160645,0.0013054830287206266,collecTRI
3759,,,,gsea_norm,mcauprc,0.6668079495429993,0.0013054830287206266,collecTRI
3760,,,,gsea_norm,mcauprc,0.6601328253746033,0.0013054830287206266,collecTRI
3761,,,,gsea_norm,mcauprc,0.6397433876991272,0.0013054830287206266,collecTRI
3762,,,,gsea_norm,mcauprc,0.6730236411094666,0.0013054830287206266,collecTRI
3763,,,,gsea_norm,mcauprc,0.6426702737808228,0.0013054830287206266,collecTRI
3764,,,,gsea_norm,mcauprc,0.6481732130050659,0.0013054830287206266,collecTRI
3765,,,,gsea_norm,mcauprc,0.6106798648834229,0.0013054830287206266,collecTRI
3766,,,,gsea_norm,mcauprc,0.6808783411979675,0.0013054830287206266,collecTRI
3767,,,,gsea_norm,mcauprc,0.6717888712882996,0.0013054830287206266,collecTRI
3768,,,,gsea_norm,mcauprc,0.6763888001441956,0.0013054830287206266,collecTRI
3769,,,,gsea_norm,mcauprc,0.6349911093711853,0.0013054830287206266,collecTRI
3770,,,,gsea_norm,mcauprc,0.6776561141014099,0.0013054830287206266,collecTRI
3771,,,,gsea_norm,mcauprc,0.6430268883705139,0.0013054830287206266,collecTRI
3772,,,,gsea_norm,mcauprc,0.6707606911659241,0.0013054830287206266,collecTRI
3773,,,,gsea_norm,mcauprc,0.675053596496582,0.0013054830287206266,collecTRI
3774,,,,gsea_norm,mcauprc,0.6465224027633667,0.0013054830287206266,collecTRI
3775,,,,gsea_norm,mcauprc,0.668448805809021,0.0013054830287206266,collecTRI
3776,,,,gsea_norm,mcauprc,0.6714506149291992,0.0013054830287206266,collecTRI
3777,,,,gsea_norm,mcauprc,0.6250843405723572,0.0013054830287206266,collecTRI
3778,,,,gsea_norm,mcauprc,0.6709833741188049,0.0013054830287206266,collecTRI
3779,,,,gsea_norm,mcauprc,0.6389822363853455,0.0013054830287206266,collecTRI
3780,,,,gsea_norm,mcauprc,0.665726363658905,0.0013054830287206266,collecTRI
3781,,,,gsea_norm,mcauprc,0.6366314888000488,0.0013054830287206266,collecTRI
3782,,,,gsea_norm,mcauprc,0.6517989039421082,0.0013054830287206266,collecTRI
3783,,,,gsea_norm,mcauprc,0.6716166138648987,0.0013054830287206266,collecTRI
3784,,,,gsea_norm,mcauprc,0.6570031642913818,0.0013054830287206266,collecTRI
3785,,,,gsea_norm,mcauprc,0.6552504897117615,0.0013054830287206266,collecTRI
3786,,,,gsea_norm,mcauprc,0.6633385419845581,0.0013054830287206266,collecTRI
3787,,,,gsea_norm,mcauprc,0.6576052308082581,0.0013054830287206266,collecTRI
3788,,,,gsea_norm,mcauprc,0.6847904920578003,0.0013054830287206266,collecTRI
3789,,,,gsea_norm,mcauprc,0.6534339785575867,0.0013054830287206266,collecTRI
3790,,,,gsea_norm,mcauprc,0.6454209089279175,0.0013054830287206266,collecTRI
3791,,,,gsea_norm,mcauprc,0.6485967040061951,0.0013054830287206266,collecTRI
3792,,,,gsea_norm,mcauprc,0.6585549116134644,0.0013054830287206266,collecTRI
3793,,,,gsea_norm,mcauprc,0.642328679561615,0.0013054830287206266,collecTRI
3794,,,,gsea_norm,mcauprc,0.6417086124420166,0.0013054830287206266,collecTRI
3795,,,,gsea_norm,mcauprc,0.6672312617301941,0.0013054830287206266,collecTRI
3796,,,,gsea_norm,mcauprc,0.6087474822998047,0.0013054830287206266,collecTRI
3797,,,,gsea_norm,mcauprc,0.6418809294700623,0.0013054830287206266,collecTRI
3798,,,,gsea_norm,mcauprc,0.622195839881897,0.0013054830287206266,collecTRI
3799,,,,gsea_norm,mcauprc,0.6369518637657166,0.0013054830287206266,collecTRI
3800,,,,gsea_norm,mcauprc,0.7046080827713013,0.0013054830287206266,collecTRI
3801,,,,gsea_norm,mcauprc,0.6825343370437622,0.0013054830287206266,collecTRI
3802,,,,gsea_norm,mcauprc,0.6579294800758362,0.0013054830287206266,collecTRI
3803,,,,gsea_norm,mcauprc,0.6883009672164917,0.0013054830287206266,collecTRI
3804,,,,gsea_norm,mcauprc,0.6525651812553406,0.0013054830287206266,collecTRI
3805,,,,gsea_norm,mcauprc,0.6470323204994202,0.0013054830287206266,collecTRI
3806,,,,gsea_norm,mcauprc,0.6697896718978882,0.0013054830287206266,collecTRI
3807,,,,gsea_norm,mcauprc,0.6451823711395264,0.0013054830287206266,collecTRI
3808,,,,gsea_norm,mcauprc,0.6494021415710449,0.0013054830287206266,collecTRI
3809,,,,gsea_norm,mcauprc,0.660600483417511,0.0013054830287206266,collecTRI
3810,,,,gsea_norm,mcauprc,0.6597031950950623,0.0013054830287206266,collecTRI
3811,,,,gsea_norm,mcauprc,0.6708484292030334,0.0013054830287206266,collecTRI
3812,,,,gsea_norm,mcauprc,0.6641324758529663,0.0013054830287206266,collecTRI
3813,,,,gsea_norm,mcauprc,0.6915013790130615,0.0013054830287206266,collecTRI
3814,,,,gsea_norm,mcauprc,0.6469556093215942,0.0013054830287206266,collecTRI
3815,,,,gsea_norm,mcauprc,0.623967707157135,0.0013054830287206266,collecTRI
3816,,,,gsea_norm,mcauprc,0.6562376022338867,0.0013054830287206266,collecTRI
3817,,,,gsea_norm,mcauprc,0.6349818706512451,0.0013054830287206266,collecTRI
3818,,,,gsea_norm,mcauprc,0.6908873915672302,0.0013054830287206266,collecTRI
3819,,,,gsea_norm,mcauprc,0.6709153652191162,0.0013054830287206266,collecTRI
3820,,,,gsea_norm,mcauprc,0.6543630957603455,0.0013054830287206266,collecTRI
3821,,,,gsea_norm,mcauprc,0.6327527165412903,0.0013054830287206266,collecTRI
3822,,,,gsea_norm,mcauprc,0.6626731753349304,0.0013054830287206266,collecTRI
3823,,,,gsea_norm,mcauprc,0.6788139939308167,0.0013054830287206266,collecTRI
3824,,,,gsea_norm,mcauprc,0.6885039210319519,0.0013054830287206266,collecTRI
3825,,,,gsea_norm,mcauprc,0.6611566543579102,0.0013054830287206266,collecTRI
3826,,,,gsea_norm,mcauprc,0.6833270788192749,0.0013054830287206266,collecTRI
3827,,,,gsea_norm,mcauprc,0.6352500319480896,0.0013054830287206266,collecTRI
3828,,,,gsea_norm,mcauprc,0.6912903785705566,0.0013054830287206266,collecTRI
3829,,,,gsea_norm,mcauprc,0.6962026953697205,0.0013054830287206266,collecTRI
3830,,,,gsea_norm,mcauprc,0.6289894580841064,0.0013054830287206266,collecTRI
3831,,,,gsea_norm,mcauprc,0.6783479452133179,0.0013054830287206266,collecTRI
3832,,,,gsea_norm,mcauprc,0.6540513634681702,0.0013054830287206266,collecTRI
3833,,,,gsea_norm,mcauprc,0.6756466627120972,0.0013054830287206266,collecTRI
3834,,,,gsea_norm,mcauprc,0.6321983337402344,0.0013054830287206266,collecTRI
3835,,,,gsea_norm,mcauprc,0.6646725535392761,0.0013054830287206266,collecTRI
3836,,,,gsea_norm,mcauprc,0.6333827972412109,0.0013054830287206266,collecTRI
3837,,,,gsea_norm,mcauprc,0.6567540168762207,0.0013054830287206266,collecTRI
3838,,,,gsea_norm,mcauprc,0.6504108905792236,0.0013054830287206266,collecTRI
3839,,,,gsea_norm,mcauprc,0.6615090370178223,0.0013054830287206266,collecTRI
3840,,,,gsea_norm,mcauprc,0.6190712451934814,0.0013054830287206266,collecTRI
3841,,,,gsea_norm,mcauprc,0.6071175336837769,0.0013054830287206266,collecTRI
3842,,,,gsea_norm,mcauprc,0.6416354775428772,0.0013054830287206266,collecTRI
3843,,,,gsea_norm,mcauprc,0.6472194194793701,0.0013054830287206266,collecTRI
3844,,,,gsea_norm,mcauprc,0.638901948928833,0.0013054830287206266,collecTRI
3845,,,,gsea_norm,mcauprc,0.6857728362083435,0.0013054830287206266,collecTRI
3846,,,,gsea_norm,mcauprc,0.6378588676452637,0.0013054830287206266,collecTRI
3847,,,,gsea_norm,mcauprc,0.6495215892791748,0.0013054830287206266,collecTRI
3848,,,,gsea_norm,mcauprc,0.6467227339744568,0.0013054830287206266,collecTRI
3849,,,,gsea_norm,mcauprc,0.6523966789245605,0.0013054830287206266,collecTRI
3850,,,,gsea_norm,mcauprc,0.6604909896850586,0.0013054830287206266,collecTRI
3851,,,,gsea_norm,mcauprc,0.6729479432106018,0.0013054830287206266,collecTRI
3852,,,,gsea_norm,mcauprc,0.6789781451225281,0.0013054830287206266,collecTRI
3853,,,,gsea_norm,mcauprc,0.624119758605957,0.0013054830287206266,collecTRI
3854,,,,gsea_norm,mcauprc,0.6689223051071167,0.0013054830287206266,collecTRI
3855,,,,gsea_norm,mcauprc,0.6629520058631897,0.0013054830287206266,collecTRI
3856,,,,gsea_norm,mcauprc,0.6586148738861084,0.0013054830287206266,collecTRI
3857,,,,gsea_norm,mcauprc,0.6529732346534729,0.0013054830287206266,collecTRI
3858,,,,gsea_norm,mcauprc,0.63396155834198,0.0013054830287206266,collecTRI
3859,,,,gsea_norm,mcauprc,0.6456899642944336,0.0013054830287206266,collecTRI
3860,,,,gsea_norm,mcauprc,0.6520912051200867,0.0013054830287206266,collecTRI
3861,,,,gsea_norm,mcauprc,0.6233961582183838,0.0013054830287206266,collecTRI
3862,,,,gsea_norm,mcauprc,0.6246802806854248,0.0013054830287206266,collecTRI
3863,,,,gsea_norm,mcauprc,0.6950951814651489,0.0013054830287206266,collecTRI
3864,,,,gsea_norm,mcauprc,0.6655548810958862,0.0013054830287206266,collecTRI
3865,,,,gsea_norm,mcauprc,0.6718795895576477,0.0013054830287206266,collecTRI
3866,,,,gsea_norm,mcauprc,0.6212295293807983,0.0013054830287206266,collecTRI
3867,,,,gsea_norm,mcauprc,0.6661756634712219,0.0013054830287206266,collecTRI
3868,,,,gsea_norm,mcauprc,0.7303450703620911,0.0013054830287206266,collecTRI
3869,,,,gsea_norm,mcauprc,0.659411609172821,0.0013054830287206266,collecTRI
3870,,,,gsea_norm,mcauprc,0.6347546577453613,0.0013054830287206266,collecTRI
3871,,,,gsea_norm,mcauprc,0.6798304319381714,0.0013054830287206266,collecTRI
3872,,,,gsea_norm,mcauprc,0.6590242981910706,0.0013054830287206266,collecTRI
3873,,,,gsea_norm,mcauprc,0.6461540460586548,0.0013054830287206266,collecTRI
3874,,,,gsea_norm,mcauprc,0.6326410174369812,0.0013054830287206266,collecTRI
3875,,,,gsea_norm,mcauprc,0.6710321307182312,0.0013054830287206266,collecTRI
3876,,,,gsea_norm,mcauprc,0.6573832631111145,0.0013054830287206266,collecTRI
3877,,,,gsea_norm,mcauprc,0.6490844488143921,0.0013054830287206266,collecTRI
3878,,,,gsea_norm,mcauprc,0.6454468369483948,0.0013054830287206266,collecTRI
3879,,,,gsea_norm,mcauprc,0.6477006077766418,0.0013054830287206266,collecTRI
3880,,,,gsea_norm,mcauprc,0.6966099739074707,0.0013054830287206266,collecTRI
3881,,,,gsea_norm,mcauprc,0.6639182567596436,0.0013054830287206266,collecTRI
3882,,,,gsea_norm,mcauprc,0.6869964599609375,0.0013054830287206266,collecTRI
3883,,,,gsea_norm,mcauprc,0.6718708276748657,0.0013054830287206266,collecTRI
3884,,,,gsea_norm,mcauprc,0.6596275568008423,0.0013054830287206266,collecTRI
3885,,,,gsea_norm,mcauprc,0.6563699841499329,0.0013054830287206266,collecTRI
3886,,,,gsea_norm,mcauprc,0.6667857766151428,0.0013054830287206266,collecTRI
3887,,,,gsea_norm,mcauprc,0.6646394729614258,0.0013054830287206266,collecTRI
3888,,,,gsea_norm,mcauprc,0.6351029276847839,0.0013054830287206266,collecTRI
3889,,,,gsea_norm,mcauprc,0.6579316854476929,0.0013054830287206266,collecTRI
3890,,,,gsea_norm,mcauprc,0.6635726094245911,0.0013054830287206266,collecTRI
3891,,,,gsea_norm,mcauprc,0.6569292545318604,0.0013054830287206266,collecTRI
3892,,,,gsea_norm,mcauprc,0.7009173631668091,0.0013054830287206266,collecTRI
3893,,,,gsea_norm,mcauprc,0.6516759991645813,0.0013054830287206266,collecTRI
3894,,,,gsea_norm,mcauprc,0.6755526065826416,0.0013054830287206266,collecTRI
3895,,,,gsea_norm,mcauprc,0.653950035572052,0.0013054830287206266,collecTRI
3896,,,,gsea_norm,mcauprc,0.6747727394104004,0.0013054830287206266,collecTRI
3897,,,,gsea_norm,mcauprc,0.649143636226654,0.0013054830287206266,collecTRI
3898,,,,gsea_norm,mcauprc,0.6798485517501831,0.0013054830287206266,collecTRI
3899,,,,gsea_norm,mcauprc,0.6741310358047485,0.0013054830287206266,collecTRI
3900,,,,gsea_norm,mcauprc,0.6833279132843018,0.0013054830287206266,collecTRI
3901,,,,gsea_norm,mcauprc,0.6833702921867371,0.0013054830287206266,collecTRI
3902,,,,gsea_norm,mcauprc,0.6533253788948059,0.0013054830287206266,collecTRI
3903,,,,gsea_norm,mcauprc,0.658430814743042,0.0013054830287206266,collecTRI
3904,,,,gsea_norm,mcauprc,0.701109766960144,0.0013054830287206266,collecTRI
3905,,,,gsea_norm,mcauprc,0.6326375603675842,0.0013054830287206266,collecTRI
3906,,,,gsea_norm,mcauprc,0.6413677334785461,0.0013054830287206266,collecTRI
3907,,,,gsea_norm,mcauprc,0.6640658974647522,0.0013054830287206266,collecTRI
3908,,,,gsea_norm,mcauprc,0.6680876016616821,0.0013054830287206266,collecTRI
3909,,,,gsea_norm,mcauprc,0.6529357433319092,0.0013054830287206266,collecTRI
3910,,,,gsea_norm,mcauprc,0.615004301071167,0.0013054830287206266,collecTRI
3911,,,,gsea_norm,mcauprc,0.6720319390296936,0.0013054830287206266,collecTRI
3912,,,,gsea_norm,mcauprc,0.6289380192756653,0.0013054830287206266,collecTRI
3913,,,,gsea_norm,mcauprc,0.6404442191123962,0.0013054830287206266,collecTRI
3914,,,,gsea_norm,mcauprc,0.6685414910316467,0.0013054830287206266,collecTRI
3915,,,,gsea_norm,mcauprc,0.6807870268821716,0.0013054830287206266,collecTRI
3916,,,,gsea_norm,mcauprc,0.6566664576530457,0.0013054830287206266,collecTRI
3917,,,,gsea_norm,mcauprc,0.646098256111145,0.0013054830287206266,collecTRI
3918,,,,gsea_norm,mcauprc,0.6912406086921692,0.0013054830287206266,collecTRI
3919,,,,gsea_norm,mcauprc,0.6225876808166504,0.0013054830287206266,collecTRI
3920,,,,gsea_norm,mcauprc,0.6691489815711975,0.0013054830287206266,collecTRI
3921,,,,gsea_norm,mcauprc,0.6625673770904541,0.0013054830287206266,collecTRI
3922,,,,gsea_norm,mcauprc,0.662889301776886,0.0013054830287206266,collecTRI
3923,,,,gsea_norm,mcauprc,0.6684183478355408,0.0013054830287206266,collecTRI
3924,,,,gsea_norm,mcauprc,0.6642780900001526,0.0013054830287206266,collecTRI
3925,,,,gsea_norm,mcauprc,0.6331279277801514,0.0013054830287206266,collecTRI
3926,,,,gsea_norm,mcauprc,0.6693087220191956,0.0013054830287206266,collecTRI
3927,,,,gsea_norm,mcauprc,0.6558706760406494,0.0013054830287206266,collecTRI
3928,,,,gsea_norm,mcauprc,0.6497406363487244,0.0013054830287206266,collecTRI
3929,,,,gsea_norm,mcauprc,0.6655511260032654,0.0013054830287206266,collecTRI
3930,,,,gsea_norm,mcauprc,0.6389764547348022,0.0013054830287206266,collecTRI
3931,,,,gsea_norm,mcauprc,0.675452470779419,0.0013054830287206266,collecTRI
3932,,,,gsea_norm,mcauprc,0.6372097730636597,0.0013054830287206266,collecTRI
3933,,,,gsea_norm,mcauprc,0.6765618324279785,0.0013054830287206266,collecTRI
3934,,,,gsea_norm,mcauprc,0.6772449016571045,0.0013054830287206266,collecTRI
3935,,,,gsea_norm,mcauprc,0.6640782356262207,0.0013054830287206266,collecTRI
3936,,,,gsea_norm,mcauprc,0.6445636749267578,0.0013054830287206266,collecTRI
3937,,,,gsea_norm,mcauprc,0.6681658625602722,0.0013054830287206266,collecTRI
3938,,,,gsea_norm,mcauprc,0.6776627898216248,0.0013054830287206266,collecTRI
3939,,,,gsea_norm,mcauprc,0.6472069025039673,0.0013054830287206266,collecTRI
3940,,,,gsea_norm,mcauprc,0.6504905819892883,0.0013054830287206266,collecTRI
3941,,,,gsea_norm,mcauprc,0.6258270144462585,0.0013054830287206266,collecTRI
3942,,,,gsea_norm,mcauprc,0.6596578359603882,0.0013054830287206266,collecTRI
3943,,,,gsea_norm,mcauprc,0.6671865582466125,0.0013054830287206266,collecTRI
3944,,,,gsea_norm,mcauprc,0.6566240787506104,0.0013054830287206266,collecTRI
3945,,,,gsea_norm,mcauprc,0.6610848307609558,0.0013054830287206266,collecTRI
3946,,,,gsea_norm,mcauprc,0.6465091109275818,0.0013054830287206266,collecTRI
3947,,,,gsea_norm,mcauprc,0.6472191214561462,0.0013054830287206266,collecTRI
3948,,,,gsea_norm,mcauprc,0.63649982213974,0.0013054830287206266,collecTRI
3949,,,,gsea_norm,mcauprc,0.6551035046577454,0.0013054830287206266,collecTRI
3950,,,,gsea_norm,mcauprc,0.681535542011261,0.0013054830287206266,collecTRI
3951,,,,gsea_norm,mcauprc,0.6208921074867249,0.0013054830287206266,collecTRI
3952,,,,gsea_norm,mcauprc,0.6750218272209167,0.0013054830287206266,collecTRI
3953,,,,gsea_norm,mcauprc,0.693636953830719,0.0013054830287206266,collecTRI
3954,,,,gsea_norm,mcauprc,0.6604346036911011,0.0013054830287206266,collecTRI
3955,,,,gsea_norm,mcauprc,0.6562826633453369,0.0013054830287206266,collecTRI
3956,,,,gsea_norm,mcauprc,0.6473845839500427,0.0013054830287206266,collecTRI
3957,,,,gsea_norm,mcauprc,0.6793732643127441,0.0013054830287206266,collecTRI
3958,,,,gsea_norm,mcauprc,0.6673910617828369,0.0013054830287206266,collecTRI
3959,,,,gsea_norm,mcauprc,0.6279208064079285,0.0013054830287206266,collecTRI
3960,,,,gsea_norm,mcauprc,0.6476361751556396,0.0013054830287206266,collecTRI
3961,,,,gsea_norm,mcauprc,0.6209496855735779,0.0013054830287206266,collecTRI
3962,,,,gsea_norm,mcauprc,0.6655560731887817,0.0013054830287206266,collecTRI
3963,,,,gsea_norm,mcauprc,0.6722321510314941,0.0013054830287206266,collecTRI
3964,,,,gsea_norm,mcauprc,0.6484355926513672,0.0013054830287206266,collecTRI
3965,,,,gsea_norm,mcauprc,0.7005202770233154,0.0013054830287206266,collecTRI
3966,,,,gsea_norm,mcauprc,0.6354840397834778,0.0013054830287206266,collecTRI
3967,,,,gsea_norm,mcauprc,0.6444240808486938,0.0013054830287206266,collecTRI
3968,,,,gsea_norm,mcauprc,0.6283726692199707,0.0013054830287206266,collecTRI
3969,,,,gsea_norm,mcauprc,0.6566373109817505,0.0013054830287206266,collecTRI
3970,,,,gsea_norm,mcauprc,0.6652540564537048,0.0013054830287206266,collecTRI
3971,,,,gsea_norm,mcauprc,0.6040124297142029,0.0013054830287206266,collecTRI
3972,,,,gsea_norm,mcauprc,0.6694303750991821,0.0013054830287206266,collecTRI
3973,,,,gsea_norm,mcauprc,0.657752513885498,0.0013054830287206266,collecTRI
3974,,,,gsea_norm,mcauprc,0.6844338774681091,0.0013054830287206266,collecTRI
3975,,,,gsea_norm,mcauprc,0.6942396759986877,0.0013054830287206266,collecTRI
3976,,,,gsea_norm,mcauprc,0.6519991159439087,0.0013054830287206266,collecTRI
3977,,,,gsea_norm,mcauprc,0.674743115901947,0.0013054830287206266,collecTRI
3978,,,,gsea_norm,mcauprc,0.671114444732666,0.0013054830287206266,collecTRI
3979,,,,gsea_norm,mcauprc,0.6674602031707764,0.0013054830287206266,collecTRI
3980,,,,gsea_norm,mcauprc,0.6611981391906738,0.0013054830287206266,collecTRI
3981,,,,gsea_norm,mcauprc,0.6633623242378235,0.0013054830287206266,collecTRI
3982,,,,gsea_norm,mcauprc,0.632990837097168,0.0013054830287206266,collecTRI
3983,,,,gsea_norm,mcauprc,0.6483745574951172,0.0013054830287206266,collecTRI
3984,,,,gsea_norm,mcauprc,0.6823439002037048,0.0013054830287206266,collecTRI
3985,,,,gsea_norm,mcauprc,0.6824930310249329,0.0013054830287206266,collecTRI
3986,,,,gsea_norm,mcauprc,0.6490114331245422,0.0013054830287206266,collecTRI
3987,,,,gsea_norm,mcauprc,0.6578971743583679,0.0013054830287206266,collecTRI
3988,,,,gsea_norm,mcauprc,0.6288657188415527,0.0013054830287206266,collecTRI
3989,,,,gsea_norm,mcauprc,0.6169790625572205,0.0013054830287206266,collecTRI
3990,,,,gsea_norm,mcauprc,0.6491193771362305,0.0013054830287206266,collecTRI
3991,,,,gsea_norm,mcauprc,0.6403714418411255,0.0013054830287206266,collecTRI
3992,,,,gsea_norm,mcauprc,0.6533438563346863,0.0013054830287206266,collecTRI
3993,,,,gsea_norm,mcauprc,0.7063888311386108,0.0013054830287206266,collecTRI
3994,,,,gsea_norm,mcauprc,0.6377853751182556,0.0013054830287206266,collecTRI
3995,,,,gsea_norm,mcauprc,0.6301960945129395,0.0013054830287206266,collecTRI
3996,,,,gsea_norm,mcauprc,0.6689878106117249,0.0013054830287206266,collecTRI
3997,,,,gsea_norm,mcauprc,0.6607571840286255,0.0013054830287206266,collecTRI
3998,,,,gsea_norm,mcauprc,0.6581191420555115,0.0013054830287206266,collecTRI
3999,,,,gsea_norm,mcauprc,0.6581632494926453,0.0013054830287206266,collecTRI
4000,,,,gsea_norm,mcauprc,0.6367470622062683,0.0013054830287206266,collecTRI
4001,,,,gsea_norm,mcauprc,0.7049681544303894,0.0013054830287206266,collecTRI
4002,,,,gsea_norm,mcauprc,0.6582973003387451,0.0013054830287206266,collecTRI
4003,,,,gsea_norm,mcauprc,0.6515628695487976,0.0013054830287206266,collecTRI
4004,,,,gsea_norm,mcauprc,0.6677871346473694,0.0013054830287206266,collecTRI
4005,,,,gsea_norm,mcauprc,0.6788737773895264,0.0013054830287206266,collecTRI
4006,,,,gsea_norm,mcauprc,0.6821091175079346,0.0013054830287206266,collecTRI
4007,,,,gsea_norm,mcauprc,0.6528708338737488,0.0013054830287206266,collecTRI
4008,,,,gsea_norm,mcauprc,0.6625801920890808,0.0013054830287206266,collecTRI
4009,,,,gsea_norm,mcauprc,0.6638842225074768,0.0013054830287206266,collecTRI
4010,,,,gsea_norm,mcauprc,0.6618896722793579,0.0013054830287206266,collecTRI
4011,,,,gsea_norm,mcauprc,0.6428592205047607,0.0013054830287206266,collecTRI
4012,,,,gsea_norm,mcauprc,0.6701621413230896,0.0013054830287206266,collecTRI
4013,,,,gsea_norm,mcauprc,0.6456619501113892,0.0013054830287206266,collecTRI
4014,,,,gsea_norm,mcauprc,0.6513611674308777,0.0013054830287206266,collecTRI
4015,,,,gsea_norm,mcauprc,0.6600996255874634,0.0013054830287206266,collecTRI
4016,,,,gsea_norm,mcauprc,0.6726223826408386,0.0013054830287206266,collecTRI
4017,,,,gsea_norm,mcauprc,0.6242256164550781,0.0013054830287206266,collecTRI
4018,,,,gsea_norm,mcauprc,0.6647804379463196,0.0013054830287206266,collecTRI
4019,,,,gsea_norm,mcauprc,0.6672177314758301,0.0013054830287206266,collecTRI
4020,,,,gsea_norm,mcauprc,0.6665776968002319,0.0013054830287206266,collecTRI
4021,,,,gsea_norm,mcauprc,0.6503901481628418,0.0013054830287206266,collecTRI
4022,,,,gsea_norm,mcauprc,0.6457079648971558,0.0013054830287206266,collecTRI
4023,,,,gsea_norm,mcauprc,0.6520618796348572,0.0013054830287206266,collecTRI
4024,,,,gsea_norm,mcauprc,0.6388980746269226,0.0013054830287206266,collecTRI
4025,,,,gsea_norm,mcauprc,0.6503543257713318,0.0013054830287206266,collecTRI
4026,,,,gsea_norm,mcauprc,0.6922751665115356,0.0013054830287206266,collecTRI
4027,,,,gsea_norm,mcauprc,0.6710571646690369,0.0013054830287206266,collecTRI
4028,,,,gsea_norm,mcauprc,0.6660725474357605,0.0013054830287206266,collecTRI
4029,,,,gsea_norm,mcauprc,0.6501315832138062,0.0013054830287206266,collecTRI
4030,,,,gsea_norm,mcauprc,0.6582862138748169,0.0013054830287206266,collecTRI
4031,,,,gsea_norm,mcauprc,0.6472000479698181,0.0013054830287206266,collecTRI
4032,,,,gsea_norm,mcauprc,0.6536710262298584,0.0013054830287206266,collecTRI
4033,,,,gsea_norm,mcauprc,0.6573194265365601,0.0013054830287206266,collecTRI
4034,,,,gsea_norm,mcauprc,0.6529960036277771,0.0013054830287206266,collecTRI
4035,,,,gsea_norm,mcauprc,0.6709113717079163,0.0013054830287206266,collecTRI
4036,,,,gsea_norm,mcauprc,0.6586872935295105,0.0013054830287206266,collecTRI
4037,,,,gsea_norm,mcauprc,0.6555567383766174,0.0013054830287206266,collecTRI
4038,,,,gsea_norm,mcauprc,0.685178279876709,0.0013054830287206266,collecTRI
4039,,,,gsea_norm,mcauprc,0.6772041320800781,0.0013054830287206266,collecTRI
4040,,,,gsea_norm,mcauprc,0.6612348556518555,0.0013054830287206266,collecTRI
4041,,,,gsea_norm,mcauprc,0.6611257791519165,0.0013054830287206266,collecTRI
4042,,,,gsea_norm,mcauprc,0.6884979009628296,0.0013054830287206266,collecTRI
4043,,,,gsea_norm,mcauprc,0.6769305467605591,0.0013054830287206266,collecTRI
4044,,,,gsea_norm,mcauprc,0.655541718006134,0.0013054830287206266,collecTRI
4045,,,,gsea_norm,mcauprc,0.6468450427055359,0.0013054830287206266,collecTRI
4046,,,,gsea_norm,mcauprc,0.6810649633407593,0.0013054830287206266,collecTRI
4047,,,,gsea_norm,mcauprc,0.6579968929290771,0.0013054830287206266,collecTRI
4048,,,,gsea_norm,mcauprc,0.6292449831962585,0.0013054830287206266,collecTRI
4049,,,,gsea_norm,mcauprc,0.6591461300849915,0.0013054830287206266,collecTRI
4050,,,,gsea_norm,mcauprc,0.6514856219291687,0.0013054830287206266,collecTRI
4051,,,,gsea_norm,mcauprc,0.6160178780555725,0.0013054830287206266,collecTRI
4052,,,,gsea_norm,mcauprc,0.6869789958000183,0.0013054830287206266,collecTRI
4053,,,,gsea_norm,mcauprc,0.6384406089782715,0.0013054830287206266,collecTRI
4054,,,,gsea_norm,mcauprc,0.6789422035217285,0.0013054830287206266,collecTRI
4055,,,,gsea_norm,mcauprc,0.6630962491035461,0.0013054830287206266,collecTRI
4056,,,,gsea_norm,mcauprc,0.651590883731842,0.0013054830287206266,collecTRI
4057,,,,gsea_norm,mcauprc,0.6610808968544006,0.0013054830287206266,collecTRI
4058,,,,gsea_norm,mcauprc,0.6463724970817566,0.0013054830287206266,collecTRI
4059,,,,gsea_norm,mcauprc,0.6588017344474792,0.0013054830287206266,collecTRI
4060,,,,gsea_norm,mcauprc,0.6593160629272461,0.0013054830287206266,collecTRI
4061,,,,gsea_norm,mcauprc,0.6930853128433228,0.0013054830287206266,collecTRI
4062,,,,gsea_norm,mcauprc,0.6503258943557739,0.0013054830287206266,collecTRI
4063,,,,gsea_norm,mcauprc,0.6278359889984131,0.0013054830287206266,collecTRI
4064,,,,gsea_norm,mcauprc,0.6583073735237122,0.0013054830287206266,collecTRI
4065,,,,gsea_norm,mcauprc,0.7105497121810913,0.0013054830287206266,collecTRI
4066,,,,gsea_norm,mcauprc,0.627169668674469,0.0013054830287206266,collecTRI
4067,,,,gsea_norm,mcauprc,0.6676245927810669,0.0013054830287206266,collecTRI
4068,,,,gsea_norm,mcauprc,0.6323877573013306,0.0013054830287206266,collecTRI
4069,,,,gsea_norm,mcauprc,0.6532831192016602,0.0013054830287206266,collecTRI
4070,,,,gsea_norm,mcauprc,0.6926637887954712,0.0013054830287206266,collecTRI
4071,,,,gsea_norm,mcauprc,0.6471723914146423,0.0013054830287206266,collecTRI
4072,,,,gsea_norm,mcauprc,0.6876129508018494,0.0013054830287206266,collecTRI
4073,,,,gsea_norm,mcauprc,0.6838885545730591,0.0013054830287206266,collecTRI
4074,,,,gsea_norm,mcauprc,0.6768198013305664,0.0013054830287206266,collecTRI
4075,,,,gsea_norm,mcauprc,0.683235228061676,0.0013054830287206266,collecTRI
4076,,,,gsea_norm,mcauprc,0.6570103764533997,0.0013054830287206266,collecTRI
4077,,,,gsea_norm,mcauprc,0.681507408618927,0.0013054830287206266,collecTRI
4078,,,,gsea_norm,mcauprc,0.6574663519859314,0.0013054830287206266,collecTRI
4079,,,,gsea_norm,mcauprc,0.6549503803253174,0.0013054830287206266,collecTRI
4080,,,,gsea_norm,mcauprc,0.6923533082008362,0.0013054830287206266,collecTRI
4081,,,,gsea_norm,mcauprc,0.6680706143379211,0.0013054830287206266,collecTRI
4082,,,,gsea_norm,mcauprc,0.638467013835907,0.0013054830287206266,collecTRI
4083,,,,gsea_norm,mcauprc,0.645961344242096,0.0013054830287206266,collecTRI
4084,,,,gsea_norm,mcauprc,0.6655668020248413,0.0013054830287206266,collecTRI
4085,,,,gsea_norm,mcauprc,0.6673964262008667,0.0013054830287206266,collecTRI
4086,,,,gsea_norm,mcauprc,0.6503847241401672,0.0013054830287206266,collecTRI
4087,,,,gsea_norm,mcauprc,0.6749517917633057,0.0013054830287206266,collecTRI
4088,,,,gsea_norm,mcauprc,0.6963419318199158,0.0013054830287206266,collecTRI
4089,,,,gsea_norm,mcauprc,0.6726871132850647,0.0013054830287206266,collecTRI
4090,,,,gsea_norm,mcauprc,0.7190694808959961,0.0013054830287206266,collecTRI
4091,,,,gsea_norm,mcauprc,0.6536967158317566,0.0013054830287206266,collecTRI
4092,,,,gsea_norm,mcauprc,0.6632302403450012,0.0013054830287206266,collecTRI
4093,,,,gsea_norm,mcauprc,0.6434983611106873,0.0013054830287206266,collecTRI
4094,,,,gsea_norm,mcauprc,0.6470792889595032,0.0013054830287206266,collecTRI
4095,,,,gsea_norm,mcauprc,0.6438102126121521,0.0013054830287206266,collecTRI
4096,,,,gsea_norm,mcauprc,0.631542980670929,0.0013054830287206266,collecTRI
4097,,,,gsea_norm,mcauprc,0.6644692420959473,0.0013054830287206266,collecTRI
4098,,,,gsea_norm,mcauprc,0.654812753200531,0.0013054830287206266,collecTRI
4099,,,,gsea_norm,mcauprc,0.6652988195419312,0.0013054830287206266,collecTRI
4100,,,,gsea_norm,mcauprc,0.6851934194564819,0.0013054830287206266,collecTRI
4101,,,,gsea_norm,mcauprc,0.6828303933143616,0.0013054830287206266,collecTRI
4102,,,,gsea_norm,mcauprc,0.6687386631965637,0.0013054830287206266,collecTRI
4103,,,,gsea_norm,mcauprc,0.6604514122009277,0.0013054830287206266,collecTRI
4104,,,,gsea_norm,mcauprc,0.6667799949645996,0.0013054830287206266,collecTRI
4105,,,,gsea_norm,mcauprc,0.683349072933197,0.0013054830287206266,collecTRI
4106,,,,gsea_norm,mcauprc,0.6781792044639587,0.0013054830287206266,collecTRI
4107,,,,gsea_norm,mcauprc,0.6718828678131104,0.0013054830287206266,collecTRI
4108,,,,gsea_norm,mcauprc,0.6449257135391235,0.0013054830287206266,collecTRI
4109,,,,gsea_norm,mcauprc,0.6910893321037292,0.0013054830287206266,collecTRI
4110,,,,gsea_norm,mcauprc,0.674191951751709,0.0013054830287206266,collecTRI
4111,,,,gsea_norm,mcauprc,0.6608504056930542,0.0013054830287206266,collecTRI
4112,,,,gsea_norm,mcauprc,0.6666703224182129,0.0013054830287206266,collecTRI
4113,,,,gsea_norm,mcauprc,0.6638043522834778,0.0013054830287206266,collecTRI
4114,,,,gsea_norm,mcauprc,0.6935181617736816,0.0013054830287206266,collecTRI
4115,,,,gsea_norm,mcauprc,0.6633762121200562,0.0013054830287206266,collecTRI
4116,,,,gsea_norm,mcauprc,0.6498836874961853,0.0013054830287206266,collecTRI
4117,,,,gsea_norm,mcauprc,0.6261235475540161,0.0013054830287206266,collecTRI
4118,,,,gsea_norm,mcauprc,0.6546996235847473,0.0013054830287206266,collecTRI
4119,,,,gsea_norm,mcauprc,0.6743858456611633,0.0013054830287206266,collecTRI
4120,,,,gsea_norm,mcauprc,0.6694203615188599,0.0013054830287206266,collecTRI
4121,,,,gsea_norm,mcauprc,0.6756735444068909,0.0013054830287206266,collecTRI
4122,,,,gsea_norm,mcauprc,0.6778583526611328,0.0013054830287206266,collecTRI
4123,,,,gsea_norm,mcauprc,0.6504552960395813,0.0013054830287206266,collecTRI
4124,,,,gsea_norm,mcauprc,0.6675222516059875,0.0013054830287206266,collecTRI
4125,,,,gsea_norm,mcauprc,0.6670204401016235,0.0013054830287206266,collecTRI
4126,,,,gsea_norm,mcauprc,0.6251534223556519,0.0013054830287206266,collecTRI
4127,,,,gsea_norm,mcauprc,0.6654942631721497,0.0013054830287206266,collecTRI
4128,,,,gsea_norm,mcauprc,0.6673818826675415,0.0013054830287206266,collecTRI
4129,,,,gsea_norm,mcauprc,0.6534919738769531,0.0013054830287206266,collecTRI
4130,,,,gsea_norm,mcauprc,0.6907135248184204,0.0013054830287206266,collecTRI
4131,,,,gsea_norm,mcauprc,0.6880185008049011,0.0013054830287206266,collecTRI
4132,,,,gsea_norm,mcauprc,0.6777692437171936,0.0013054830287206266,collecTRI
4133,,,,gsea_norm,mcauprc,0.6379949450492859,0.0013054830287206266,collecTRI
4134,,,,gsea_norm,mcauprc,0.6284607648849487,0.0013054830287206266,collecTRI
4135,,,,gsea_norm,mcauprc,0.6373721361160278,0.0013054830287206266,collecTRI
4136,,,,gsea_norm,mcauprc,0.6596399545669556,0.0013054830287206266,collecTRI
4137,,,,gsea_norm,mcauprc,0.6465076208114624,0.0013054830287206266,collecTRI
4138,,,,gsea_norm,mcauprc,0.6498294472694397,0.0013054830287206266,collecTRI
4139,,,,gsea_norm,mcauprc,0.6416060328483582,0.0013054830287206266,collecTRI
4140,,,,gsea_norm,mcauprc,0.6613976359367371,0.0013054830287206266,collecTRI
4141,,,,gsea_norm,mcauprc,0.6615182161331177,0.0013054830287206266,collecTRI
4142,,,,gsea_norm,mcauprc,0.6478517055511475,0.0013054830287206266,collecTRI
4143,,,,gsea_norm,mcauprc,0.6271065473556519,0.0013054830287206266,collecTRI
4144,,,,gsea_norm,mcauprc,0.7013014554977417,0.0013054830287206266,collecTRI
4145,,,,gsea_norm,mcauprc,0.6593872904777527,0.0013054830287206266,collecTRI
4146,,,,gsea_norm,mcauprc,0.65699303150177,0.0013054830287206266,collecTRI
4147,,,,gsea_norm,mcauprc,0.6677078008651733,0.0013054830287206266,collecTRI
4148,,,,gsea_norm,mcauprc,0.6778252720832825,0.0013054830287206266,collecTRI
4149,,,,gsea_norm,mcauprc,0.6607462167739868,0.0013054830287206266,collecTRI
4150,,,,gsea_norm,mcauprc,0.65672367811203,0.0013054830287206266,collecTRI
4151,,,,gsea_norm,mcauprc,0.6477304100990295,0.0013054830287206266,collecTRI
4152,,,,gsea_norm,mcauprc,0.6906466484069824,0.0013054830287206266,collecTRI
4153,,,,gsea_norm,mcauprc,0.6505569219589233,0.0013054830287206266,collecTRI
4154,,,,gsea_norm,mcauprc,0.6409056186676025,0.0013054830287206266,collecTRI
4155,,,,gsea_norm,mcauprc,0.6553683280944824,0.0013054830287206266,collecTRI
4156,,,,gsea_norm,mcauprc,0.6462287306785583,0.0013054830287206266,collecTRI
4157,,,,gsea_norm,mcauprc,0.6635528206825256,0.0013054830287206266,collecTRI
4158,,,,gsea_norm,mcauprc,0.6641493439674377,0.0013054830287206266,collecTRI
4159,,,,gsea_norm,mcauprc,0.6703101992607117,0.0013054830287206266,collecTRI
4160,,,,gsea_norm,mcauprc,0.6430160999298096,0.0013054830287206266,collecTRI
4161,,,,gsea_norm,mcauprc,0.630253255367279,0.0013054830287206266,collecTRI
4162,,,,gsea_norm,mcauprc,0.6746966242790222,0.0013054830287206266,collecTRI
4163,,,,gsea_norm,mcauprc,0.6276931166648865,0.0013054830287206266,collecTRI
4164,,,,gsea_norm,mcauprc,0.6424775123596191,0.0013054830287206266,collecTRI
4165,,,,gsea_norm,mcauprc,0.6582228541374207,0.0013054830287206266,collecTRI
4166,,,,gsea_norm,mcauprc,0.666263997554779,0.0013054830287206266,collecTRI
4167,,,,gsea_norm,mcauprc,0.6344546675682068,0.0013054830287206266,collecTRI
4168,,,,gsea_norm,mcauprc,0.659278392791748,0.0013054830287206266,collecTRI
4169,,,,gsea_norm,mcauprc,0.6507071256637573,0.0013054830287206266,collecTRI
4170,,,,gsea_norm,mcauprc,0.6424041986465454,0.0013054830287206266,collecTRI
4171,,,,gsea_norm,mcauprc,0.6623863577842712,0.0013054830287206266,collecTRI
4172,,,,gsea_norm,mcauprc,0.6312481760978699,0.0013054830287206266,collecTRI
4173,,,,gsea_norm,mcauprc,0.6516188383102417,0.0013054830287206266,collecTRI
4174,,,,gsea_norm,mcauprc,0.685411274433136,0.0013054830287206266,collecTRI
4175,,,,gsea_norm,mcauprc,0.6537481546401978,0.0013054830287206266,collecTRI
4176,,,,gsea_norm,mcauprc,0.6373158693313599,0.0013054830287206266,collecTRI
4177,,,,gsea_norm,mcauprc,0.6479804515838623,0.0013054830287206266,collecTRI
4178,,,,gsea_norm,mcauprc,0.6895732283592224,0.0013054830287206266,collecTRI
4179,,,,gsea_norm,mcauprc,0.6688852310180664,0.0013054830287206266,collecTRI
4180,,,,gsea_norm,mcauprc,0.6861632466316223,0.0013054830287206266,collecTRI
4181,,,,gsea_norm,mcauprc,0.6649715304374695,0.0013054830287206266,collecTRI
4182,,,,gsea_norm,mcauprc,0.6701738834381104,0.0013054830287206266,collecTRI
4183,,,,gsea_norm,mcauprc,0.6623591780662537,0.0013054830287206266,collecTRI
4184,,,,gsea_norm,mcauprc,0.6749022006988525,0.0013054830287206266,collecTRI
4185,,,,gsea_norm,mcauprc,0.6375818848609924,0.0013054830287206266,collecTRI
4186,,,,gsea_norm,mcauprc,0.7050155401229858,0.0013054830287206266,collecTRI
4187,,,,gsea_norm,mcauprc,0.6406037211418152,0.0013054830287206266,collecTRI
4188,,,,gsea_norm,mcauprc,0.6583586931228638,0.0013054830287206266,collecTRI
4189,,,,gsea_norm,mcauprc,0.6678439974784851,0.0013054830287206266,collecTRI
4190,,,,gsea_norm,mcauprc,0.6577180624008179,0.0013054830287206266,collecTRI
4191,,,,gsea_norm,mcauprc,0.6619762778282166,0.0013054830287206266,collecTRI
4192,,,,gsea_norm,mcauprc,0.6991984248161316,0.0013054830287206266,collecTRI
4193,,,,gsea_norm,mcauprc,0.6429522633552551,0.0013054830287206266,collecTRI
4194,,,,gsea_norm,mcauprc,0.6351166367530823,0.0013054830287206266,collecTRI
4195,,,,gsea_norm,mcauprc,0.6781441569328308,0.0013054830287206266,collecTRI
4196,,,,gsea_norm,mcauprc,0.6621730327606201,0.0013054830287206266,collecTRI
4197,,,,gsea_norm,mcauprc,0.646928071975708,0.0013054830287206266,collecTRI
4198,,,,gsea_norm,mcauprc,0.65995854139328,0.0013054830287206266,collecTRI
4199,,,,gsea_norm,mcauprc,0.6129320859909058,0.0013054830287206266,collecTRI
4200,,,,gsea_norm,mcauprc,0.6504732370376587,0.0013054830287206266,collecTRI
4201,,,,gsea_norm,mcauprc,0.6723781824111938,0.0013054830287206266,collecTRI
4202,,,,gsea_norm,mcauprc,0.678759753704071,0.0013054830287206266,collecTRI
4203,,,,gsea_norm,mcauprc,0.6573197245597839,0.0013054830287206266,collecTRI
4204,,,,gsea_norm,mcauprc,0.6571134924888611,0.0013054830287206266,collecTRI
4205,,,,gsea_norm,mcauprc,0.6557554602622986,0.0013054830287206266,collecTRI
4206,,,,gsea_norm,mcauprc,0.6938762068748474,0.0013054830287206266,collecTRI
4207,,,,gsea_norm,mcauprc,0.681104838848114,0.0013054830287206266,collecTRI
4208,,,,gsea_norm,mcauprc,0.681144118309021,0.0013054830287206266,collecTRI
4209,,,,gsea_norm,mcauprc,0.6548635959625244,0.0013054830287206266,collecTRI
4210,,,,gsea_norm,mcauprc,0.6481319069862366,0.0013054830287206266,collecTRI
4211,,,,gsea_norm,mcauprc,0.6650897860527039,0.0013054830287206266,collecTRI
4212,,,,gsea_norm,mcauprc,0.6753208041191101,0.0013054830287206266,collecTRI
4213,,,,gsea_norm,mcauprc,0.6751738786697388,0.0013054830287206266,collecTRI
4214,,,,gsea_norm,mcauprc,0.6578129529953003,0.0013054830287206266,collecTRI
4215,,,,gsea_norm,mcauprc,0.645976722240448,0.0013054830287206266,collecTRI
4216,,,,gsea_norm,mcauprc,0.6181122660636902,0.0013054830287206266,collecTRI
4217,,,,gsea_norm,mcauprc,0.6788619160652161,0.0013054830287206266,collecTRI
4218,,,,gsea_norm,mcauprc,0.6993592381477356,0.0013054830287206266,collecTRI
4219,,,,gsea_norm,mcauprc,0.6633387207984924,0.0013054830287206266,collecTRI
4220,,,,gsea_norm,mcauprc,0.6469036936759949,0.0013054830287206266,collecTRI
4221,,,,gsea_norm,mcauprc,0.6586965918540955,0.0013054830287206266,collecTRI
4222,,,,gsea_norm,mcauprc,0.650187075138092,0.0013054830287206266,collecTRI
4223,,,,gsea_norm,mcauprc,0.6760398149490356,0.0013054830287206266,collecTRI
4224,,,,gsea_norm,mcauprc,0.6869463920593262,0.0013054830287206266,collecTRI
4225,,,,gsea_norm,mcauprc,0.644424557685852,0.0013054830287206266,collecTRI
4226,,,,gsea_norm,mcauprc,0.6834815740585327,0.0013054830287206266,collecTRI
4227,,,,gsea_norm,mcauprc,0.6333267092704773,0.0013054830287206266,collecTRI
4228,,,,gsea_norm,mcauprc,0.6861279606819153,0.0013054830287206266,collecTRI
4229,,,,gsea_norm,mcauprc,0.6670723557472229,0.0013054830287206266,collecTRI
4230,,,,gsea_norm,mcauprc,0.6229056715965271,0.0013054830287206266,collecTRI
4231,,,,gsea_norm,mcauprc,0.6691399812698364,0.0013054830287206266,collecTRI
4232,,,,gsea_norm,mcauprc,0.6732482314109802,0.0013054830287206266,collecTRI
4233,,,,gsea_norm,mcauprc,0.6599296927452087,0.0013054830287206266,collecTRI
4234,,,,gsea_norm,mcauprc,0.663338303565979,0.0013054830287206266,collecTRI
4235,,,,gsea_norm,mcauprc,0.6537365317344666,0.0013054830287206266,collecTRI
4236,,,,gsea_norm,mcauprc,0.7058109641075134,0.0013054830287206266,collecTRI
4237,,,,gsea_norm,mcauprc,0.6743349432945251,0.0013054830287206266,collecTRI
4238,,,,gsea_norm,mcauprc,0.6966306567192078,0.0013054830287206266,collecTRI
4239,,,,gsea_norm,mcauprc,0.6267608404159546,0.0013054830287206266,collecTRI
4240,,,,gsea_norm,mcauprc,0.6366104483604431,0.0013054830287206266,collecTRI
4241,,,,gsea_norm,mcauprc,0.6759651899337769,0.0013054830287206266,collecTRI
4242,,,,gsea_norm,mcauprc,0.6813575625419617,0.0013054830287206266,collecTRI
4243,,,,gsea_norm,mcauprc,0.6793326735496521,0.0013054830287206266,collecTRI
4244,,,,gsea_norm,mcauprc,0.6450013518333435,0.0013054830287206266,collecTRI
4245,,,,gsea_norm,mcauprc,0.6531975269317627,0.0013054830287206266,collecTRI
4246,,,,gsea_norm,mcauprc,0.6451981067657471,0.0013054830287206266,collecTRI
4247,,,,gsea_norm,mcauprc,0.643338143825531,0.0013054830287206266,collecTRI
4248,,,,gsea_norm,mcauprc,0.6512956619262695,0.0013054830287206266,collecTRI
4249,,,,gsea_norm,mcauprc,0.6708189845085144,0.0013054830287206266,collecTRI
4250,,,,gsea_norm,mcauprc,0.6619678139686584,0.0013054830287206266,collecTRI
4251,,,,gsea_norm,mcauprc,0.6688330173492432,0.0013054830287206266,collecTRI
4252,,,,gsea_norm,mcauprc,0.6554535627365112,0.0013054830287206266,collecTRI
4253,,,,gsea_norm,mcauprc,0.6405962705612183,0.0013054830287206266,collecTRI
4254,,,,gsea_norm,mcauprc,0.6792738437652588,0.0013054830287206266,collecTRI
4255,,,,gsea_norm,mcauprc,0.6410722732543945,0.0013054830287206266,collecTRI
4256,,,,gsea_norm,mcauprc,0.6418114900588989,0.0013054830287206266,collecTRI
4257,,,,gsea_norm,mcauprc,0.6460165977478027,0.0013054830287206266,collecTRI
4258,,,,gsea_norm,mcauprc,0.6333868503570557,0.0013054830287206266,collecTRI
4259,,,,gsea_norm,mcauprc,0.6688660979270935,0.0013054830287206266,collecTRI
4260,,,,gsea_norm,mcauprc,0.635209858417511,0.0013054830287206266,collecTRI
4261,,,,gsea_norm,mcauprc,0.6727357506752014,0.0013054830287206266,collecTRI
4262,,,,gsea_norm,mcauprc,0.6192682385444641,0.0013054830287206266,collecTRI
4263,,,,gsea_norm,mcauprc,0.6831995248794556,0.0013054830287206266,collecTRI
4264,,,,gsea_norm,mcauprc,0.6214208602905273,0.0013054830287206266,collecTRI
4265,,,,gsea_norm,mcauprc,0.6655656695365906,0.0013054830287206266,collecTRI
4266,,,,gsea_norm,mcauprc,0.6616693139076233,0.0013054830287206266,collecTRI
4267,,,,gsea_norm,mcauprc,0.6648730039596558,0.0013054830287206266,collecTRI
4268,,,,gsea_norm,mcauprc,0.6900211572647095,0.0013054830287206266,collecTRI
4269,,,,gsea_norm,mcauprc,0.6766418814659119,0.0013054830287206266,collecTRI
4270,,,,gsea_norm,mcauprc,0.636733889579773,0.0013054830287206266,collecTRI
4271,,,,gsea_norm,mcauprc,0.6668651103973389,0.0013054830287206266,collecTRI
4272,,,,gsea_norm,mcauprc,0.670612096786499,0.0013054830287206266,collecTRI
4273,,,,gsea_norm,mcauprc,0.652987539768219,0.0013054830287206266,collecTRI
4274,,,,gsea_norm,mcauprc,0.665938675403595,0.0013054830287206266,collecTRI
4275,,,,gsea_norm,mcauprc,0.635999321937561,0.0013054830287206266,collecTRI
4276,,,,gsea_norm,mcauprc,0.6666905879974365,0.0013054830287206266,collecTRI
4277,,,,gsea_norm,mcauprc,0.6792417168617249,0.0013054830287206266,collecTRI
4278,,,,gsea_norm,mcauprc,0.6509367227554321,0.0013054830287206266,collecTRI
4279,,,,gsea_norm,mcauprc,0.6397249102592468,0.0013054830287206266,collecTRI
4280,,,,gsea_norm,mcauprc,0.6403719782829285,0.0013054830287206266,collecTRI
4281,,,,gsea_norm,mcauprc,0.6690778136253357,0.0013054830287206266,collecTRI
4282,,,,gsea_norm,mcauprc,0.6489812731742859,0.0013054830287206266,collecTRI
4283,,,,gsea_norm,mcauprc,0.6599854230880737,0.0013054830287206266,collecTRI
4284,,,,gsea_norm,mcauprc,0.6757349967956543,0.0013054830287206266,collecTRI
4285,,,,gsea_norm,mcauprc,0.6547431349754333,0.0013054830287206266,collecTRI
4286,,,,gsea_norm,mcauprc,0.6396530270576477,0.0013054830287206266,collecTRI
4287,,,,gsea_norm,mcauprc,0.6812614798545837,0.0013054830287206266,collecTRI
4288,,,,gsea_norm,mcauprc,0.6461203694343567,0.0013054830287206266,collecTRI
4289,,,,gsea_norm,mcauprc,0.6757777333259583,0.0013054830287206266,collecTRI
4290,,,,gsea_norm,mcauprc,0.62419193983078,0.0013054830287206266,collecTRI
4291,,,,gsea_norm,mcauprc,0.6638513803482056,0.0013054830287206266,collecTRI
4292,,,,gsea_norm,mcauprc,0.6440631151199341,0.0013054830287206266,collecTRI
4293,,,,gsea_norm,mcauprc,0.681993305683136,0.0013054830287206266,collecTRI
4294,,,,gsea_norm,mcauprc,0.6804317831993103,0.0013054830287206266,collecTRI
4295,,,,gsea_norm,mcauprc,0.6420794129371643,0.0013054830287206266,collecTRI
4296,,,,gsea_norm,mcauprc,0.6625004410743713,0.0013054830287206266,collecTRI
4297,,,,gsea_norm,mcauprc,0.651454746723175,0.0013054830287206266,collecTRI
4298,,,,gsea_norm,mcauprc,0.6437163949012756,0.0013054830287206266,collecTRI
4299,,,,gsea_norm,mcauprc,0.685533344745636,0.0013054830287206266,collecTRI
4300,,,,gsea_norm,mcauprc,0.6933863162994385,0.0013054830287206266,collecTRI
4301,,,,gsea_norm,mcauprc,0.6859205365180969,0.0013054830287206266,collecTRI
4302,,,,gsea_norm,mcauprc,0.6341235041618347,0.0013054830287206266,collecTRI
4303,,,,gsea_norm,mcauprc,0.6333478689193726,0.0013054830287206266,collecTRI
4304,,,,gsea_norm,mcauprc,0.6555250287055969,0.0013054830287206266,collecTRI
4305,,,,gsea_norm,mcauprc,0.6441884636878967,0.0013054830287206266,collecTRI
4306,,,,gsea_norm,mcauprc,0.6705934405326843,0.0013054830287206266,collecTRI
4307,,,,gsea_norm,mcauprc,0.6647723913192749,0.0013054830287206266,collecTRI
4308,,,,gsea_norm,mcauprc,0.7135805487632751,0.0013054830287206266,collecTRI
4309,,,,gsea_norm,mcauprc,0.6895906925201416,0.0013054830287206266,collecTRI
4310,,,,gsea_norm,mcauprc,0.6345334053039551,0.0013054830287206266,collecTRI
4311,,,,gsea_norm,mcauprc,0.6610123515129089,0.0013054830287206266,collecTRI
4312,,,,gsea_norm,mcauprc,0.6814059019088745,0.0013054830287206266,collecTRI
4313,,,,gsea_norm,mcauprc,0.6752814650535583,0.0013054830287206266,collecTRI
4314,,,,gsea_norm,mcauprc,0.6817879676818848,0.0013054830287206266,collecTRI
4315,,,,gsea_norm,mcauprc,0.6631022691726685,0.0013054830287206266,collecTRI
4316,,,,gsea_norm,mcauprc,0.6851560473442078,0.0013054830287206266,collecTRI
4317,,,,gsea_norm,mcauprc,0.636680543422699,0.0013054830287206266,collecTRI
4318,,,,gsea_norm,mcauprc,0.6638350486755371,0.0013054830287206266,collecTRI
4319,,,,gsea_norm,mcauprc,0.660916805267334,0.0013054830287206266,collecTRI
4320,,,,gsea_norm,mcauprc,0.7076667547225952,0.0013054830287206266,collecTRI
4321,,,,gsea_norm,mcauprc,0.6727328300476074,0.0013054830287206266,collecTRI
4322,,,,gsea_norm,mcauprc,0.6862542629241943,0.0013054830287206266,collecTRI
4323,,,,gsea_norm,mcauprc,0.6455447673797607,0.0013054830287206266,collecTRI
4324,,,,gsea_norm,mcauprc,0.6360477209091187,0.0013054830287206266,collecTRI
4325,,,,gsea_norm,mcauprc,0.6539855003356934,0.0013054830287206266,collecTRI
4326,,,,gsea_norm,mcauprc,0.6714714765548706,0.0013054830287206266,collecTRI
4327,,,,gsea_norm,mcauprc,0.6912828683853149,0.0013054830287206266,collecTRI
4328,,,,gsea_norm,mcauprc,0.6662503480911255,0.0013054830287206266,collecTRI
4329,,,,gsea_norm,mcauprc,0.6312451362609863,0.0013054830287206266,collecTRI
4330,,,,gsea_norm,mcauprc,0.6903313398361206,0.0013054830287206266,collecTRI
4331,,,,gsea_norm,mcauprc,0.6599419116973877,0.0013054830287206266,collecTRI
4332,,,,gsea_norm,mcauprc,0.6791253089904785,0.0013054830287206266,collecTRI
4333,,,,gsea_norm,mcauprc,0.6618911623954773,0.0013054830287206266,collecTRI
4334,,,,gsea_norm,mcauprc,0.6486889123916626,0.0013054830287206266,collecTRI
4335,,,,gsea_norm,mcauprc,0.660209059715271,0.0013054830287206266,collecTRI
4336,,,,gsea_norm,mcauprc,0.6512879133224487,0.0013054830287206266,collecTRI
4337,,,,gsea_norm,mcauprc,0.648552656173706,0.0013054830287206266,collecTRI
4338,,,,gsea_norm,mcauprc,0.6663329601287842,0.0013054830287206266,collecTRI
4339,,,,gsea_norm,mcauprc,0.6466578841209412,0.0013054830287206266,collecTRI
4340,,,,gsea_norm,mcauprc,0.6570963263511658,0.0013054830287206266,collecTRI
4341,,,,gsea_norm,mcauprc,0.6475189328193665,0.0013054830287206266,collecTRI
4342,,,,gsea_norm,mcauprc,0.669941246509552,0.0013054830287206266,collecTRI
4343,,,,gsea_norm,mcauprc,0.6814664006233215,0.0013054830287206266,collecTRI
4344,,,,gsea_norm,mcauprc,0.6381751894950867,0.0013054830287206266,collecTRI
4345,,,,gsea_norm,mcauprc,0.6734424829483032,0.0013054830287206266,collecTRI
4346,,,,gsea_norm,mcauprc,0.6697186827659607,0.0013054830287206266,collecTRI
4347,,,,gsea_norm,mcauprc,0.6386166214942932,0.0013054830287206266,collecTRI
4348,,,,gsea_norm,mcauprc,0.7169181108474731,0.0013054830287206266,collecTRI
4349,,,,gsea_norm,mcauprc,0.6624545454978943,0.0013054830287206266,collecTRI
4350,,,,gsea_norm,mcauprc,0.6371678113937378,0.0013054830287206266,collecTRI
4351,,,,gsea_norm,mcauprc,0.6827139258384705,0.0013054830287206266,collecTRI
4352,,,,gsea_norm,mcauprc,0.6953416466712952,0.0013054830287206266,collecTRI
4353,,,,gsea_norm,mcauprc,0.6366657018661499,0.0013054830287206266,collecTRI
4354,,,,gsea_norm,mcauprc,0.6856598258018494,0.0013054830287206266,collecTRI
4355,,,,gsea_norm,mcauprc,0.6323428750038147,0.0013054830287206266,collecTRI
4356,,,,gsea_norm,mcauprc,0.6456469893455505,0.0013054830287206266,collecTRI
4357,,,,gsea_norm,mcauprc,0.6460106372833252,0.0013054830287206266,collecTRI
4358,,,,gsea_norm,mcauprc,0.6474668979644775,0.0013054830287206266,collecTRI
4359,,,,gsea_norm,mcauprc,0.6376858949661255,0.0013054830287206266,collecTRI
4360,,,,gsea_norm,mcauprc,0.6613219976425171,0.0013054830287206266,collecTRI
4361,,,,gsea_norm,mcauprc,0.6254985928535461,0.0013054830287206266,collecTRI
4362,,,,gsea_norm,mcauprc,0.6476460099220276,0.0013054830287206266,collecTRI
4363,,,,gsea_norm,mcauprc,0.6479365229606628,0.0013054830287206266,collecTRI
4364,,,,gsea_norm,mcauprc,0.6825204491615295,0.0013054830287206266,collecTRI
4365,,,,gsea_norm,mcauprc,0.6842518448829651,0.0013054830287206266,collecTRI
4366,,,,gsea_norm,mcauprc,0.6725043058395386,0.0013054830287206266,collecTRI
4367,,,,gsea_norm,mcauprc,0.6069414019584656,0.0013054830287206266,collecTRI
4368,,,,gsea_norm,mcauprc,0.6122284531593323,0.0013054830287206266,collecTRI
4369,,,,gsea_norm,mcauprc,0.7090909481048584,0.0013054830287206266,collecTRI
4370,,,,gsea_norm,mcauprc,0.6460944414138794,0.0013054830287206266,collecTRI
4371,,,,gsea_norm,mcauprc,0.6840933561325073,0.0013054830287206266,collecTRI
4372,,,,gsea_norm,mcauprc,0.6670771241188049,0.0013054830287206266,collecTRI
4373,,,,gsea_norm,mcauprc,0.6930122971534729,0.0013054830287206266,collecTRI
4374,,,,gsea_norm,mcauprc,0.6410871744155884,0.0013054830287206266,collecTRI
4375,,,,gsea_norm,mcauprc,0.6737916469573975,0.0013054830287206266,collecTRI
4376,,,,gsea_norm,mcauprc,0.6327847242355347,0.0013054830287206266,collecTRI
4377,,,,gsea_norm,mcauprc,0.6894087195396423,0.0013054830287206266,collecTRI
4378,,,,gsea_norm,mcauprc,0.6834070682525635,0.0013054830287206266,collecTRI
4379,,,,gsea_norm,mcauprc,0.7242972254753113,0.0013054830287206266,collecTRI
4380,,,,gsea_norm,mcauprc,0.6566590666770935,0.0013054830287206266,collecTRI
4381,,,,gsea_norm,mcauprc,0.6900678277015686,0.0013054830287206266,collecTRI
4382,,,,gsea_norm,mcauprc,0.6581074595451355,0.0013054830287206266,collecTRI
4383,,,,gsea_norm,mcauprc,0.649366021156311,0.0013054830287206266,collecTRI
4384,,,,gsea_norm,mcauprc,0.6470813155174255,0.0013054830287206266,collecTRI
4385,,,,gsea_norm,mcauprc,0.6530609130859375,0.0013054830287206266,collecTRI
4386,,,,gsea_norm,mcauprc,0.6474960446357727,0.0013054830287206266,collecTRI
4387,,,,gsea_norm,mcauprc,0.6824223399162292,0.0013054830287206266,collecTRI
4388,,,,gsea_norm,mcauprc,0.6823221445083618,0.0013054830287206266,collecTRI
4389,,,,gsea_norm,mcauprc,0.664527952671051,0.0013054830287206266,collecTRI
4390,,,,gsea_norm,mcauprc,0.6324642300605774,0.0013054830287206266,collecTRI
4391,,,,gsea_norm,mcauprc,0.654822587966919,0.0013054830287206266,collecTRI
4392,,,,gsea_norm,mcauprc,0.6465972065925598,0.0013054830287206266,collecTRI
4393,,,,gsea_norm,mcauprc,0.6249318718910217,0.0013054830287206266,collecTRI
4394,,,,gsea_norm,mcauprc,0.6622826457023621,0.0013054830287206266,collecTRI
4395,,,,gsea_norm,mcauprc,0.6326860785484314,0.0013054830287206266,collecTRI
4396,,,,gsea_norm,mcauprc,0.6753177046775818,0.0013054830287206266,collecTRI
4397,,,,gsea_norm,mcauprc,0.6399292349815369,0.0013054830287206266,collecTRI
4398,,,,gsea_norm,mcauprc,0.6833685040473938,0.0013054830287206266,collecTRI
4399,,,,gsea_norm,mcauprc,0.6534744501113892,0.0013054830287206266,collecTRI
4400,,,,gsea_norm,mcauprc,0.6801450252532959,0.0013054830287206266,collecTRI
4401,,,,gsea_norm,mcauprc,0.6404916644096375,0.0013054830287206266,collecTRI
4402,,,,gsea_norm,mcauprc,0.6489933133125305,0.0013054830287206266,collecTRI
4403,,,,gsea_norm,mcauprc,0.6742417216300964,0.0013054830287206266,collecTRI
4404,,,,gsea_norm,mcauprc,0.6554168462753296,0.0013054830287206266,collecTRI
4405,,,,gsea_norm,mcauprc,0.6688331365585327,0.0013054830287206266,collecTRI
4406,,,,gsea_norm,mcauprc,0.6627833843231201,0.0013054830287206266,collecTRI
4407,,,,gsea_norm,mcauprc,0.6266695261001587,0.0013054830287206266,collecTRI
4408,,,,gsea_norm,mcauprc,0.6447783708572388,0.0013054830287206266,collecTRI
4409,,,,gsea_norm,mcauprc,0.6591842174530029,0.0013054830287206266,collecTRI
4410,,,,gsea_norm,mcauprc,0.669439435005188,0.0013054830287206266,collecTRI
4411,,,,gsea_norm,mcauprc,0.6405450105667114,0.0013054830287206266,collecTRI
4412,,,,gsea_norm,mcauprc,0.672296404838562,0.0013054830287206266,collecTRI
4413,,,,gsea_norm,mcauprc,0.6596031188964844,0.0013054830287206266,collecTRI
4414,,,,gsea_norm,mcauprc,0.6762100458145142,0.0013054830287206266,collecTRI
4415,,,,gsea_norm,mcauprc,0.6593918800354004,0.0013054830287206266,collecTRI
4416,,,,gsea_norm,mcauprc,0.67115718126297,0.0013054830287206266,collecTRI
4417,,,,gsea_norm,mcauprc,0.6491609811782837,0.0013054830287206266,collecTRI
4418,,,,gsea_norm,mcauprc,0.6537215709686279,0.0013054830287206266,collecTRI
4419,,,,gsea_norm,mcauprc,0.6883196234703064,0.0013054830287206266,collecTRI
4420,,,,gsea_norm,mcauprc,0.6789001226425171,0.0013054830287206266,collecTRI
4421,,,,gsea_norm,mcauprc,0.6869821548461914,0.0013054830287206266,collecTRI
4422,,,,gsea_norm,mcauprc,0.6615196466445923,0.0013054830287206266,collecTRI
4423,,,,gsea_norm,mcauprc,0.6493813395500183,0.0013054830287206266,collecTRI
4424,,,,gsea_norm,mcauprc,0.6475752592086792,0.0013054830287206266,collecTRI
4425,,,,gsea_norm,mcauprc,0.6746939420700073,0.0013054830287206266,collecTRI
4426,,,,gsea_norm,mcauprc,0.6181627511978149,0.0013054830287206266,collecTRI
4427,,,,gsea_norm,mcauprc,0.6748005747795105,0.0013054830287206266,collecTRI
4428,,,,gsea_norm,mcauprc,0.6382836103439331,0.0013054830287206266,collecTRI
4429,,,,gsea_norm,mcauprc,0.6554917097091675,0.0013054830287206266,collecTRI
4430,,,,gsea_norm,mcauprc,0.6689621806144714,0.0013054830287206266,collecTRI
4431,,,,gsea_norm,mcauprc,0.662031888961792,0.0013054830287206266,collecTRI
4432,,,,gsea_norm,mcauprc,0.6764480471611023,0.0013054830287206266,collecTRI
4433,,,,gsea_norm,mcauprc,0.6585100293159485,0.0013054830287206266,collecTRI
4434,,,,gsea_norm,mcauprc,0.6491997838020325,0.0013054830287206266,collecTRI
4435,,,,gsea_norm,mcauprc,0.6849229335784912,0.0013054830287206266,collecTRI
4436,,,,gsea_norm,mcauprc,0.6746262907981873,0.0013054830287206266,collecTRI
4437,,,,gsea_norm,mcauprc,0.6615546345710754,0.0013054830287206266,collecTRI
4438,,,,gsea_norm,mcauprc,0.6640862822532654,0.0013054830287206266,collecTRI
4439,,,,gsea_norm,mcauprc,0.6480666399002075,0.0013054830287206266,collecTRI
4440,,,,gsea_norm,mcauprc,0.6842523813247681,0.0013054830287206266,collecTRI
4441,,,,gsea_norm,mcauprc,0.6381863951683044,0.0013054830287206266,collecTRI
4442,,,,gsea_norm,mcauprc,0.6674194931983948,0.0013054830287206266,collecTRI
4443,,,,gsea_norm,mcauprc,0.6286373734474182,0.0013054830287206266,collecTRI
4444,,,,gsea_norm,mcauprc,0.6236283779144287,0.0013054830287206266,collecTRI
4445,,,,gsea_norm,mcauprc,0.6601036787033081,0.0013054830287206266,collecTRI
4446,,,,gsea_norm,mcauprc,0.6849274635314941,0.0013054830287206266,collecTRI
4447,,,,gsea_norm,mcauprc,0.6791694760322571,0.0013054830287206266,collecTRI
4448,,,,gsea_norm,mcauprc,0.6328791379928589,0.0013054830287206266,collecTRI
4449,,,,gsea_norm,mcauprc,0.6695091128349304,0.0013054830287206266,collecTRI
4450,,,,gsea_norm,mcauprc,0.6738004684448242,0.0013054830287206266,collecTRI
4451,,,,gsea_norm,mcauprc,0.6910185217857361,0.0013054830287206266,collecTRI
4452,,,,gsea_norm,mcauprc,0.650515079498291,0.0013054830287206266,collecTRI
4453,,,,gsea_norm,mcauprc,0.6341718435287476,0.0013054830287206266,collecTRI
4454,,,,gsea_norm,mcauprc,0.6545177698135376,0.0013054830287206266,collecTRI
4455,,,,gsea_norm,mcauprc,0.6554369330406189,0.0013054830287206266,collecTRI
4456,,,,gsea_norm,mcauprc,0.6477007269859314,0.0013054830287206266,collecTRI
4457,,,,gsea_norm,mcauprc,0.6329379081726074,0.0013054830287206266,collecTRI
4458,,,,gsea_norm,mcauprc,0.678851306438446,0.0013054830287206266,collecTRI
4459,,,,gsea_norm,mcauprc,0.6691325306892395,0.0013054830287206266,collecTRI
4460,,,,gsea_norm,mcauprc,0.6498613953590393,0.0013054830287206266,collecTRI
4461,,,,gsea_norm,mcauprc,0.6587420701980591,0.0013054830287206266,collecTRI
4462,,,,gsea_norm,mcauprc,0.7101568579673767,0.0013054830287206266,collecTRI
4463,,,,gsea_norm,mcauprc,0.6254133582115173,0.0013054830287206266,collecTRI
4464,,,,gsea_norm,mcauprc,0.6546799540519714,0.0013054830287206266,collecTRI
4465,,,,gsea_norm,mcauprc,0.6461101770401001,0.0013054830287206266,collecTRI
4466,,,,gsea_norm,mcauprc,0.641383707523346,0.0013054830287206266,collecTRI
4467,,,,gsea_norm,mcauprc,0.6430382132530212,0.0013054830287206266,collecTRI
4468,,,,gsea_norm,mcauprc,0.6778545379638672,0.0013054830287206266,collecTRI
4469,,,,gsea_norm,mcauprc,0.6731488704681396,0.0013054830287206266,collecTRI
4470,,,,gsea_norm,mcauprc,0.6620116829872131,0.0013054830287206266,collecTRI
4471,,,,gsea_norm,mcauprc,0.6267905235290527,0.0013054830287206266,collecTRI
4472,,,,gsea_norm,mcauprc,0.6545084714889526,0.0013054830287206266,collecTRI
4473,,,,gsea_norm,mcauprc,0.6715361475944519,0.0013054830287206266,collecTRI
4474,,,,gsea_norm,mcauprc,0.654545247554779,0.0013054830287206266,collecTRI
4475,,,,gsea_norm,mcauprc,0.690796971321106,0.0013054830287206266,collecTRI
4476,,,,gsea_norm,mcauprc,0.6544257998466492,0.0013054830287206266,collecTRI
4477,,,,gsea_norm,mcauprc,0.6785622835159302,0.0013054830287206266,collecTRI
4478,,,,gsea_norm,mcauprc,0.6936962604522705,0.0013054830287206266,collecTRI
4479,,,,gsea_norm,mcauprc,0.6318069696426392,0.0013054830287206266,collecTRI
4480,,,,gsea_norm,mcauprc,0.6511407494544983,0.0013054830287206266,collecTRI
4481,,,,gsea_norm,mcauprc,0.6532813310623169,0.0013054830287206266,collecTRI
4482,,,,gsea_norm,mcauprc,0.6698098182678223,0.0013054830287206266,collecTRI
4483,,,,gsea_norm,mcauprc,0.7019335627555847,0.0013054830287206266,collecTRI
4484,,,,gsea_norm,mcauprc,0.6603820323944092,0.0013054830287206266,collecTRI
4485,,,,gsea_norm,mcauprc,0.6547884941101074,0.0013054830287206266,collecTRI
4486,,,,gsea_norm,mcauprc,0.6456345915794373,0.0013054830287206266,collecTRI
4487,,,,gsea_norm,mcauprc,0.6610714197158813,0.0013054830287206266,collecTRI
4488,,,,gsea_norm,mcauprc,0.7163737416267395,0.0013054830287206266,collecTRI
4489,,,,gsea_norm,mcauprc,0.6994279623031616,0.0013054830287206266,collecTRI
4490,,,,gsea_norm,mcauprc,0.6617011427879333,0.0013054830287206266,collecTRI
4491,,,,gsea_norm,mcauprc,0.6611349582672119,0.0013054830287206266,collecTRI
4492,,,,gsea_norm,mcauprc,0.6532877087593079,0.0013054830287206266,collecTRI
4493,,,,gsea_norm,mcauprc,0.6659022569656372,0.0013054830287206266,collecTRI
4494,,,,gsea_norm,mcauprc,0.6564383506774902,0.0013054830287206266,collecTRI
4495,,,,gsea_norm,mcauprc,0.6265435218811035,0.0013054830287206266,collecTRI
4496,,,,gsea_norm,mcauprc,0.6750006675720215,0.0013054830287206266,collecTRI
4497,,,,gsea_norm,mcauprc,0.6321860551834106,0.0013054830287206266,collecTRI
4498,,,,gsea_norm,mcauprc,0.6444183588027954,0.0013054830287206266,collecTRI
4499,,,,gsea_norm,mcauprc,0.7038172483444214,0.0013054830287206266,collecTRI
4500,,,,gsea_norm,mcauprc,0.6457183957099915,0.0013054830287206266,collecTRI
4501,,,,gsea_norm,mcauprc,0.6719543933868408,0.0013054830287206266,collecTRI
4502,,,,gsea_norm,mcauprc,0.6285671591758728,0.0013054830287206266,collecTRI
4503,,,,gsea_norm,mcauprc,0.669114351272583,0.0013054830287206266,collecTRI
4504,,,,gsea_norm,mcauprc,0.6573975086212158,0.0013054830287206266,collecTRI
4505,,,,gsea_norm,mcauprc,0.6635251045227051,0.0013054830287206266,collecTRI
4506,,,,gsea_norm,mcauprc,0.6736710071563721,0.0013054830287206266,collecTRI
4507,,,,gsea_norm,mcauprc,0.6394624710083008,0.0013054830287206266,collecTRI
4508,,,,gsea_norm,mcauprc,0.6356059908866882,0.0013054830287206266,collecTRI
4509,,,,gsea_norm,mcauprc,0.6805471777915955,0.0013054830287206266,collecTRI
4510,,,,gsea_norm,mcauprc,0.6597347855567932,0.0013054830287206266,collecTRI
4511,,,,gsea_norm,mcauprc,0.676349937915802,0.0013054830287206266,collecTRI
4512,,,,gsea_norm,mcauprc,0.6400547623634338,0.0013054830287206266,collecTRI
4513,,,,gsea_norm,mcauprc,0.6781295537948608,0.0013054830287206266,collecTRI
4514,,,,gsea_norm,mcauprc,0.630886971950531,0.0013054830287206266,collecTRI
4515,,,,gsea_norm,mcauprc,0.6668791770935059,0.0013054830287206266,collecTRI
4516,,,,gsea_norm,mcauprc,0.6782982349395752,0.0013054830287206266,collecTRI
4517,,,,gsea_norm,mcauprc,0.6521687507629395,0.0013054830287206266,collecTRI
4518,,,,gsea_norm,mcauprc,0.683221697807312,0.0013054830287206266,collecTRI
4519,,,,gsea_norm,mcauprc,0.647974967956543,0.0013054830287206266,collecTRI
4520,,,,gsea_norm,mcauprc,0.6436405777931213,0.0013054830287206266,collecTRI
4521,,,,gsea_norm,mcauprc,0.659386396408081,0.0013054830287206266,collecTRI
4522,,,,gsea_norm,mcauprc,0.6583919525146484,0.0013054830287206266,collecTRI
4523,,,,gsea_norm,mcauprc,0.6569178104400635,0.0013054830287206266,collecTRI
4524,,,,gsea_norm,mcauprc,0.6490181088447571,0.0013054830287206266,collecTRI
4525,,,,gsea_norm,mcauprc,0.6627634167671204,0.0013054830287206266,collecTRI
4526,,,,gsea_norm,mcauprc,0.6707696318626404,0.0013054830287206266,collecTRI
4527,,,,gsea_norm,mcauprc,0.6743452548980713,0.0013054830287206266,collecTRI
4528,,,,gsea_norm,mcauprc,0.6634701490402222,0.0013054830287206266,collecTRI
4529,,,,gsea_norm,mcauprc,0.6901751160621643,0.0013054830287206266,collecTRI
4530,,,,gsea_norm,mcauprc,0.6423718333244324,0.0013054830287206266,collecTRI
4531,,,,gsea_norm,mcauprc,0.6786693334579468,0.0013054830287206266,collecTRI
4532,,,,gsea_norm,mcauprc,0.6563095450401306,0.0013054830287206266,collecTRI
4533,,,,gsea_norm,mcauprc,0.6705851554870605,0.0013054830287206266,collecTRI
4534,,,,gsea_norm,mcauprc,0.6611245274543762,0.0013054830287206266,collecTRI
4535,,,,gsea_norm,mcauprc,0.6800965666770935,0.0013054830287206266,collecTRI
4536,,,,gsea_norm,mcauprc,0.7032939791679382,0.0013054830287206266,collecTRI
4537,,,,gsea_norm,mcauprc,0.6524685025215149,0.0013054830287206266,collecTRI
4538,,,,gsea_norm,mcauprc,0.6914424300193787,0.0013054830287206266,collecTRI
4539,,,,gsea_norm,mcauprc,0.6188980340957642,0.0013054830287206266,collecTRI
4540,,,,gsea_norm,mcauprc,0.6885204911231995,0.0013054830287206266,collecTRI
4541,,,,gsea_norm,mcauprc,0.6871772408485413,0.0013054830287206266,collecTRI
4542,,,,gsea_norm,mcauprc,0.6567028164863586,0.0013054830287206266,collecTRI
4543,,,,gsea_norm,mcauprc,0.6504960060119629,0.0013054830287206266,collecTRI
4544,,,,gsea_norm,mcauprc,0.6158730983734131,0.0013054830287206266,collecTRI
4545,,,,gsea_norm,mcauprc,0.6853256225585938,0.0013054830287206266,collecTRI
4546,,,,gsea_norm,mcauprc,0.6758480072021484,0.0013054830287206266,collecTRI
4547,,,,gsea_norm,mcauprc,0.6656404137611389,0.0013054830287206266,collecTRI
4548,,,,gsea_norm,mcauprc,0.6445363163948059,0.0013054830287206266,collecTRI
4549,,,,gsea_norm,mcauprc,0.667343258857727,0.0013054830287206266,collecTRI
4550,,,,gsea_norm,mcauprc,0.6330682039260864,0.0013054830287206266,collecTRI
4551,,,,gsea_norm,mcauprc,0.6665943264961243,0.0013054830287206266,collecTRI
4552,,,,gsea_norm,mcauprc,0.6347588896751404,0.0013054830287206266,collecTRI
4553,,,,gsea_norm,mcauprc,0.6384838223457336,0.0013054830287206266,collecTRI
4554,,,,gsea_norm,mcauprc,0.6591898202896118,0.0013054830287206266,collecTRI
4555,,,,gsea_norm,mcauprc,0.6839995384216309,0.0013054830287206266,collecTRI
4556,,,,gsea_norm,mcauprc,0.6400585770606995,0.0013054830287206266,collecTRI
4557,,,,gsea_norm,mcauprc,0.649554967880249,0.0013054830287206266,collecTRI
4558,,,,gsea_norm,mcauprc,0.6923326849937439,0.0013054830287206266,collecTRI
4559,,,,gsea_norm,mcauprc,0.6786503195762634,0.0013054830287206266,collecTRI
4560,,,,gsea_norm,mcauprc,0.6309746503829956,0.0013054830287206266,collecTRI
4561,,,,gsea_norm,mcauprc,0.6917762160301208,0.0013054830287206266,collecTRI
4562,,,,gsea_norm,mcauprc,0.685215413570404,0.0013054830287206266,collecTRI
4563,,,,gsea_norm,rank,540.0,,collecTRI
4564,,,,gsea_norm,rank,477.0,,collecTRI
4565,,,,gsea_norm,rank,311.0,,collecTRI
4566,,,,gsea_norm,rank,555.0,,collecTRI
4567,,,,gsea_norm,rank,637.0,,collecTRI
4568,,,,gsea_norm,rank,478.0,,collecTRI
4569,,,,gsea_norm,rank,173.0,,collecTRI
4570,,,,gsea_norm,rank,461.0,,collecTRI
4571,,,,gsea_norm,rank,612.0,,collecTRI
4572,,,,gsea_norm,rank,233.0,,collecTRI
4573,,,,gsea_norm,rank,333.0,,collecTRI
4574,,,,gsea_norm,rank,440.0,,collecTRI
4575,,,,gsea_norm,rank,31.0,,collecTRI
4576,,,,gsea_norm,rank,16.0,,collecTRI
4577,,,,gsea_norm,rank,130.0,,collecTRI
4578,,,,gsea_norm,rank,158.0,,collecTRI
4579,,,,gsea_norm,rank,41.0,,collecTRI
4580,,,,gsea_norm,rank,155.0,,collecTRI
4581,,,,gsea_norm,rank,99.0,,collecTRI
4582,,,,gsea_norm,rank,41.0,,collecTRI
4583,,,,gsea_norm,rank,744.0,,collecTRI
4584,,,,gsea_norm,rank,381.0,,collecTRI
4585,,,,gsea_norm,rank,613.0,,collecTRI
4586,,,,gsea_norm,rank,478.0,,collecTRI
4587,,,,gsea_norm,rank,108.0,,collecTRI
4588,,,,gsea_norm,rank,307.0,,collecTRI
4589,,,,gsea_norm,rank,619.0,,collecTRI
4590,,,,gsea_norm,rank,6.0,,collecTRI
4591,,,,gsea_norm,rank,688.0,,collecTRI
4592,,,,gsea_norm,rank,514.0,,collecTRI
4593,,,,gsea_norm,rank,13.0,,collecTRI
4594,,,,gsea_norm,rank,92.0,,collecTRI
4595,,,,gsea_norm,rank,326.0,,collecTRI
4596,,,,gsea_norm,rank,609.0,,collecTRI
4597,,,,gsea_norm,rank,117.0,,collecTRI
4598,,,,gsea_norm,rank,550.0,,collecTRI
4599,,,,gsea_norm,rank,269.0,,collecTRI
4600,,,,gsea_norm,rank,105.0,,collecTRI
4601,,,,gsea_norm,rank,41.0,,collecTRI
4602,,,,gsea_norm,rank,33.0,,collecTRI
4603,,,,gsea_norm,rank,31.0,,collecTRI
4604,,,,gsea_norm,rank,105.0,,collecTRI
4605,,,,gsea_norm,rank,362.0,,collecTRI
4606,,,,gsea_norm,rank,208.0,,collecTRI
4607,,,,gsea_norm,rank,327.0,,collecTRI
4608,,,,gsea_norm,rank,2.0,,collecTRI
4609,,,,gsea_norm,rank,501.0,,collecTRI
4610,,,,gsea_norm,rank,722.0,,collecTRI
4611,,,,gsea_norm,rank,703.0,,collecTRI
4612,,,,gsea_norm,rank,533.0,,collecTRI
4613,,,,gsea_norm,rank,95.0,,collecTRI
4614,,,,gsea_norm,rank,343.0,,collecTRI
4615,,,,gsea_norm,rank,38.0,,collecTRI
4616,,,,gsea_norm,rank,185.0,,collecTRI
4617,,,,gsea_norm,rank,619.0,,collecTRI
4618,,,,gsea_norm,rank,93.0,,collecTRI
4619,,,,gsea_norm,rank,20.0,,collecTRI
4620,,,,gsea_norm,rank,261.0,,collecTRI
4621,,,,gsea_norm,rank,109.0,,collecTRI
4622,,,,gsea_norm,rank,585.0,,collecTRI
4623,,,,gsea_norm,rank,561.0,,collecTRI
4624,,,,gsea_norm,rank,215.0,,collecTRI
4625,,,,gsea_norm,rank,36.0,,collecTRI
4626,,,,gsea_norm,rank,270.0,,collecTRI
4627,,,,gsea_norm,rank,34.0,,collecTRI
4628,,,,gsea_norm,rank,94.0,,collecTRI
4629,,,,gsea_norm,rank,766.0,,collecTRI
4630,,,,gsea_norm,rank,758.0,,collecTRI
4631,,,,gsea_norm,rank,25.0,,collecTRI
4632,,,,gsea_norm,rank,766.0,,collecTRI
4633,,,,gsea_norm,rank,80.0,,collecTRI
4634,,,,gsea_norm,rank,173.0,,collecTRI
4635,,,,gsea_norm,rank,559.0,,collecTRI
4636,,,,gsea_norm,rank,16.0,,collecTRI
4637,,,,gsea_norm,rank,43.0,,collecTRI
4638,,,,gsea_norm,rank,154.0,,collecTRI
4639,,,,gsea_norm,rank,3.0,,collecTRI
4640,,,,gsea_norm,rank,27.0,,collecTRI
4641,,,,gsea_norm,rank,84.0,,collecTRI
4642,,,,gsea_norm,rank,117.0,,collecTRI
4643,,,,gsea_norm,rank,24.0,,collecTRI
4644,,,,gsea_norm,rank,306.0,,collecTRI
4645,,,,gsea_norm,rank,189.0,,collecTRI
4646,,,,gsea_norm,rank,77.0,,collecTRI
4647,,,,gsea_norm,rank,751.0,,collecTRI
4648,,,,gsea_norm,rank,673.0,,collecTRI
4649,,,,gsea_norm,rank,57.0,,collecTRI
4650,,,,gsea_norm,rank,206.0,,collecTRI
4651,,,,gsea_norm,rank,10.0,,collecTRI
4652,,,,gsea_norm,rank,61.0,,collecTRI
4653,,,,gsea_norm,rank,683.0,,collecTRI
4654,,,,gsea_norm,rank,94.0,,collecTRI
4655,,,,gsea_norm,rank,20.0,,collecTRI
4656,,,,gsea_norm,rank,508.0,,collecTRI
4657,,,,gsea_norm,rank,26.0,,collecTRI
4658,,,,gsea_norm,rank,111.0,,collecTRI
4659,,,,gsea_norm,rank,82.0,,collecTRI
4660,,,,gsea_norm,rank,128.0,,collecTRI
4661,,,,gsea_norm,rank,177.0,,collecTRI
4662,,,,gsea_norm,rank,170.0,,collecTRI
4663,,,,gsea_norm,rank,39.0,,collecTRI
4664,,,,gsea_norm,rank,766.0,,collecTRI
4665,,,,gsea_norm,rank,3.0,,collecTRI
4666,,,,gsea_norm,rank,40.0,,collecTRI
4667,,,,gsea_norm,rank,92.0,,collecTRI
4668,,,,gsea_norm,rank,53.0,,collecTRI
4669,,,,gsea_norm,rank,241.0,,collecTRI
4670,,,,gsea_norm,rank,29.0,,collecTRI
4671,,,,gsea_norm,rank,27.0,,collecTRI
4672,,,,gsea_norm,rank,257.0,,collecTRI
4673,,,,gsea_norm,rank,36.0,,collecTRI
4674,,,,gsea_norm,rank,168.0,,collecTRI
4675,,,,gsea_norm,rank,63.0,,collecTRI
4676,,,,gsea_norm,rank,49.0,,collecTRI
4677,,,,gsea_norm,rank,195.0,,collecTRI
4678,,,,gsea_norm,rank,64.0,,collecTRI
4679,,,,gsea_norm,rank,582.0,,collecTRI
4680,,,,gsea_norm,rank,345.0,,collecTRI
4681,,,,gsea_norm,rank,47.0,,collecTRI
4682,,,,gsea_norm,rank,89.0,,collecTRI
4683,,,,gsea_norm,rank,203.0,,collecTRI
4684,,,,gsea_norm,rank,7.0,,collecTRI
4685,,,,gsea_norm,rank,22.0,,collecTRI
4686,,,,gsea_norm,rank,72.0,,collecTRI
4687,,,,gsea_norm,rank,307.0,,collecTRI
4688,,,,gsea_norm,rank,495.0,,collecTRI
4689,,,,gsea_norm,rank,210.0,,collecTRI
4690,,,,gsea_norm,rank,29.0,,collecTRI
4691,,,,gsea_norm,rank,43.0,,collecTRI
4692,,,,gsea_norm,rank,77.0,,collecTRI
4693,,,,gsea_norm,rank,135.0,,collecTRI
4694,,,,gsea_norm,rank,38.0,,collecTRI
4695,,,,gsea_norm,rank,240.0,,collecTRI
4696,,,,gsea_norm,rank,751.0,,collecTRI
4697,,,,gsea_norm,rank,74.0,,collecTRI
4698,,,,gsea_norm,rank,327.0,,collecTRI
4699,,,,gsea_norm,rank,527.0,,collecTRI
4700,,,,gsea_norm,rank,527.0,,collecTRI
4701,,,,gsea_norm,rank,51.0,,collecTRI
4702,,,,gsea_norm,rank,63.0,,collecTRI
4703,,,,gsea_norm,rank,1.0,,collecTRI
4704,,,,gsea_norm,rank,24.0,,collecTRI
4705,,,,gsea_norm,rank,24.0,,collecTRI
4706,,,,gsea_norm,rank,20.0,,collecTRI
4707,,,,gsea_norm,rank,608.0,,collecTRI
4708,,,,gsea_norm,rank,280.0,,collecTRI
4709,,,,gsea_norm,rank,766.0,,collecTRI
4710,,,,gsea_norm,rank,766.0,,collecTRI
4711,,,,gsea_norm,rank,424.0,,collecTRI
4712,,,,gsea_norm,rank,580.0,,collecTRI
4713,,,,gsea_norm,rank,60.0,,collecTRI
4714,,,,gsea_norm,rank,460.0,,collecTRI
4715,,,,gsea_norm,rank,2.0,,collecTRI
4716,,,,gsea_norm,rank,116.0,,collecTRI
4717,,,,gsea_norm,rank,281.0,,collecTRI
4718,,,,gsea_norm,rank,605.0,,collecTRI
4719,,,,gsea_norm,rank,517.0,,collecTRI
4720,,,,gsea_norm,rank,145.0,,collecTRI
4721,,,,gsea_norm,rank,279.0,,collecTRI
4722,,,,gsea_norm,rank,14.0,,collecTRI
4723,,,,gsea_norm,rank,45.0,,collecTRI
4724,,,,gsea_norm,rank,486.0,,collecTRI
4725,,,,gsea_norm,rank,448.0,,collecTRI
4726,,,,gsea_norm,rank,334.0,,collecTRI
4727,,,,gsea_norm,rank,6.0,,collecTRI
4728,,,,gsea_norm,rank,667.0,,collecTRI
4729,,,,gsea_norm,rank,44.0,,collecTRI
4730,,,,gsea_norm,rank,640.0,,collecTRI
4731,,,,gsea_norm,rank,485.0,,collecTRI
4732,,,,gsea_norm,rank,9.0,,collecTRI
4733,,,,gsea_norm,rank,80.0,,collecTRI
4734,,,,gsea_norm,rank,149.0,,collecTRI
4735,,,,gsea_norm,rank,233.0,,collecTRI
4736,,,,gsea_norm,rank,555.0,,collecTRI
4737,,,,gsea_norm,rank,569.0,,collecTRI
4738,,,,gsea_norm,rank,613.0,,collecTRI
4739,,,,gsea_norm,rank,83.0,,collecTRI
4740,,,,gsea_norm,rank,217.0,,collecTRI
4741,,,,gsea_norm,rank,50.0,,collecTRI
4742,,,,gsea_norm,rank,689.0,,collecTRI
4743,,,,gsea_norm,rank,109.0,,collecTRI
4744,,,,gsea_norm,rank,283.0,,collecTRI
4745,,,,gsea_norm,rank,591.0,,collecTRI
4746,,,,gsea_norm,rank,581.0,,collecTRI
4747,,,,gsea_norm,rank,138.0,,collecTRI
4748,,,,gsea_norm,rank,595.0,,collecTRI
4749,,,,gsea_norm,rank,37.0,,collecTRI
4750,,,,gsea_norm,rank,153.0,,collecTRI
4751,,,,gsea_norm,rank,66.0,,collecTRI
4752,,,,gsea_norm,rank,9.0,,collecTRI
4753,,,,gsea_norm,rank,49.0,,collecTRI
4754,,,,gsea_norm,rank,420.0,,collecTRI
4755,,,,gsea_norm,rank,107.0,,collecTRI
4756,,,,gsea_norm,rank,269.0,,collecTRI
4757,,,,gsea_norm,rank,598.0,,collecTRI
4758,,,,gsea_norm,rank,91.0,,collecTRI
4759,,,,gsea_norm,rank,136.0,,collecTRI
4760,,,,gsea_norm,rank,232.0,,collecTRI
4761,,,,gsea_norm,rank,745.0,,collecTRI
4762,,,,gsea_norm,rank,92.0,,collecTRI
4763,,,,gsea_norm,rank,305.0,,collecTRI
4764,,,,gsea_norm,rank,561.0,,collecTRI
4765,,,,gsea_norm,rank,60.0,,collecTRI
4766,,,,gsea_norm,rank,103.0,,collecTRI
4767,,,,gsea_norm,rank,13.0,,collecTRI
4768,,,,gsea_norm,rank,152.0,,collecTRI
4769,,,,gsea_norm,rank,43.0,,collecTRI
4770,,,,gsea_norm,rank,74.0,,collecTRI
4771,,,,gsea_norm,rank,14.0,,collecTRI
4772,,,,gsea_norm,rank,241.0,,collecTRI
4773,,,,gsea_norm,rank,162.0,,collecTRI
4774,,,,gsea_norm,rank,436.0,,collecTRI
4775,,,,gsea_norm,rank,657.0,,collecTRI
4776,,,,gsea_norm,rank,118.0,,collecTRI
4777,,,,gsea_norm,rank,333.0,,collecTRI
4778,,,,gsea_norm,rank,44.0,,collecTRI
4779,,,,gsea_norm,rank,37.0,,collecTRI
4780,,,,gsea_norm,rank,399.0,,collecTRI
4781,,,,gsea_norm,rank,5.0,,collecTRI
4782,,,,gsea_norm,rank,120.0,,collecTRI
4783,,,,gsea_norm,rank,4.0,,collecTRI
4784,,,,gsea_norm,rank,46.0,,collecTRI
4785,,,,gsea_norm,rank,327.0,,collecTRI
4786,,,,gsea_norm,rank,205.0,,collecTRI
4787,,,,gsea_norm,rank,90.0,,collecTRI
4788,,,,gsea_norm,rank,6.0,,collecTRI
4789,,,,gsea_norm,rank,60.0,,collecTRI
4790,,,,gsea_norm,rank,71.0,,collecTRI
4791,,,,gsea_norm,rank,19.0,,collecTRI
4792,,,,gsea_norm,rank,400.0,,collecTRI
4793,,,,gsea_norm,rank,351.0,,collecTRI
4794,,,,gsea_norm,rank,212.0,,collecTRI
4795,,,,gsea_norm,rank,49.0,,collecTRI
4796,,,,gsea_norm,rank,72.0,,collecTRI
4797,,,,gsea_norm,rank,50.0,,collecTRI
4798,,,,gsea_norm,rank,214.0,,collecTRI
4799,,,,gsea_norm,rank,360.0,,collecTRI
4800,,,,gsea_norm,rank,514.0,,collecTRI
4801,,,,gsea_norm,rank,517.0,,collecTRI
4802,,,,gsea_norm,rank,403.0,,collecTRI
4803,,,,gsea_norm,rank,32.0,,collecTRI
4804,,,,gsea_norm,rank,22.0,,collecTRI
4805,,,,gsea_norm,rank,225.0,,collecTRI
4806,,,,gsea_norm,rank,766.0,,collecTRI
4807,,,,gsea_norm,rank,39.0,,collecTRI
4808,,,,gsea_norm,rank,657.0,,collecTRI
4809,,,,gsea_norm,rank,70.0,,collecTRI
4810,,,,gsea_norm,rank,230.0,,collecTRI
4811,,,,gsea_norm,rank,149.0,,collecTRI
4812,,,,gsea_norm,rank,1.0,,collecTRI
4813,,,,gsea_norm,rank,576.0,,collecTRI
4814,,,,gsea_norm,rank,342.0,,collecTRI
4815,,,,gsea_norm,rank,16.0,,collecTRI
4816,,,,gsea_norm,rank,537.0,,collecTRI
4817,,,,gsea_norm,rank,635.0,,collecTRI
4818,,,,gsea_norm,rank,95.0,,collecTRI
4819,,,,gsea_norm,rank,112.0,,collecTRI
4820,,,,gsea_norm,rank,552.0,,collecTRI
4821,,,,gsea_norm,rank,106.0,,collecTRI
4822,,,,gsea_norm,rank,58.0,,collecTRI
4823,,,,gsea_norm,rank,248.0,,collecTRI
4824,,,,gsea_norm,rank,163.0,,collecTRI
4825,,,,gsea_norm,rank,81.0,,collecTRI
4826,,,,gsea_norm,rank,119.0,,collecTRI
4827,,,,gsea_norm,rank,180.0,,collecTRI
4828,,,,gsea_norm,rank,511.0,,collecTRI
4829,,,,gsea_norm,rank,40.0,,collecTRI
4830,,,,gsea_norm,rank,41.0,,collecTRI
4831,,,,gsea_norm,rank,650.0,,collecTRI
4832,,,,gsea_norm,rank,31.0,,collecTRI
4833,,,,gsea_norm,rank,401.0,,collecTRI
4834,,,,gsea_norm,rank,14.0,,collecTRI
4835,,,,gsea_norm,rank,608.0,,collecTRI
4836,,,,gsea_norm,rank,175.0,,collecTRI
4837,,,,gsea_norm,rank,506.0,,collecTRI
4838,,,,gsea_norm,rank,281.0,,collecTRI
4839,,,,gsea_norm,rank,658.0,,collecTRI
4840,,,,gsea_norm,rank,404.0,,collecTRI
4841,,,,gsea_norm,rank,319.0,,collecTRI
4842,,,,gsea_norm,nrank,0.7045751633986929,,collecTRI
4843,,,,gsea_norm,nrank,0.6222222222222222,,collecTRI
4844,,,,gsea_norm,nrank,0.40522875816993464,,collecTRI
4845,,,,gsea_norm,nrank,0.7241830065359477,,collecTRI
4846,,,,gsea_norm,nrank,0.8313725490196079,,collecTRI
4847,,,,gsea_norm,nrank,0.6235294117647059,,collecTRI
4848,,,,gsea_norm,nrank,0.22483660130718955,,collecTRI
4849,,,,gsea_norm,nrank,0.6013071895424836,,collecTRI
4850,,,,gsea_norm,nrank,0.7986928104575164,,collecTRI
4851,,,,gsea_norm,nrank,0.3032679738562091,,collecTRI
4852,,,,gsea_norm,nrank,0.4339869281045752,,collecTRI
4853,,,,gsea_norm,nrank,0.5738562091503268,,collecTRI
4854,,,,gsea_norm,nrank,0.0392156862745098,,collecTRI
4855,,,,gsea_norm,nrank,0.0196078431372549,,collecTRI
4856,,,,gsea_norm,nrank,0.16862745098039217,,collecTRI
4857,,,,gsea_norm,nrank,0.20522875816993463,,collecTRI
4858,,,,gsea_norm,nrank,0.05228758169934641,,collecTRI
4859,,,,gsea_norm,nrank,0.20130718954248367,,collecTRI
4860,,,,gsea_norm,nrank,0.12810457516339868,,collecTRI
4861,,,,gsea_norm,nrank,0.05228758169934641,,collecTRI
4862,,,,gsea_norm,nrank,0.9712418300653595,,collecTRI
4863,,,,gsea_norm,nrank,0.49673202614379086,,collecTRI
4864,,,,gsea_norm,nrank,0.8,,collecTRI
4865,,,,gsea_norm,nrank,0.6235294117647059,,collecTRI
4866,,,,gsea_norm,nrank,0.13986928104575164,,collecTRI
4867,,,,gsea_norm,nrank,0.4,,collecTRI
4868,,,,gsea_norm,nrank,0.807843137254902,,collecTRI
4869,,,,gsea_norm,nrank,0.006535947712418301,,collecTRI
4870,,,,gsea_norm,nrank,0.8980392156862745,,collecTRI
4871,,,,gsea_norm,nrank,0.6705882352941176,,collecTRI
4872,,,,gsea_norm,nrank,0.014397905759162303,,collecTRI
4873,,,,gsea_norm,nrank,0.11895424836601307,,collecTRI
4874,,,,gsea_norm,nrank,0.42483660130718953,,collecTRI
4875,,,,gsea_norm,nrank,0.7947712418300653,,collecTRI
4876,,,,gsea_norm,nrank,0.15163398692810456,,collecTRI
4877,,,,gsea_norm,nrank,0.7176470588235294,,collecTRI
4878,,,,gsea_norm,nrank,0.3503267973856209,,collecTRI
4879,,,,gsea_norm,nrank,0.13594771241830064,,collecTRI
4880,,,,gsea_norm,nrank,0.05228758169934641,,collecTRI
4881,,,,gsea_norm,nrank,0.04183006535947712,,collecTRI
4882,,,,gsea_norm,nrank,0.0392156862745098,,collecTRI
4883,,,,gsea_norm,nrank,0.13594771241830064,,collecTRI
4884,,,,gsea_norm,nrank,0.4718954248366013,,collecTRI
4885,,,,gsea_norm,nrank,0.27058823529411763,,collecTRI
4886,,,,gsea_norm,nrank,0.4261437908496732,,collecTRI
4887,,,,gsea_norm,nrank,0.00130718954248366,,collecTRI
4888,,,,gsea_norm,nrank,0.6535947712418301,,collecTRI
4889,,,,gsea_norm,nrank,0.9424836601307189,,collecTRI
4890,,,,gsea_norm,nrank,0.9176470588235294,,collecTRI
4891,,,,gsea_norm,nrank,0.6954248366013072,,collecTRI
4892,,,,gsea_norm,nrank,0.12172774869109948,,collecTRI
4893,,,,gsea_norm,nrank,0.4470588235294118,,collecTRI
4894,,,,gsea_norm,nrank,0.048366013071895426,,collecTRI
4895,,,,gsea_norm,nrank,0.24052287581699347,,collecTRI
4896,,,,gsea_norm,nrank,0.807843137254902,,collecTRI
4897,,,,gsea_norm,nrank,0.12026143790849673,,collecTRI
4898,,,,gsea_norm,nrank,0.02483660130718954,,collecTRI
4899,,,,gsea_norm,nrank,0.33986928104575165,,collecTRI
4900,,,,gsea_norm,nrank,0.1411764705882353,,collecTRI
4901,,,,gsea_norm,nrank,0.7633986928104575,,collecTRI
4902,,,,gsea_norm,nrank,0.7320261437908496,,collecTRI
4903,,,,gsea_norm,nrank,0.2797385620915033,,collecTRI
4904,,,,gsea_norm,nrank,0.0457516339869281,,collecTRI
4905,,,,gsea_norm,nrank,0.3516339869281046,,collecTRI
4906,,,,gsea_norm,nrank,0.043137254901960784,,collecTRI
4907,,,,gsea_norm,nrank,0.12156862745098039,,collecTRI
4908,,,,gsea_norm,nrank,1.0,,collecTRI
4909,,,,gsea_norm,nrank,0.9895424836601308,,collecTRI
4910,,,,gsea_norm,nrank,0.03137254901960784,,collecTRI
4911,,,,gsea_norm,nrank,1.0,,collecTRI
4912,,,,gsea_norm,nrank,0.10326797385620914,,collecTRI
4913,,,,gsea_norm,nrank,0.22483660130718955,,collecTRI
4914,,,,gsea_norm,nrank,0.7294117647058823,,collecTRI
4915,,,,gsea_norm,nrank,0.0196078431372549,,collecTRI
4916,,,,gsea_norm,nrank,0.054901960784313725,,collecTRI
4917,,,,gsea_norm,nrank,0.2,,collecTRI
4918,,,,gsea_norm,nrank,0.00261437908496732,,collecTRI
4919,,,,gsea_norm,nrank,0.03398692810457516,,collecTRI
4920,,,,gsea_norm,nrank,0.1084967320261438,,collecTRI
4921,,,,gsea_norm,nrank,0.15163398692810456,,collecTRI
4922,,,,gsea_norm,nrank,0.030065359477124184,,collecTRI
4923,,,,gsea_norm,nrank,0.39869281045751637,,collecTRI
4924,,,,gsea_norm,nrank,0.2457516339869281,,collecTRI
4925,,,,gsea_norm,nrank,0.09934640522875816,,collecTRI
4926,,,,gsea_norm,nrank,0.9803921568627451,,collecTRI
4927,,,,gsea_norm,nrank,0.8784313725490196,,collecTRI
4928,,,,gsea_norm,nrank,0.07320261437908497,,collecTRI
4929,,,,gsea_norm,nrank,0.2679738562091503,,collecTRI
4930,,,,gsea_norm,nrank,0.011764705882352941,,collecTRI
4931,,,,gsea_norm,nrank,0.0784313725490196,,collecTRI
4932,,,,gsea_norm,nrank,0.8915032679738563,,collecTRI
4933,,,,gsea_norm,nrank,0.12156862745098039,,collecTRI
4934,,,,gsea_norm,nrank,0.02483660130718954,,collecTRI
4935,,,,gsea_norm,nrank,0.6627450980392157,,collecTRI
4936,,,,gsea_norm,nrank,0.032679738562091505,,collecTRI
4937,,,,gsea_norm,nrank,0.1437908496732026,,collecTRI
4938,,,,gsea_norm,nrank,0.10588235294117647,,collecTRI
4939,,,,gsea_norm,nrank,0.16601307189542483,,collecTRI
4940,,,,gsea_norm,nrank,0.23006535947712417,,collecTRI
4941,,,,gsea_norm,nrank,0.22091503267973855,,collecTRI
4942,,,,gsea_norm,nrank,0.04967320261437908,,collecTRI
4943,,,,gsea_norm,nrank,1.0,,collecTRI
4944,,,,gsea_norm,nrank,0.00261437908496732,,collecTRI
4945,,,,gsea_norm,nrank,0.050980392156862744,,collecTRI
4946,,,,gsea_norm,nrank,0.11895424836601307,,collecTRI
4947,,,,gsea_norm,nrank,0.06797385620915032,,collecTRI
4948,,,,gsea_norm,nrank,0.3137254901960784,,collecTRI
4949,,,,gsea_norm,nrank,0.036601307189542485,,collecTRI
4950,,,,gsea_norm,nrank,0.03398692810457516,,collecTRI
4951,,,,gsea_norm,nrank,0.33464052287581697,,collecTRI
4952,,,,gsea_norm,nrank,0.0457516339869281,,collecTRI
4953,,,,gsea_norm,nrank,0.21830065359477124,,collecTRI
4954,,,,gsea_norm,nrank,0.08104575163398693,,collecTRI
4955,,,,gsea_norm,nrank,0.06274509803921569,,collecTRI
4956,,,,gsea_norm,nrank,0.25359477124183005,,collecTRI
4957,,,,gsea_norm,nrank,0.08235294117647059,,collecTRI
4958,,,,gsea_norm,nrank,0.7594771241830065,,collecTRI
4959,,,,gsea_norm,nrank,0.4496732026143791,,collecTRI
4960,,,,gsea_norm,nrank,0.06013071895424837,,collecTRI
4961,,,,gsea_norm,nrank,0.11503267973856209,,collecTRI
4962,,,,gsea_norm,nrank,0.26405228758169935,,collecTRI
4963,,,,gsea_norm,nrank,0.00784313725490196,,collecTRI
4964,,,,gsea_norm,nrank,0.027450980392156862,,collecTRI
4965,,,,gsea_norm,nrank,0.09281045751633987,,collecTRI
4966,,,,gsea_norm,nrank,0.4,,collecTRI
4967,,,,gsea_norm,nrank,0.6457516339869281,,collecTRI
4968,,,,gsea_norm,nrank,0.27320261437908494,,collecTRI
4969,,,,gsea_norm,nrank,0.036601307189542485,,collecTRI
4970,,,,gsea_norm,nrank,0.054901960784313725,,collecTRI
4971,,,,gsea_norm,nrank,0.09934640522875816,,collecTRI
4972,,,,gsea_norm,nrank,0.17516339869281045,,collecTRI
4973,,,,gsea_norm,nrank,0.048366013071895426,,collecTRI
4974,,,,gsea_norm,nrank,0.31241830065359477,,collecTRI
4975,,,,gsea_norm,nrank,0.9803921568627451,,collecTRI
4976,,,,gsea_norm,nrank,0.09542483660130718,,collecTRI
4977,,,,gsea_norm,nrank,0.4261437908496732,,collecTRI
4978,,,,gsea_norm,nrank,0.6875816993464052,,collecTRI
4979,,,,gsea_norm,nrank,0.6875816993464052,,collecTRI
4980,,,,gsea_norm,nrank,0.06535947712418301,,collecTRI
4981,,,,gsea_norm,nrank,0.08104575163398693,,collecTRI
4982,,,,gsea_norm,nrank,0.0,,collecTRI
4983,,,,gsea_norm,nrank,0.030065359477124184,,collecTRI
4984,,,,gsea_norm,nrank,0.030065359477124184,,collecTRI
4985,,,,gsea_norm,nrank,0.02483660130718954,,collecTRI
4986,,,,gsea_norm,nrank,0.7934640522875817,,collecTRI
4987,,,,gsea_norm,nrank,0.36470588235294116,,collecTRI
4988,,,,gsea_norm,nrank,1.0,,collecTRI
4989,,,,gsea_norm,nrank,1.0,,collecTRI
4990,,,,gsea_norm,nrank,0.5529411764705883,,collecTRI
4991,,,,gsea_norm,nrank,0.7568627450980392,,collecTRI
4992,,,,gsea_norm,nrank,0.07712418300653595,,collecTRI
4993,,,,gsea_norm,nrank,0.6,,collecTRI
4994,,,,gsea_norm,nrank,0.00130718954248366,,collecTRI
4995,,,,gsea_norm,nrank,0.1503267973856209,,collecTRI
4996,,,,gsea_norm,nrank,0.3660130718954248,,collecTRI
4997,,,,gsea_norm,nrank,0.7895424836601307,,collecTRI
4998,,,,gsea_norm,nrank,0.6745098039215687,,collecTRI
4999,,,,gsea_norm,nrank,0.18823529411764706,,collecTRI
5000,,,,gsea_norm,nrank,0.3633986928104575,,collecTRI
5001,,,,gsea_norm,nrank,0.01699346405228758,,collecTRI
5002,,,,gsea_norm,nrank,0.05751633986928104,,collecTRI
5003,,,,gsea_norm,nrank,0.6339869281045751,,collecTRI
5004,,,,gsea_norm,nrank,0.5843137254901961,,collecTRI
5005,,,,gsea_norm,nrank,0.43529411764705883,,collecTRI
5006,,,,gsea_norm,nrank,0.006535947712418301,,collecTRI
5007,,,,gsea_norm,nrank,0.8705882352941177,,collecTRI
5008,,,,gsea_norm,nrank,0.05620915032679739,,collecTRI
5009,,,,gsea_norm,nrank,0.8352941176470589,,collecTRI
5010,,,,gsea_norm,nrank,0.6326797385620915,,collecTRI
5011,,,,gsea_norm,nrank,0.01045751633986928,,collecTRI
5012,,,,gsea_norm,nrank,0.10326797385620914,,collecTRI
5013,,,,gsea_norm,nrank,0.1934640522875817,,collecTRI
5014,,,,gsea_norm,nrank,0.3032679738562091,,collecTRI
5015,,,,gsea_norm,nrank,0.7241830065359477,,collecTRI
5016,,,,gsea_norm,nrank,0.742483660130719,,collecTRI
5017,,,,gsea_norm,nrank,0.8,,collecTRI
5018,,,,gsea_norm,nrank,0.10718954248366012,,collecTRI
5019,,,,gsea_norm,nrank,0.2823529411764706,,collecTRI
5020,,,,gsea_norm,nrank,0.06405228758169934,,collecTRI
5021,,,,gsea_norm,nrank,0.8993464052287582,,collecTRI
5022,,,,gsea_norm,nrank,0.1411764705882353,,collecTRI
5023,,,,gsea_norm,nrank,0.3686274509803922,,collecTRI
5024,,,,gsea_norm,nrank,0.7712418300653595,,collecTRI
5025,,,,gsea_norm,nrank,0.7581699346405228,,collecTRI
5026,,,,gsea_norm,nrank,0.17908496732026144,,collecTRI
5027,,,,gsea_norm,nrank,0.7764705882352941,,collecTRI
5028,,,,gsea_norm,nrank,0.047058823529411764,,collecTRI
5029,,,,gsea_norm,nrank,0.19869281045751633,,collecTRI
5030,,,,gsea_norm,nrank,0.08496732026143791,,collecTRI
5031,,,,gsea_norm,nrank,0.01045751633986928,,collecTRI
5032,,,,gsea_norm,nrank,0.06274509803921569,,collecTRI
5033,,,,gsea_norm,nrank,0.5477124183006536,,collecTRI
5034,,,,gsea_norm,nrank,0.13856209150326798,,collecTRI
5035,,,,gsea_norm,nrank,0.3503267973856209,,collecTRI
5036,,,,gsea_norm,nrank,0.7803921568627451,,collecTRI
5037,,,,gsea_norm,nrank,0.11764705882352941,,collecTRI
5038,,,,gsea_norm,nrank,0.17647058823529413,,collecTRI
5039,,,,gsea_norm,nrank,0.30196078431372547,,collecTRI
5040,,,,gsea_norm,nrank,0.9725490196078431,,collecTRI
5041,,,,gsea_norm,nrank,0.11895424836601307,,collecTRI
5042,,,,gsea_norm,nrank,0.39738562091503266,,collecTRI
5043,,,,gsea_norm,nrank,0.7320261437908496,,collecTRI
5044,,,,gsea_norm,nrank,0.07712418300653595,,collecTRI
5045,,,,gsea_norm,nrank,0.13333333333333333,,collecTRI
5046,,,,gsea_norm,nrank,0.01568627450980392,,collecTRI
5047,,,,gsea_norm,nrank,0.19738562091503267,,collecTRI
5048,,,,gsea_norm,nrank,0.054901960784313725,,collecTRI
5049,,,,gsea_norm,nrank,0.09542483660130718,,collecTRI
5050,,,,gsea_norm,nrank,0.01699346405228758,,collecTRI
5051,,,,gsea_norm,nrank,0.3137254901960784,,collecTRI
5052,,,,gsea_norm,nrank,0.21045751633986928,,collecTRI
5053,,,,gsea_norm,nrank,0.5686274509803921,,collecTRI
5054,,,,gsea_norm,nrank,0.8574231523871811,,collecTRI
5055,,,,gsea_norm,nrank,0.15294117647058825,,collecTRI
5056,,,,gsea_norm,nrank,0.4339869281045752,,collecTRI
5057,,,,gsea_norm,nrank,0.05620915032679739,,collecTRI
5058,,,,gsea_norm,nrank,0.047058823529411764,,collecTRI
5059,,,,gsea_norm,nrank,0.5202614379084968,,collecTRI
5060,,,,gsea_norm,nrank,0.00522875816993464,,collecTRI
5061,,,,gsea_norm,nrank,0.15555555555555556,,collecTRI
5062,,,,gsea_norm,nrank,0.00392156862745098,,collecTRI
5063,,,,gsea_norm,nrank,0.058823529411764705,,collecTRI
5064,,,,gsea_norm,nrank,0.4261437908496732,,collecTRI
5065,,,,gsea_norm,nrank,0.26666666666666666,,collecTRI
5066,,,,gsea_norm,nrank,0.11633986928104575,,collecTRI
5067,,,,gsea_norm,nrank,0.006535947712418301,,collecTRI
5068,,,,gsea_norm,nrank,0.07712418300653595,,collecTRI
5069,,,,gsea_norm,nrank,0.0915032679738562,,collecTRI
5070,,,,gsea_norm,nrank,0.023529411764705882,,collecTRI
5071,,,,gsea_norm,nrank,0.5215686274509804,,collecTRI
5072,,,,gsea_norm,nrank,0.45751633986928103,,collecTRI
5073,,,,gsea_norm,nrank,0.2758169934640523,,collecTRI
5074,,,,gsea_norm,nrank,0.06274509803921569,,collecTRI
5075,,,,gsea_norm,nrank,0.09281045751633987,,collecTRI
5076,,,,gsea_norm,nrank,0.06405228758169934,,collecTRI
5077,,,,gsea_norm,nrank,0.2784313725490196,,collecTRI
5078,,,,gsea_norm,nrank,0.469281045751634,,collecTRI
5079,,,,gsea_norm,nrank,0.6705882352941176,,collecTRI
5080,,,,gsea_norm,nrank,0.6745098039215687,,collecTRI
5081,,,,gsea_norm,nrank,0.5254901960784314,,collecTRI
5082,,,,gsea_norm,nrank,0.040522875816993466,,collecTRI
5083,,,,gsea_norm,nrank,0.027450980392156862,,collecTRI
5084,,,,gsea_norm,nrank,0.2928104575163399,,collecTRI
5085,,,,gsea_norm,nrank,1.0,,collecTRI
5086,,,,gsea_norm,nrank,0.04967320261437908,,collecTRI
5087,,,,gsea_norm,nrank,0.857516339869281,,collecTRI
5088,,,,gsea_norm,nrank,0.09019607843137255,,collecTRI
5089,,,,gsea_norm,nrank,0.29934640522875816,,collecTRI
5090,,,,gsea_norm,nrank,0.1934640522875817,,collecTRI
5091,,,,gsea_norm,nrank,0.0,,collecTRI
5092,,,,gsea_norm,nrank,0.7516339869281046,,collecTRI
5093,,,,gsea_norm,nrank,0.44575163398692813,,collecTRI
5094,,,,gsea_norm,nrank,0.0196078431372549,,collecTRI
5095,,,,gsea_norm,nrank,0.7006535947712418,,collecTRI
5096,,,,gsea_norm,nrank,0.8287581699346406,,collecTRI
5097,,,,gsea_norm,nrank,0.12287581699346405,,collecTRI
5098,,,,gsea_norm,nrank,0.1450980392156863,,collecTRI
5099,,,,gsea_norm,nrank,0.7202614379084967,,collecTRI
5100,,,,gsea_norm,nrank,0.13725490196078433,,collecTRI
5101,,,,gsea_norm,nrank,0.07450980392156863,,collecTRI
5102,,,,gsea_norm,nrank,0.32287581699346407,,collecTRI
5103,,,,gsea_norm,nrank,0.21176470588235294,,collecTRI
5104,,,,gsea_norm,nrank,0.10457516339869281,,collecTRI
5105,,,,gsea_norm,nrank,0.1542483660130719,,collecTRI
5106,,,,gsea_norm,nrank,0.23398692810457516,,collecTRI
5107,,,,gsea_norm,nrank,0.6666666666666666,,collecTRI
5108,,,,gsea_norm,nrank,0.050980392156862744,,collecTRI
5109,,,,gsea_norm,nrank,0.05228758169934641,,collecTRI
5110,,,,gsea_norm,nrank,0.8483660130718954,,collecTRI
5111,,,,gsea_norm,nrank,0.03479973736047275,,collecTRI
5112,,,,gsea_norm,nrank,0.5228758169934641,,collecTRI
5113,,,,gsea_norm,nrank,0.01699346405228758,,collecTRI
5114,,,,gsea_norm,nrank,0.7934640522875817,,collecTRI
5115,,,,gsea_norm,nrank,0.22745098039215686,,collecTRI
5116,,,,gsea_norm,nrank,0.6601307189542484,,collecTRI
5117,,,,gsea_norm,nrank,0.3660130718954248,,collecTRI
5118,,,,gsea_norm,nrank,0.8588235294117647,,collecTRI
5119,,,,gsea_norm,nrank,0.526797385620915,,collecTRI
5120,,,,gsea_norm,nrank,0.41568627450980394,,collecTRI
5121,,,,gsea_norm,recall,1.0,0.0013054830287206266,collecTRI
